player_name,video_id,comment_id,comment_text
Boaster,F12AwIyNFh4,UgxBHox5AcZtnsMJaoJ4AaABAg,"You know you have achieved a new lvl of troll, when you troll tenz"
Boaster,F12AwIyNFh4,UgyT49mqgn58BRgGOBJ4AaABAg,This is why we love boaster
Boaster,F12AwIyNFh4,UgxVKoXXwRtZSVqIqZp4AaABAg,"He said ""FUCK"" On that miss 😂😂😂"
Boaster,F12AwIyNFh4,Ugw635DBI2IlobIAEsh4AaABAg,That troll part still better than me. 😂
Boaster,F12AwIyNFh4,UgzMaklsnXyAldrkHYx4AaABAg,"He is almost as fast as me, I am a little bit slower tho"
Boaster,F12AwIyNFh4,Ugz-3jaGeWeKqJiRc5x4AaABAg,Blud boasting Lmao 😂🤣
Boaster,F12AwIyNFh4,UgxGqWahtDskfY3R_6l4AaABAg,"""He's probably gonna try hard on this one because he knows we're watching.""
""I'm about to pull what's called a pro gamer move."""
Boaster,F12AwIyNFh4,UgzaCk-txOJMb6Qs9AR4AaABAg,The fact that he is trolling but still got more aim than me is concerning
Boaster,F12AwIyNFh4,UgxSAFEnm_ys02aZjHB4AaABAg,The look from boaster lmao
Boaster,F12AwIyNFh4,UgzJ8eZWGexYXQGGVgF4AaABAg,Still better than me💀
Boaster,F12AwIyNFh4,Ugwy-JIb9GRYZNescnt4AaABAg,we need tenz to see LOUD aspas trolling doing aim lab
Boaster,F12AwIyNFh4,Ugx2XXRbF1Xo6s2wneN4AaABAg,My man goes around winning trophies and still finds time to troll people and create an entertaining environment.
Boaster,F12AwIyNFh4,Ugx8_eRq1ZMcNbywql94AaABAg,I troll every game and no one expects it
Boaster,F12AwIyNFh4,Ugwja61VZLfdA-mQNYB4AaABAg,This is how it would look me doing my best
Boaster,F12AwIyNFh4,UgziV1xOz7B5nCpn4qp4AaABAg,nadia be like:
Boaster,F12AwIyNFh4,Ugz246izkhBd5zHhBMl4AaABAg,Michael is so majestic 🚡🚡🚡🚡🚡🚡
Boaster,F12AwIyNFh4,Ugxmd9l8tEZnJ04hexd4AaABAg,He was actually going so fast that our eyes couldnt comprehend what was happening making it look slow
Boaster,F12AwIyNFh4,UgyD1KWZmZCh-fDJ4mB4AaABAg,Those laughing sounds in the back make me want to head up to my balcony and take a leap
Boaster,F12AwIyNFh4,UgwNjV3zUdJF4Vq037V4AaABAg,How did even Tenz fall for a troll move like that? I can understand the announcers being trolled but Tenz?
Boaster,F12AwIyNFh4,Ugzt8pncihPVeLE17W14AaABAg,"they call someone faster than me ""trolling"" 💀"
Boaster,F12AwIyNFh4,Ugz2vkO8dI3f4bLvTbZ4AaABAg,"Fun fact - He is not trolling, thats the real boaster"
Boaster,F12AwIyNFh4,UgwSkkSWuDYAGI9Ggnp4AaABAg,The fact that this is the level of smurfs in my rank is concerning 😢😭😭
Boaster,F12AwIyNFh4,UgyHCKq51ngLF8gRBBl4AaABAg,Plot twist: he wasn’t trolling
Boaster,F12AwIyNFh4,Ugw-HXjqGnn7DqQ9joh4AaABAg,Bros trolling and looks exactly like me trying my absolute hardest on aimlabs. I didn’t even realize he was trolling at first 💀
Boaster,F12AwIyNFh4,UgycjVwzR1WIah8Rgct4AaABAg,the aggravated  side eye 🤣🤣👀
Boaster,F12AwIyNFh4,UgxnBK3D_kQy4xtwo1h4AaABAg,If that's what pro's look like when trolling... WTF am i? 😢
Boaster,F12AwIyNFh4,UgyDgZrQDWiSvlDOLoV4AaABAg,After seeing his performance in the drx game this is accurate
Boaster,F12AwIyNFh4,Ugz1QQ-7XI0PoksFZRl4AaABAg,"I fucking love it when like, pros and shit can like, do shit like this, be funny, joke around, it eases all the seriousness, like yes, we know mfs are gonna be cracked in pro league for different sports or whatever, let's have a good match, let's be respectful, etc etc

Especially in this case, like bruh we playin a video game as serious as possible, of course let's ease up a bit, share a laugh! And no, I'm not saying, it's just a game, I'm sayin, at the end of the day it's a video game, so it's absolutely okay to have fun 🙏🏾"
Boaster,F12AwIyNFh4,UgwYdrWIj3SLmxqt4654AaABAg,Bro when I first saw this I couldn’t stop laughing lmaoo
Boaster,F12AwIyNFh4,Ugzz-R4OidrbBg6HYhB4AaABAg,"""Son, in order to be like me you have to climb the ladder. Or in my case fall down 34 flights of stairs"""
Boaster,F12AwIyNFh4,UgybroVWdWrbyf5tMW54AaABAg,"Accuracy over speed.

Respectable"
Boaster,F12AwIyNFh4,UgyPHqRvcCa6srJWVWJ4AaABAg,Tenz brain started rebooting he was such disbelief 😂
Boaster,F12AwIyNFh4,UgyRKlrsP2tZps_ioOh4AaABAg,The frustration for missing on purpose is killing me 💀💀💀💀💀💀
Boaster,F12AwIyNFh4,Ugz9mZ2gPzHSd4Rjq_x4AaABAg,Everyone calling this aim trash when this is litterally me 😭
Boaster,F12AwIyNFh4,UgyzjPOUCajdk9nVIkZ4AaABAg,Even after trying he was still slow af lmao
Boaster,F12AwIyNFh4,UgyuI7VS9LZc_Q87-k14AaABAg,"""oh right yeah"" was the moment of realization"
Boaster,F12AwIyNFh4,Ugx-V9huqQHMv7U3gOp4AaABAg,bro thats how i aim🥲
Boaster,F12AwIyNFh4,UgwiZRLyI1-Z8p2ioZN4AaABAg,Him missing still and getting flabbergasted lmaooo too funny
Boaster,F12AwIyNFh4,UgxUZ8mAK8eNlvhynTJ4AaABAg,Camera though :- pls do not fire me for this
Boaster,F12AwIyNFh4,UgwbbaVT4L1iobGSU_l4AaABAg,"Imagine if he suddenly pop all those dot in quick session, all of us watching would be speechless"
Boaster,F12AwIyNFh4,UgyxuX940_-auv4xTYJ4AaABAg,nah bro was trollin wit everyone that even tenz was flabbergasted of what he was watching
Boaster,F12AwIyNFh4,Ugx581BzspC1E5UHmUB4AaABAg,when u realize boaster is the real roaster :)
Boaster,F12AwIyNFh4,UgzXHmTfSAeZlAKoZ0h4AaABAg,The fact that they’re laughing at what I thought was good means I should sell all my accounts
Boaster,F12AwIyNFh4,Ugz4qepbr6kYmrdlzQl4AaABAg,the funny thing is that u can still see he has really good mouse control despite the trolling 😂
Boaster,F12AwIyNFh4,Ugw5YU2O3KCFs61U6VZ4AaABAg,"the women ask ""what is he doing""

have similar tune to ""what are you doing,step-bro"""
Boaster,F12AwIyNFh4,UgxrOu6YgcECFlQtttl4AaABAg,Miyagi method aim training approved 👍
Boaster,F12AwIyNFh4,UgygagKJ-9lTP8-j-EV4AaABAg,"""he's probably gonna try hard in this one"""
Boaster,F12AwIyNFh4,UgxpR1APKfS7S93llmd4AaABAg,Now he got something new to Boast absout
Boaster,F12AwIyNFh4,UgzTwkWvlFxK_TV4iSN4AaABAg,the way he trolls is the way im actually aiming when playing fps in serious mode. im suck but love fps game
Boaster,F12AwIyNFh4,Ugyk313YM2v3vN8jqWt4AaABAg,"Aspas did the same thing, kinda funny since he actually says he never trains aimlab, he like just plays the game. So kinda makes sense lol"
TenZ,793qx_bVULs,UgzVojlh9NS2qlhQyV14AaABAg,"The iso was banned on stream, you can check it for yourself."
TenZ,793qx_bVULs,UgzC4KMyBbgTUgMPBLt4AaABAg,you should see his tier 2 flick
TenZ,793qx_bVULs,UgxZ74LvmceskZmcxrJ4AaABAg,Tenz finally finds out how it feels when he smurfs on my bronze lobbies
TenZ,793qx_bVULs,Ugz4xz2mIuC2Z3ZPagJ4AaABAg,no dude the tier 2 flick was just
TenZ,793qx_bVULs,UgxEjGIbd4q7I7pzCOp4AaABAg,The tier 2 flick was more insane he got sat down 😂
TenZ,793qx_bVULs,UgxhCj-7Y15azwHi7Th4AaABAg,Average flicks in my unranked lobby's:
TenZ,793qx_bVULs,UgzjmnbnOJ-GtKSOln94AaABAg,typa flicks that gets me in every rank up match
TenZ,793qx_bVULs,UgzGHuGInz1EEjZerVx4AaABAg,"One might say ""taste of his own medicine"""
TenZ,793qx_bVULs,UgxzOO28U8xV-lA6SFt4AaABAg,"Finally...coffin flick, it doesn't give you time to get to the hospital, you go straight in the box."
TenZ,793qx_bVULs,UgxHOz_agi3k61LhXdB4AaABAg,sen tenz vs ten sens (the iso got banned)
TenZ,793qx_bVULs,UgylDAtCdil5nnPwlRB4AaABAg,sounds like hiko mid doors flick in csgo
TenZ,793qx_bVULs,UgxF8OcfOqIGOsLOmwh4AaABAg,His new YouTube is elevenZ and we still all now him as tenZ
TenZ,793qx_bVULs,Ugz-BOa120RZF_q5BpV4AaABAg,The content is amazing I will come back to watch it again.
TenZ,793qx_bVULs,UgzltWnX3Vc7W-cPfbh4AaABAg,"Jin, felicidades amigo, si alguien merece una segunda oleada eres tu, disfrutalo  👍"
TenZ,793qx_bVULs,UgxAdL-i39NnREHixTt4AaABAg,"The iso was hacking btw











(Iso got banned on stream after the game)"
TenZ,793qx_bVULs,UgxIBHltdF_NpPU2Rbp4AaABAg,That crooked mirror behind travis is killing me
TenZ,793qx_bVULs,UgwOPDVzGFvrNHxorYB4AaABAg,Tasting his own medicine got true
TenZ,793qx_bVULs,UgxaT4rw8ijCrF2dIad4AaABAg,average frankfurt experience
TenZ,793qx_bVULs,UgzyNwoE9qojRTKjMlN4AaABAg,People be flicking on me like this all the time
TenZ,793qx_bVULs,Ugx44mlhuMqC9xaH7El4AaABAg,Average Swift Play Enemy
TenZ,793qx_bVULs,Ugyz51DKqB5i2HrlyDB4AaABAg,thats something id hit accidently panic spraying knowing i can not get it normally
TenZ,793qx_bVULs,UgzZIhCBmVZmCulZ6f14AaABAg,The enemy iron 3 in my rankup game:
TenZ,793qx_bVULs,UgxYNwaJTT80gLkQczd4AaABAg,Crazy flick 😭
TenZ,793qx_bVULs,UgyzGDLH9uIkQBBnZNt4AaABAg,it was nawy
TenZ,793qx_bVULs,UgwID8tXdu7ViOQfKTF4AaABAg,i can't believe he would miss a shot cos never
TenZ,793qx_bVULs,Ugy54PLm0gH1YIxTJwh4AaABAg,Tenz finally gets how it feels to be tenzed
TenZ,793qx_bVULs,UgzRovIN5ZQVq8ssDwl4AaABAg,"I was there, and it was..."
TenZ,793qx_bVULs,UgwZcBhRl9WG3sZzsLN4AaABAg,WHAT is definitely a word 😂
TenZ,793qx_bVULs,UgwamgHBA5MrASyy6Ud4AaABAg,That was me
TenZ,793qx_bVULs,Ugzg4sxbi1Xjd1_-WMd4AaABAg,oh now I know why some people dont die in the games. I thought that they were just using some skills lol (Im beginner btw)
TenZ,793qx_bVULs,UgweJINryTNbP23Ib7t4AaABAg,he sued and won 51 million
TenZ,793qx_bVULs,UgzdeP7eDVaCy5Aq-DJ4AaABAg,normal day in apac plat
TenZ,793qx_bVULs,Ugx_t2ubige8uECKMlV4AaABAg,Es como cuando Stephen curry falla un triple y automáticamente detecta q no es su culpa
TenZ,793qx_bVULs,UgyUnb1k3IJwzEyzzbh4AaABAg,Kaajak flicked a little bit harder on tenz the other day
TenZ,793qx_bVULs,Ugxt3MXiIH8ODBbHjaV4AaABAg,Yea after today's madas flick he forgot this one ngl
TenZ,793qx_bVULs,Ugx06d8i3OS795T5ybp4AaABAg,but this always happens to me
TenZ,793qx_bVULs,UgwextJQqzTOUOmrOjZ4AaABAg,Bro it happens I. My iron lobbies all the time
TenZ,793qx_bVULs,UgxizU0U35M8eCR8ZP94AaABAg,It was me 😅
TenZ,793qx_bVULs,UgzbcG3Cqy8sD5cit_x4AaABAg,Average gold lobby in Frankfurt ngl
TenZ,793qx_bVULs,UgxguAaAczbpPdXP2AF4AaABAg,Tenz vs mada
TenZ,793qx_bVULs,UgxXBZgw5wQH47MUXPJ4AaABAg,Meanwhile my silver lobbies
TenZ,793qx_bVULs,UgydJu6lCmRd8mCCQQB4AaABAg,bro if you are at that level iso is just a free win*
TenZ,793qx_bVULs,Ugx_3x3KUjomirFOPHd4AaABAg,Slow mo that isso how many frames did it take
TenZ,793qx_bVULs,UgwMk08ghz72i2OYGId4AaABAg,wow
TenZ,793qx_bVULs,UgxUJRZKB90h7wVY8Dt4AaABAg,Wow
TenZ,793qx_bVULs,UgyGtH8TJo99wuDfy5F4AaABAg,I’ve been flicked like that on console💀
TenZ,793qx_bVULs,UgxgRdbBRRa57l8heo94AaABAg,"iv actually done smth like that... about 120% flick, and yet im bronze"
TenZ,793qx_bVULs,UgyPTKTv4_bj4mkBvTd4AaABAg,Man was flicked on by ab ex siege player
TenZ,793qx_bVULs,UgyFSLbkUUmR44xPPY54AaABAg,If he decides to play in my gold lobby he will get killed like that 10 times in the same game
TenZ,793qx_bVULs,UgwUnDAGmbj3Lfb9dBN4AaABAg,Watch the latest clip when nrg mada flicked one tapped tenz in blind
TenZ,NEaH4KdToJ4,UgxFvGJ69_qEsSCA6QZ4AaABAg,Bro forgot kayedae for a sec
TenZ,NEaH4KdToJ4,UgzsikBTDItSusCBoch4AaABAg,It seems that tenz really wanted it to happen..
TenZ,NEaH4KdToJ4,Ugwk6YiKN-WvsajFmQd4AaABAg,Tenz rly said nooooo so close💀💀
TenZ,NEaH4KdToJ4,Ugzyb3EbtFNoA0z2HB54AaABAg,Asuna almost had a cold sweat
TenZ,NEaH4KdToJ4,UgxqDmdPetB9eFnXSi94AaABAg,Bro locked tf in once he heard that 😭🤣
TenZ,NEaH4KdToJ4,UgzOM5UjB4Z8nUOriNF4AaABAg,Tenz trying too hard 😂
TenZ,NEaH4KdToJ4,UgwGWdLggHPZILq6zV14AaABAg,if he didn’t use dismiss he wouldve had it
TenZ,NEaH4KdToJ4,Ugwh4ptVUDVVuE7lYJ54AaABAg,“wrapping main”😭
TenZ,NEaH4KdToJ4,Ugy8Sad0dxKeNXbvSmB4AaABAg,"For a moment...To Tenz,  Asuna seemed more beautiful than Keydae 😂😂"
TenZ,NEaH4KdToJ4,UgypxatNB3yhJoZDcrR4AaABAg,"I watched this clip live, it was insane. The dismiss sold the round but still insane regardless"
TenZ,NEaH4KdToJ4,Ugz_8zlJ83kwC_1d3Gt4AaABAg,That dismiss at the end sold him 😭💀
TenZ,NEaH4KdToJ4,Ugw3aqDOBJm9OClhaZh4AaABAg,Y'all don't understand that this had the potential of being THE BEST valorant clip of all time.
TenZ,NEaH4KdToJ4,UgxW5xPuWtx7cS3iDoR4AaABAg,Bro was motivated😂
TenZ,NEaH4KdToJ4,UgysORJKSW9UD-DrOnl4AaABAg,That unnecessary dismiss at the end was the amount of time difference needed for the defuse.
TenZ,NEaH4KdToJ4,Ugw-C5il0bpJvksFDiB4AaABAg,Tenz disappointed 😂😂
TenZ,NEaH4KdToJ4,UgzpXHtVpMEWCRWvXQR4AaABAg,He wanted it fr fr
TenZ,NEaH4KdToJ4,UgyTz0UWERTZLlCidXl4AaABAg,"He dismissed on purpose, the bet was too dangerous"
TenZ,NEaH4KdToJ4,UgzyyJxa1YzQmlHlu_p4AaABAg,Bro was dying for that bet to hit 💀
TenZ,NEaH4KdToJ4,Ugwi-xtl5LKFAuzswUJ4AaABAg,Tenz really wanted that with the noooo
TenZ,NEaH4KdToJ4,Ugwc97MMfCeGlTPzNrF4AaABAg,"""close left close left..""... ""Wrapping you wrapping you"" lol."
TenZ,NEaH4KdToJ4,UgzKTmD9FrhCS4mb6dp4AaABAg,His face went tryhard mode when he heard that
TenZ,NEaH4KdToJ4,UgyyJbNkzT1EFB2IwZN4AaABAg,"Broooooo he lost because of the wrong info at the end, he was very close"
TenZ,NEaH4KdToJ4,UgzBZ-hXK-Dpi6GtjUp4AaABAg,Bro locked in as soon as he heard the proposition
TenZ,NEaH4KdToJ4,UgwJ3LZso6u_tAy-Qyp4AaABAg,Bro really wanted that from asuna
TenZ,NEaH4KdToJ4,Ugz0BdOl_AXCESj90ZB4AaABAg,"If he didnt dismissed , he could have gotten it"
TenZ,NEaH4KdToJ4,UgzPzKU29_3GuqXqzYJ4AaABAg,He made an evil smile face after the bet was made
TenZ,NEaH4KdToJ4,UgwwYjKTiO7zrHEmfDx4AaABAg,Tenz forgot his Onahole for a sec after that offer
TenZ,NEaH4KdToJ4,UgyI9e6cu3fS9xYuIft4AaABAg,"Tenz if he won the bet:
""GIVE ME THAT MOUTH"""
TenZ,NEaH4KdToJ4,Ugxr0jd5c_J4qCfX-VB4AaABAg,"""Noooooo""☠️☠️ Tenz what do you by that???"
TenZ,NEaH4KdToJ4,UgyO_UGp30uRULTPcyp4AaABAg,That reaction at the end was his quota of personality for the month 🤣
TenZ,NEaH4KdToJ4,UgwmUZKFtvYVbUTXQSJ4AaABAg,Tenz locked in after that
TenZ,NEaH4KdToJ4,UgyEj-rj87ifoWdcJ_B4AaABAg,Bro was locked innnnn
TenZ,NEaH4KdToJ4,UgyvaK_k2NBgGxpMXtR4AaABAg,"“that was so close” 
He wanted it"
TenZ,NEaH4KdToJ4,Ugy9ousNKB2pTWvTfyJ4AaABAg,Tenz missed out on that asuna special
TenZ,NEaH4KdToJ4,Ugy7rjbv8EQR-r4cDwJ4AaABAg,Bro locked in when asuna said that
TenZ,NEaH4KdToJ4,UgwO8xL8TXVqPDE_nV14AaABAg,Bro was saved by 0.2 second
TenZ,NEaH4KdToJ4,UgxV6bs0OXx9iS9dXo14AaABAg,You guys didn't see him break fade eye with last awp shot
TenZ,NEaH4KdToJ4,UgzIEMmYZDnSqqb1cDh4AaABAg,Even Asuna got sad when he lost
TenZ,NEaH4KdToJ4,Ugz-3jdJrckOCodWxRd4AaABAg,That was so close to ahmmm....😅😂😂
TenZ,NEaH4KdToJ4,UgxmO9Ao9C_i6P2TF714AaABAg,"""that was so close""💀"
TenZ,NEaH4KdToJ4,UgwzwcmsZ_XZo4yOy_p4AaABAg,Asuna ready to take back what he said after the third shot😂
TenZ,NEaH4KdToJ4,Ugz4HetRYwHZIL9A1LB4AaABAg,That last dismiss caused it
TenZ,NEaH4KdToJ4,UgycEqQ_h-o-8u6mvdl4AaABAg,"He help you tho, for reminding have 1 bullet😂"
TenZ,NEaH4KdToJ4,UgwxGLGt-ge4FlVGSMp4AaABAg,Bro look at his face. That anger
TenZ,NEaH4KdToJ4,UgzSSfnh7HxCYnTnpXR4AaABAg,bro sounded like he wanted that XD
TenZ,NEaH4KdToJ4,Ugy5RMp0Db0zkoyF5dV4AaABAg,"Nah, he's 24/7 locked in, you can see it in his face"
TenZ,NEaH4KdToJ4,Ugzts7iuDRLQmcrH9YZ4AaABAg,Never saw tenz trying so hard for that head
TenZ,NEaH4KdToJ4,Ugyugt1zB7jb9H_erVF4AaABAg,Bro was mad locked in for that last kill he had veins popping in his neck😭
TenZ,NEaH4KdToJ4,UgwYk0z4EbLQHN5xi8N4AaABAg,asuna after tenz kill 3 : ouh wait wait (about to take his word back) 😂🤣
TenZ,NEaH4KdToJ4,UgxPDOHOrytRRKobVeN4AaABAg,bro was ready for that gwak gwak 100t
TenZ,_qRxvsxHgEg,UgybqQRv0bZ0A5lvez14AaABAg,MAKE SURE TO CHECK OUT “TENZ” ON ALL SOCIALS IF YOU HAVENT ALREADY
TenZ,_qRxvsxHgEg,Ugz07EiuNkeq2fJy2C14AaABAg,"""gets flashed""
""Reads chat""
""Hits insane one tap""
""Hits another insane one tap""
""Reads chat""
""Realises he hit insane one tap""
All this in 8 seconds"
TenZ,_qRxvsxHgEg,UgyM3NWGr0CUqG6BUCB4AaABAg,The craziest thing is that almost all of his plays are against professional people.
TenZ,_qRxvsxHgEg,Ugypl4NXnlpVlWg0z2B4AaABAg,bro is smurfing in radiant and Esports
TenZ,_qRxvsxHgEg,UgwwRwNmiixd0bSe_PR4AaABAg,19:03 “who are they peeking??” goat fr
TenZ,_qRxvsxHgEg,UgxCm5ScOWWCA-od73J4AaABAg,0:13 1st time seeing bro surprised at his own ace
TenZ,_qRxvsxHgEg,UgyGd__kWUM8tN1mJEV4AaABAg,"I WISH I WAS HALF THAT GOOD IN ANY GAME HOLY SHIT 
This is actually the first time I see anything of him I heard he’s good but this is cracked af"
TenZ,_qRxvsxHgEg,UgxyCFZRsnyLg8Mj8Tp4AaABAg,5:12 people went crazy 🔥
TenZ,_qRxvsxHgEg,UgwGUbr4QytFULDtp6x4AaABAg,"3:27 tenz, stop killing agents and tell me why they reached radiant without knowing how to play the game"
TenZ,_qRxvsxHgEg,Ugxix2SsaQARCV08BsZ4AaABAg,9:16 preside gunplay
TenZ,_qRxvsxHgEg,UgxyXDXIkKEQEmEwAk94AaABAg,8:47 dashing at the wall at an angle to get the boost to wide peak and get to the next wall is so freaking smart..
TenZ,_qRxvsxHgEg,UgyBw5zN1EL90pCods14AaABAg,I miss her back to vct 💀
TenZ,_qRxvsxHgEg,UgwGwyW2rL_chv47EAh4AaABAg,TenZ is the goat idc what people say
TenZ,_qRxvsxHgEg,UgwnHWuW_iKo9cHS6_p4AaABAg,i think faker and tenz are robots made by riot games to be the iconic player of each game
TenZ,_qRxvsxHgEg,UgwZw4TI6PoQraLZmUh4AaABAg,19:40 We're all gonna pretend we didn't see that...
TenZ,_qRxvsxHgEg,UgwgpIWEBA61vUR9FMd4AaABAg,"2:48
this is such a nice reaction to this beautiful clip"
TenZ,_qRxvsxHgEg,UgxxYWF3BxCQ9-vYCwt4AaABAg,Most entertaining player to watch be it pro matches or ranked streams !
TenZ,_qRxvsxHgEg,UgxKrLA5IH4CUO9pdKR4AaABAg,18:07 - That's got to be the most locked in TenZ i have ever seen in my life
TenZ,_qRxvsxHgEg,UgzAnXG2OHig7l-0Byp4AaABAg,"19:37 
50 times tenz prroves hes the goat"
TenZ,_qRxvsxHgEg,Ugy1VooNZZPOeuIPLFF4AaABAg,Prime Tenz was the furthest anyone has ever been ahead of the rest of the playerbase
TenZ,_qRxvsxHgEg,Ugz5EqDj_DFxshg6UXV4AaABAg,7:12 bro just casually walking ahead of the drone
TenZ,_qRxvsxHgEg,UgxSVlEqRHjRsPjRpLx4AaABAg,"14:44, ah he almost done the job for that guy to be ready, unlucky for tenz :("
TenZ,_qRxvsxHgEg,UgzMa35FcHMDeXe-2Mx4AaABAg,Never seen anything Tenz before. He plays like the reincarnation of Shroud. It's beautiful
TenZ,_qRxvsxHgEg,UgxJBEOwxOZtaa9UbGd4AaABAg,0:33 this in is just crazy my gawd 2 shots in row
TenZ,_qRxvsxHgEg,UgzzbkuAhF-D1zrMFF14AaABAg,"That's what TenZ do, destroying the vocal cords of the commentator"
TenZ,_qRxvsxHgEg,UgwB-24C1sPfhcYCOOh4AaABAg,"8:12 I would never see that dude, like yeah he’s there but so far to the left in peripheral view"
TenZ,_qRxvsxHgEg,UgzFF_3x4WFshf8Qf394AaABAg,"Tenz's, ""Who are they peeking?"" is one of the most iconic Tenz moment's ever. Change my mind"
TenZ,_qRxvsxHgEg,UgzrHg_1oiyWb83acCx4AaABAg,"6:33 ""its you tenz, he him, he's absolutely him"""
TenZ,_qRxvsxHgEg,Ugx8HzGN08gJFqlChcJ4AaABAg,0:30  That kinda headshot is rare and it looks crazy  💀
TenZ,_qRxvsxHgEg,UgzjokeSXTDdIY6BMVx4AaABAg,"@ 3:07 when kydae says ""you got vandal"" all i can think of is ""he knows"""
TenZ,_qRxvsxHgEg,Ugzx4HYtiGcSA3EjUrl4AaABAg,the fact that half of these are in official tournaments is crazy
TenZ,_qRxvsxHgEg,Ugx8MGfneCXlnAm5E7l4AaABAg,Tenz is John Wick of Valorant
TenZ,_qRxvsxHgEg,UgzRdkbE9HsQA_Y91Qx4AaABAg,9:17 spray is just so accurate
TenZ,_qRxvsxHgEg,UgxTdc6zY0Ajyt-L0qp4AaABAg,2:54 OOOOOOOOUGGGGGGGHHHHHHH
TenZ,_qRxvsxHgEg,UgyG8JgLjM8d7N9-WBV4AaABAg,3:32 it just everyone- bro stops talking and locked in 😭🙏
TenZ,_qRxvsxHgEg,Ugz5qor0k-iv9zoMWid4AaABAg,0:29 best play i have ever seen
TenZ,_qRxvsxHgEg,UgwaY2rNFhyFF-U6cAx4AaABAg,Typa players I come across after a long day of work
TenZ,_qRxvsxHgEg,UgxZH1cjTMyG88YDvAx4AaABAg,Me watching this With the thought that I never will be this good 👁️👄👁️
TenZ,_qRxvsxHgEg,UgzfX7okPZFBRC71q5Z4AaABAg,You are not improving as a player you are already at the peak perfection
TenZ,_qRxvsxHgEg,UgyU3d_Bma1BnG0p1f54AaABAg,"19:37 😂
Who are they peeking"" never get old"
TenZ,_qRxvsxHgEg,UgxJTl4V5LiWL_5Jekh4AaABAg,0:38 THAT SHIT WAS ABSOLUTELY INSANE
TenZ,_qRxvsxHgEg,UgyLec7OvraqsVj-iOV4AaABAg,19:20 using the frenzy like a vandal😢😅
TenZ,_qRxvsxHgEg,Ugx3aNwUfe54wUSTSlB4AaABAg,That op shot in 8:27 was something else
TenZ,_qRxvsxHgEg,Ugyws6SoOYpIQf5H8ol4AaABAg,Dude TENz  created the game Valorant.
TenZ,_qRxvsxHgEg,UgwuyjqoKZ8eoVL06Fd4AaABAg,1:26 tenz.. just flexing now)
TenZ,_qRxvsxHgEg,UgzTxmQUE_T1Bl9Y03Z4AaABAg,He's not human . dang TenZ you're a god <3
TenZ,_qRxvsxHgEg,Ugzps7gMsLEB3eYMy9R4AaABAg,"""so... everyone..."" *aces*""well, but , idk, so yeah , everyone in ranked"""
TenZ,_qRxvsxHgEg,UgxUxKEpdFed4gzbCZF4AaABAg,0:28 is the best clip in the whole of valorant
TenZ,_qRxvsxHgEg,Ugw-Oe3Nu3ryLUzytbB4AaABAg,Broooooo he's insane 💀🔥
TenZ,_qRxvsxHgEg,UgykNGiymn-HyF0dCfx4AaABAg,"TenZ is that ""i miss her' jett"
something,O8G2-UNejb0,UgzBVplLYU6efO6AxhZ4AaABAg,raze doing yoru cosplay aint no way
something,O8G2-UNejb0,UgyI_NJHlWrntGQUiht4AaABAg,It was just a yoru clone disguised as a raze
something,O8G2-UNejb0,UgzFkWxc-s6bPN3U1Gl4AaABAg,“Added Schizophrenic effect after playing for more then 8 hours”
something,O8G2-UNejb0,UgzCL8Z2fGlbA_b1CCJ4AaABAg,PRX something saw something
something,O8G2-UNejb0,UgwTMdC2XPdy8hxdNwp4AaABAg,"""BEHIND YOU BLYAT!"""
something,O8G2-UNejb0,UgxfDb6BWvVd7NHX1894AaABAg,"Well he still right, raze was in fact b"
something,O8G2-UNejb0,Ugw3mePgZjfOL0H1E4R4AaABAg,Yoru unlock his mask full power
something,O8G2-UNejb0,UgzfpD8NU0UWv2BDnf54AaABAg,"Ah yes, the random blyat thrown in there 😂"
something,O8G2-UNejb0,UgwnsJP_N_rb18vbqQ54AaABAg,When he said “HaAAhhhhhh” is something else
something,O8G2-UNejb0,Ugy9JsOleRaIWIVpK4t4AaABAg,Yoru be like: Gentlemen!
something,O8G2-UNejb0,UgwKAX6CDpTFtuwGCCt4AaABAg,"Your clone: 😅
Raze clone: ☠️"
something,O8G2-UNejb0,UgzmwYzm8eXr6RqcMsh4AaABAg,That Raze is gonna put Yoru out of a job XD
something,O8G2-UNejb0,UgzIAy3YnWAZ-D4SQTF4AaABAg,Raze clones are the new meta
something,O8G2-UNejb0,UgzoZnG9tKk2m7ghlut4AaABAg,Blyat is always good
something,O8G2-UNejb0,UgwKiucKRPzCIrGgfiZ4AaABAg,The Yoru main player forgot his using Raze😂
something,O8G2-UNejb0,UgxoVjCXMGeBnl4Yu4t4AaABAg,"This happen to me when my team killed the enemy kayo, the kayo after getting killed still got animation like walking and aiming but its actually dead and everyone on my team and enemy team also see the kayo bugged too"
something,O8G2-UNejb0,UgxBegAcoKhoAfb4H854AaABAg,Bros soo good hes seeing players that dont exist
something,O8G2-UNejb0,UgwSEZf-RN3rnbNmusx4AaABAg,Prx players easily the funniest and coolest people out there
something,O8G2-UNejb0,UgyfzOTXReyrA3TBo354AaABAg,yoru buff looking crazy good
something,O8G2-UNejb0,UgwcAi-qH4OFEBBJII14AaABAg,Peak valo
something,O8G2-UNejb0,Ugze8RLY8CvnWaKZu2B4AaABAg,Even raze have decoy now
something,O8G2-UNejb0,Ugxbgla3ELxqaqelPlh4AaABAg,Ohh this is the actual good idea for an agent powers related to hallucinations 💀
something,O8G2-UNejb0,UgwEqmHi3wOUs-HlUj14AaABAg,i think the better title is something saw something
something,O8G2-UNejb0,UgyrkZVDnZPh5NH6qf14AaABAg,Ya thats happens somet8mes i see guns flying invthe middle randomly sometimes
something,O8G2-UNejb0,Ugya8HqNotP3S-pE1MV4AaABAg,Petrov sounds cute tho
something,O8G2-UNejb0,Ugzw_kVJH2NDYmGPxeV4AaABAg,and there's actually a Raze at B
something,O8G2-UNejb0,UgzGvplbUvzDn0rzrb54AaABAg,I can relate that and also one time I'm playing Valo I can see where the enemy sage at the mini map idk how it happened
something,O8G2-UNejb0,Ugxg7CFLpwlUvRRVzMV4AaABAg,“huuuhhh”
something,O8G2-UNejb0,UgzFLPbtkv6v_B78mdl4AaABAg,"Sova, brim, jett and now raze, wtf with this game"
something,O8G2-UNejb0,UgxPaE568ttPnDxpz2N4AaABAg,Oh its like that one time Yoru had rocket. 🙃
something,O8G2-UNejb0,Ugz99iZXK-U_K1Frbnx4AaABAg,Foreshadowing is crazyy
something,O8G2-UNejb0,UgwBix1EntdMREnc5rB4AaABAg,This shit often happens to me alot when spectating
something,O8G2-UNejb0,UgypxRKWDWdBTeOtv614AaABAg,The fact that raze was actually there lmaoooooo
something,O8G2-UNejb0,UgzpWiSd17fuJLvVTIB4AaABAg,It happens to me also. Freaking weird. Connection issues yeah.
something,O8G2-UNejb0,Ugz1SkqxIEHkkOMnnbZ4AaABAg,Prx something actually saw something
something,O8G2-UNejb0,UgxGpGXpjS83yRNyu3l4AaABAg,"""It's B"" he says while being on attacker side"
something,O8G2-UNejb0,UgzdfpQjMo4Kek0esTF4AaABAg,Valorant at 3am
something,O8G2-UNejb0,Ugy7ISvYSFpDtJ-49Bt4AaABAg,Vanya blyad ahahahah
something,O8G2-UNejb0,UgwwwNAcj58atCHcDc14AaABAg,Raze clone is insane
something,O8G2-UNejb0,UgxgXCY07gYxQZOpusR4AaABAg,"Had this happen before, seems like it's some kind of network problem."
something,O8G2-UNejb0,UgxNy4rk5hCVlOcP4Ad4AaABAg,We have a imposter among us 💀
something,O8G2-UNejb0,Ugw2PglndEF67dzZfF94AaABAg,We got raze decoy before gta 6
something,O8G2-UNejb0,UgzsZxh2HZnjftbumEx4AaABAg,наш слоняра ХАХВАХАХАХХАХ
something,O8G2-UNejb0,Ugzngd7lLnPN5wWzFZV4AaABAg,I dont remember Yoru getting a buff 😂
something,O8G2-UNejb0,UgwGfxoAq8Y75R_sBxh4AaABAg,"is that anya voice? ""hellow"""
something,O8G2-UNejb0,UgzX7ErWl0xV2mit83t4AaABAg,Bro i just experienced it today but instead of raze it was jett and i die 😢😅😂
something,O8G2-UNejb0,Ugy9kOYBMJ-kcgNWBxt4AaABAg,That was a Raze clone
something,O8G2-UNejb0,UgxbbFFNDVwldNk_bXh4AaABAg,Илюша самсинг лучший
something,O8G2-UNejb0,Ugwvyb0EenzEMVqIr3F4AaABAg,dont play valorant at 3am
something,O8G2-UNejb0,Ugzm7DQUWO99DZapTKF4AaABAg,Full vod this game?
zekken,2Q7TXeuJ9fI,Ugwe1feJgG1vMDqLBAl4AaABAg,Bro that 3 headshots were too clean 🥶
zekken,2Q7TXeuJ9fI,UgxYrepmDA5a5NgQUw14AaABAg,"That 1 2 3 kill sound
Satisfied 🫡"
zekken,2Q7TXeuJ9fI,UgyHtlv58sbgjc4dz4x4AaABAg,"Bro literally played some piano sounds in the first 3 headshot
It's insaneeeeeeee and clean asf"
zekken,2Q7TXeuJ9fI,UgyVFKxGJJLmowwtv5d4AaABAg,Prob the cleanest ghost clip I have seen in a while
zekken,2Q7TXeuJ9fI,Ugx8eBVZVRQXQkFFb4t4AaABAg,Nah that was 7 bullets 🥸👆
zekken,2Q7TXeuJ9fI,UgzmsP8KDTNMnGGVQM94AaABAg,Satisfied 3k sound oh damn it 🔥🔥
zekken,2Q7TXeuJ9fI,UgznYShjAdamUbdHJJ54AaABAg,Bro blinked only twice the entire clip
zekken,2Q7TXeuJ9fI,UgyX9-uNr37yjWIEcyl4AaABAg,7 bullets lil bro
zekken,2Q7TXeuJ9fI,Ugzzk1emlN0oYIJnZwZ4AaABAg,The first 3 bullets were insane
zekken,2Q7TXeuJ9fI,UgwUhO2Bx_7lzxFrdfV4AaABAg,bro literally spam headshots and that is another level than radiant😂🐉
zekken,2Q7TXeuJ9fI,UgyatU6ELLAnz8CPAH54AaABAg,that 3k felt like piano
zekken,2Q7TXeuJ9fI,Ugwb44FgV0n_E-nzsvJ4AaABAg,bro's face expression looks like my cousin in val when he is locked in (his fav player is zekken)
zekken,2Q7TXeuJ9fI,UgxghqZ8YufxVbP_kGN4AaABAg,First 3 shots DAMN
zekken,2Q7TXeuJ9fI,UgwNojF02BA8I1hto7d4AaABAg,Hey 6 bullets😂
zekken,2Q7TXeuJ9fI,UgzWwO9JriMUi9AxSMF4AaABAg,The whole bro's stay silent so he can focus 👌
zekken,2Q7TXeuJ9fI,UgyW71IEzz7a-U96let4AaABAg,bro took just tap heads to seriously
zekken,2Q7TXeuJ9fI,UgyFn2wu2oNYbSoTiMp4AaABAg,(Other team) lets enter A short single file gang. And go.
zekken,2Q7TXeuJ9fI,UgzCjIv5EW8gxrCo1WF4AaABAg,Zekken playing music with that ghost. Crazy
zekken,2Q7TXeuJ9fI,UgxYNn5eg5XtntzyQTp4AaABAg,Zekken=the goat
zekken,2Q7TXeuJ9fI,Ugysk1Xt0uOy7m1o8lp4AaABAg,Thats the definition of peeled eyes
zekken,2Q7TXeuJ9fI,UgzlT4RE27dEIRQG7CR4AaABAg,broo the first 3 kill was insane
zekken,2Q7TXeuJ9fI,UgztZyNQGeoZFDY6u-F4AaABAg,Who listens piano sound more than once 😂😂
zekken,2Q7TXeuJ9fI,UgxXhPPzzQpLvyk9_Fx4AaABAg,"The forehead got me laughing
Nice kills"
zekken,2Q7TXeuJ9fI,Ugxek6UwS308t30uhYx4AaABAg,Zekken is definitely an ipad kid with those counting skills 💀
zekken,2Q7TXeuJ9fI,UgwOZ-yhM5Pdf34xJJ14AaABAg,why is he so unrecognizable without glasses
zekken,2Q7TXeuJ9fI,UgzJ5XUL4xGhpxc01j14AaABAg,Duuuuude it would’ve been so clean if he didn’t reload 😮😮
zekken,2Q7TXeuJ9fI,UgyDKIwy4Zxg9nBATkV4AaABAg,Blud just played the piano at this rate
zekken,2Q7TXeuJ9fI,UgwRqbGZy5SfjPTX6gF4AaABAg,Bro almost cook a banger song out of those kills 💀
zekken,2Q7TXeuJ9fI,UgzyTfRHJ1iE-qYaWRp4AaABAg,the triple collat mad me go 😫😫
zekken,2Q7TXeuJ9fI,UgxtW0GTsLb1vGCroQB4AaABAg,That's insane😂 imagine being on the other side
zekken,2Q7TXeuJ9fI,UgxIRr6IQSR3X7TUu8d4AaABAg,Woah there... chill dude!?
zekken,2Q7TXeuJ9fI,UgwqroZZhp5Gm6z5tGl4AaABAg,First three shots had me❤🫡
zekken,2Q7TXeuJ9fI,Ugzn8yQu8eHxc9bCWPR4AaABAg,7 bullets 5 kills
zekken,2Q7TXeuJ9fI,UgwuQmk9UfbgNgpm_0p4AaABAg,first 3 kills playing the intro of black beatles
zekken,2Q7TXeuJ9fI,Ugxv5Yv-Fx-1A3bGRe14AaABAg,"This happens on pistol round, you ff right away"
zekken,2Q7TXeuJ9fI,Ugw2Y6IXLJnDDxq7_J54AaABAg,Bro is the demo guy !
zekken,2Q7TXeuJ9fI,UgwQ6jABkNhajsuM1uJ4AaABAg,Revear ghost asmr 🤤
zekken,2Q7TXeuJ9fI,UgyfiNTFPzHq9tX5PFF4AaABAg,"buh, buh, buh - the level of satisfaction"
zekken,2Q7TXeuJ9fI,UgzLhM67uVBv0eY-q5R4AaABAg,He looks like that one kid from Teens Reacts.
zekken,2Q7TXeuJ9fI,UgyC56cRgUKXg-A8POF4AaABAg,Bro looks like hes allergic to sun
zekken,2Q7TXeuJ9fI,UgyAvHB4-YlmymF6RSJ4AaABAg,That was straight out of aimlabs geez
zekken,2Q7TXeuJ9fI,Ugy8s2Bj7UkktJlVaHl4AaABAg,So good kub❤
zekken,2Q7TXeuJ9fI,UgzxOvc4Y4AMm-2BG794AaABAg,Dam that clean
zekken,2Q7TXeuJ9fI,UgwZvO0HslwZVob5mMJ4AaABAg,5 bullets  ? was a litle more !
zekken,2Q7TXeuJ9fI,Ugxr2rBuzkoeT6fX_oJ4AaABAg,My ghost don’t work like that
zekken,2Q7TXeuJ9fI,UgwVzSfyk2r6wphRoSd4AaABAg,My goat
zekken,2Q7TXeuJ9fI,UgwqUrDoLWKbMk2vJux4AaABAg,"Lucky, enies vs me always buy shield for 1 round"
zekken,2Q7TXeuJ9fI,Ugzv1mTcWGOIyGumcI94AaABAg,my king
zekken,2Q7TXeuJ9fI,UgynlMZteECFhJKzwOt4AaABAg,UNDERRATED
zekken,2Q7TXeuJ9fI,UgzoaWw1GbGX9WtLYTN4AaABAg,6 bullets 1 vs 5 ace
zekken,zWPqEp-_7m4,UgxW2Cu6Qt0l1tatbXN4AaABAg,zekken got bro blushing lmao
zekken,zWPqEp-_7m4,Ugwr5ZhKzRKwk8RgVeh4AaABAg,Goated movement
zekken,zWPqEp-_7m4,Ugwx89-WNCZwIO6dQfJ4AaABAg,Bro made the greatest loop and thought we won't notice
zekken,zWPqEp-_7m4,UgwPP9Xp5PY1GkNUM8N4AaABAg,After the buff this guy is gonna make nightmares for radiants
zekken,zWPqEp-_7m4,UgxeIARzCjSB4x2QDIJ4AaABAg,that Reyna wouldn't swing A main again 😂
zekken,zWPqEp-_7m4,UgyANsChiIaiX8n8ztZ4AaABAg,these neon buffs are gonna send temet to rank 1 unironically
zekken,zWPqEp-_7m4,Ugz20gO02-K-ZSvYEWF4AaABAg,Most emotion temet has ever shown
zekken,zWPqEp-_7m4,UgznUld-JEqN-8IZOjB4AaABAg,Yo thx for new entry idea temet bro❤
zekken,zWPqEp-_7m4,Ugz5hpzBcZ_R_tlAirR4AaABAg,U know your good when zekken is shocked
zekken,zWPqEp-_7m4,UgyV6lPe4y1XWF0nanJ4AaABAg,Yoo from you i became a neon main too ur still better but im catching up!
zekken,zWPqEp-_7m4,UgwKB7VvVYXtw1nsyL54AaABAg,you know your good when zekken is bottom fragging
zekken,zWPqEp-_7m4,UgwjMvpeTj3KEgxTCbN4AaABAg,zekken taking notes
zekken,zWPqEp-_7m4,Ugw7ZVW2RjB1pQao2_l4AaABAg,Bro might cook Zekken
zekken,zWPqEp-_7m4,Ugwa9-9mt3stVO9Hbrp4AaABAg,We better see zekken do this on vct
zekken,zWPqEp-_7m4,UgyXElQuqUkIKLTL5CR4AaABAg,If only I knew this the other day. Reyna and yoru kept peaking from right there!
zekken,zWPqEp-_7m4,UgzBstvjndleJE_4ei14AaABAg,Neon wishes she could move like temet💀
zekken,zWPqEp-_7m4,UgxcXsF39KChKmDlxyF4AaABAg,Neon buffs gonna make this guy a menace to society
zekken,zWPqEp-_7m4,UgzrOfU6bUqVViwwrvB4AaABAg,If i were in that condition maybe i would've messed up when he asked me to do it 😅
zekken,zWPqEp-_7m4,Ugxna-fhOHWwyUyUHqx4AaABAg,"That is movement used Parkour, that is why anyone would forgot about it"
zekken,zWPqEp-_7m4,Ugw1GHWNZO6JLUq4fYx4AaABAg,he's like fade from apex
zekken,zWPqEp-_7m4,UgwnsyVTgXFmoLj-Mvd4AaABAg,Hes gonna copy that opening😂
zekken,zWPqEp-_7m4,Ugy4xkk7ypCiTQGV-pR4AaABAg,I cant imagine how annoying temet will be after neon buffs
zekken,zWPqEp-_7m4,Ugy2-T95Y0rqQBnAxzp4AaABAg,top duelist NA x goat of neon 🔥
zekken,zWPqEp-_7m4,Ugzqr7pC5c9u9SCz0El4AaABAg,after the neon buff i cant play neon every single game anymore without instalocking :c
zekken,zWPqEp-_7m4,UgyHLWtuiNQYqJAfqnp4AaABAg,Temet gotta play in the vct
zekken,zWPqEp-_7m4,UgzdER2GK9_6w1jD-Cx4AaABAg,"Yo Temet, *THE DESTROYER OF COSMOS AND THE ANKLE BREAKER* hru pookie?"
zekken,zWPqEp-_7m4,UgyjQwVDdVE2cJCfM1R4AaABAg,That's why he played neon today humm🤔
zekken,zWPqEp-_7m4,Ugy78Hmzzo0abIYcxSR4AaABAg,Ah yes this is how he diffed drx
zekken,zWPqEp-_7m4,UgwYfAL4dxlWmNI7DFl4AaABAg,sign this guy already
zekken,zWPqEp-_7m4,Ugz4_hdy3zLtwlV2pAB4AaABAg,ur the goat
zekken,zWPqEp-_7m4,UgzcAGPTK8NTDd6lUHh4AaABAg,that seem easy but try it that not 🗿
zekken,zWPqEp-_7m4,UgzrzBvAt_vAYdiPE2F4AaABAg,Tements Is good
zekken,zWPqEp-_7m4,Ugy3HOEJQrpWi7QSKMt4AaABAg,Why my head is stuterring like you do when im aiming like why
zekken,zWPqEp-_7m4,UgwTUnEGiZiorQXRi9l4AaABAg,The reason why zekken use neon💀
zekken,zWPqEp-_7m4,UgxRYYpX8-UZUivpGRB4AaABAg,Damn im early anyway do you by any chance know what grass is ? bro been jumping so long he doesnt know how gravity works anymore
zekken,zWPqEp-_7m4,UgyjTYAkYbpC6n74ZMB4AaABAg,W goated
zekken,zWPqEp-_7m4,UgxoTgR2XKYab7JHZZ54AaABAg,Lets be real. We all know the reason temet has a life size Neon doll.......... ☹️
zekken,zWPqEp-_7m4,UgwokvZ79fCns-Q4vX54AaABAg,YO TEMET Can you ask zekken that can you 1v1 Sen tenz? PLS
zekken,zWPqEp-_7m4,UgyVQifN4p5af0JJYQR4AaABAg,2 stuns?
zekken,zWPqEp-_7m4,Ugw1rIyu8Q2hDEuxr2J4AaABAg,font?
zekken,zWPqEp-_7m4,UgwUJwzWcSJFrzwci2h4AaABAg,911
zekken,zWPqEp-_7m4,UgzLQUdhn3kmI49BRrp4AaABAg,SEN Temet ?? 👀
zekken,zWPqEp-_7m4,UgzZgiwLD-bz6QYsWhV4AaABAg,Bro it's so easy to do wtf
zekken,zWPqEp-_7m4,UgyOLZ7iMIcfKxSdDlV4AaABAg,İt so easy avarege neons mains do this too easy
zekken,zWPqEp-_7m4,UgxmP8Kd3gA37HN5A9t4AaABAg,Song?
zekken,zWPqEp-_7m4,Ugy1B-8Wo9nmUJNk8V54AaABAg,Sen temet?
zekken,zWPqEp-_7m4,Ugx-IFJ6OX_nNNA6JLt4AaABAg,paid actor
zekken,zWPqEp-_7m4,UgwDFK5JD-0xyW3QZZF4AaABAg,Is dame(n) a bad word?
Derke,JW8why-AHbg,UgwKaUzQkWJEEf9WvE54AaABAg,Boaster best coach lol
Derke,JW8why-AHbg,UgzfPuWEjlA7A2THzzp4AaABAg,This is Boaster at 1% of his power
Derke,JW8why-AHbg,UgwyzKhcAeuuyikkMqB4AaABAg,Thats why derke still trust boaster to be his igl and thats also why boaster still use derke as 1st option
Derke,JW8why-AHbg,Ugx8ymTmo7QFc2gEegl4AaABAg,KARMINE CORP zeish FAKING A strategy
Derke,JW8why-AHbg,UgxxzA3ei88PjjTgGft4AaABAg,"if boaster ever goes to retire, he will be an amazing coach for any team. a beauty with brain."
Derke,JW8why-AHbg,UgwJJET7HFcA8qlJ2BB4AaABAg,"Boaster will be a good coach, mark my word"
Derke,JW8why-AHbg,UgzTGeCE7I1yYYv3ICR4AaABAg,AINTNOWAY THE KC SPECIAL
Derke,JW8why-AHbg,UgyFs5yhEE2ZP_LYDON4AaABAg,His aim is just so crispy
Derke,JW8why-AHbg,UgxWS8MWIO6Wn5GwyNV4AaABAg,"ah yes, boaster coaching and mini playing!"
Derke,JW8why-AHbg,UgxfRP0itaE2HEnt_4R4AaABAg,He is igl for a reason
Derke,JW8why-AHbg,UgxlMFf1sUNjfYcrpm14AaABAg,Every IGL needs a no questions gunner and every gunner needs a big brain trust me IGL
Derke,JW8why-AHbg,Ugy3PHakEkwmErgJKzp4AaABAg,Arguably the best Jett and IGL in the world trolling?
Derke,JW8why-AHbg,UgzOTf-6TzTSA89nU_94AaABAg,“derke go kill” is basically the strat
Derke,JW8why-AHbg,Ugyq8cE7PK7jqFy08NV4AaABAg,Boaster with top tier game sense and IGLing. Fnatic wouldn’t get this far without the support from this man
Derke,JW8why-AHbg,UgwAIVPaFuOKPjQQv654AaABAg,Much love❤
Derke,JW8why-AHbg,UgxLoOBxwfR3xQeTA5R4AaABAg,It’s really different when you have IGL that’s actually reading the game like a head coach
Derke,JW8why-AHbg,Ugzj-_KSFLadQ4EBtNN4AaABAg,I’m too low level to understand how this was a troll 😂
Derke,JW8why-AHbg,UgyLDrZ421IK_WFUdh54AaABAg,"I also use this tactic, but it rarely works on radiant"
Derke,JW8why-AHbg,UgxNIxgGVEFjDFr9rep4AaABAg,Man i love glitchpop
Derke,JW8why-AHbg,UgxgYACnAoykc5tNa4V4AaABAg,Man's the best at anti-strat
Derke,JW8why-AHbg,UgwBTy48D8alUwW8tsN4AaABAg,Whoah YouTube wild recommend after my Goat lost champs
Derke,JW8why-AHbg,UgzGIonHcNzYE1jPToB4AaABAg,Prof. Boaster
Derke,JW8why-AHbg,Ugwqu00IM1_KxyAxWud4AaABAg,Luffy and Zoro IRL
Derke,JW8why-AHbg,UgyhQ2HIlj3fy8G2dz94AaABAg,Boaster is a goat
Derke,JW8why-AHbg,UgzriSlbVqroDro-IJN4AaABAg,Very naise
Derke,JW8why-AHbg,Ugxc7HoOdofkABCCyad4AaABAg,Wtf dudes got boaster coaching the ranked game 😂😂😂
Derke,JW8why-AHbg,UgyKAAnxfxFh1-ORAiV4AaABAg,"boaster live 10 round in the future, its insane"
Derke,JW8why-AHbg,Ugx2-cA663s1vp9Rvbd4AaABAg,Nah his shit on aimbot tho
Derke,JW8why-AHbg,UgxpnmgnMmuhjy7OKFR4AaABAg,😂
Derke,JW8why-AHbg,UgwGSnBxbLH5NVxYs414AaABAg,And I get banned for stream sniping? Okay...
Derke,JW8why-AHbg,UgwKXfiLiBtT_k09nSF4AaABAg,One thing I noticed is that all top players always look away from their main monitor when they are playing why do they do this?
Derke,JW8why-AHbg,UgwiQ8f9QHFBwEF-r_t4AaABAg,The fact that nobody stayed B before the plant is different lol. Always have someone anchoring B or market area so you don’t give up sites completely unless you know Bomb is planted or you have Bomb down
Derke,JW8why-AHbg,UgzsurtiBN_D0dky3FN4AaABAg,What knife is that
Derke,JW8why-AHbg,UgykZB9HnI_P7EZ-N9B4AaABAg,actual npc this guy
Derke,JW8why-AHbg,Ugy1f8huZ7WrRwG2XRB4AaABAg,Literally stream sniping😂
Derke,JW8why-AHbg,Ugyp8Aon_kUf3tAI4NB4AaABAg,Blatantly stream sniping WOWW‼️
Derke,JW8why-AHbg,UgwwHkfhshagYmfpWYp4AaABAg,I want to see an anime series on this and boaster as part of the anime and as time passed by boaster's gonna be a coach haha! What do you think valorant? 🤞
Derke,JW8why-AHbg,UgycB9zmSl_BZ1VlOk14AaABAg,"""I got the stream open, you can see the set up here""... Bro, that's not a good call 😂😂😂😂🤡 that's tryharding until sweat no more, almost cheating"
Derke,JW8why-AHbg,UgzYkYRjswyne8GYhTJ4AaABAg,Faking is a pro strat? Been faking ultis since bronce bro 😂😂😂
Derke,JW8why-AHbg,Ugz5NHNyJhmWsqE-JRB4AaABAg,"Coach got the stream open, stream sniping enemies is ghosting and cheating. Re-evaluate life choices"
Derke,JW8why-AHbg,UgxhPXM0AxSyjch23fd4AaABAg,Why are we glorying streamsniping
Derke,JW8why-AHbg,UgxtMVIb837wU4mnTLt4AaABAg,no way yall are congratulating stream sniping. valorant is so braindead
Derke,JW8why-AHbg,Ugz7hXezVqjkPpVAZUV4AaABAg,"""I got their stream open"" so is ok for fnc to streamsnipe but we hassle wardell? Lmfao"
something,byN0CxWUwa4,Ugw3MwPhYD5AYwJ9nI94AaABAg,"Win the impossible to win rounds
Lose the rounds that cant be fking lost"
something,byN0CxWUwa4,UgxxN-CvargnaKxoN5N4AaABAg,"Plot Twist: they still lost the map
Plot twist: they still won the match"
something,byN0CxWUwa4,UgwlZ66-RYR2tVfCDol4AaABAg,TenZ is more excited for PRX than SEN matches
something,byN0CxWUwa4,UgwVotjKmSbCpIhyjbR4AaABAg,the way he moved further right to use the wall and isolate that second fight is so insane. i'll never have the skill to make splitsecond decisions like that 💀
something,byN0CxWUwa4,UgwBCnzLKjUY-H5iiRN4AaABAg,Not just Tenz but all of prx fans
something,byN0CxWUwa4,Ugym_7-pBSdS5aLo7vN4AaABAg,Tenz whole game : no no no yes yes yes
something,byN0CxWUwa4,Ugy2zCY5SHnHYJ3Sqkh4AaABAg,bro the iron gunbuddy XD
something,byN0CxWUwa4,UgyxNBKDEfwXguYlz-B4AaABAg,Did anyone hear how the guy said „prx 😏something😏“ with the sassiest voice 😂
something,byN0CxWUwa4,Ugxo2gU7pQQPnKsepr54AaABAg,history repeats itself with today's match against RRQ 😂
something,byN0CxWUwa4,UgxJkCZ2LG0ZXAGxixx4AaABAg,the way he dodged the trade is high level
something,byN0CxWUwa4,UgySRCCe3ZLZi9icu2V4AaABAg,My friend and i were in line and watching this and i went nuts seeing it
something,byN0CxWUwa4,Ugy9g8dD8YJYWlk33ul4AaABAg,Prx did something indeed
something,byN0CxWUwa4,UgxtalOX4Jo2lBBIcpl4AaABAg,"PRX: Lost the round that cannot be lose,
And won the round that cannot be win"
something,byN0CxWUwa4,UgxiPNTpck7frHhprHt4AaABAg,I was in the arena when this happened
something,byN0CxWUwa4,UgxWahqkvzuMlZEnslV4AaABAg,I dont know who he is but he seems like “something” else…
something,byN0CxWUwa4,Ugwitzja3yLgSyIOb3R4AaABAg,WHT DID I DODGE FLASH IRL 😭😭
something,byN0CxWUwa4,Ugw2m9YqFWGmJpN9chl4AaABAg,Why has he not been watchpartying this season?
something,byN0CxWUwa4,UgwDTBWLvptsR_wYtjt4AaABAg,omggg tenzzz
something,byN0CxWUwa4,UgznzUiN9yWrfcJzJUJ4AaABAg,Aloooo khalllooooo😅😅😅(team india)
something,byN0CxWUwa4,UgwHdZSHNdxDTSBfIlF4AaABAg,"NOOOO
YEEE-"
something,byN0CxWUwa4,UgyMK4aUMQcdEdg8ol54AaABAg,what was yoru doing bruh
something,byN0CxWUwa4,UgzDqDX3BqSz-Umn0194AaABAg,They lost anyways tho nicee clutchh
something,byN0CxWUwa4,Ugx6xsrmn_tBrPMKfJl4AaABAg,"That is not even the original clip, the map is ascent if u look on top left."
something,byN0CxWUwa4,UgyMcVt1yOo3dLYJW8R4AaABAg,what bro pulled today?
something,byN0CxWUwa4,UgyWphyd_9iYked0Dj14AaABAg,bro why do all these shorts have the most annoying music possible
something,byN0CxWUwa4,Ugz6OINqoWtTKWbIbl54AaABAg,I mean yeah
something,byN0CxWUwa4,UgwzuQEwyOWeOgnMGmV4AaABAg,how i that impossible?
something,byN0CxWUwa4,UgxShCdPe0eKpwVm8ox4AaABAg,1/17
something,byN0CxWUwa4,UgxBRFrwTls0DpIXyH94AaABAg,"""Impossible""? Cap..."
something,byN0CxWUwa4,UgzXfxVCr4UQMlMgA_x4AaABAg,Must be nice to play against legit players and not cheaters. 😅
something,byN0CxWUwa4,UgwH4MFvSKY9b6HJZsd4AaABAg,An ex-pro player from America that's cheering for an APAC team vs his own region team🤣
something,byN0CxWUwa4,Ugyh8MSrzXDKsrkyaAt4AaABAg,Why tenz not cheering for America team?
something,byN0CxWUwa4,UgwJXZ6A7sK4w14HKEt4AaABAg,"Not too good, g2 was just next level stupid"
something,byN0CxWUwa4,UgylqiqT1lbco6T0szl4AaABAg,Fake
something,byN0CxWUwa4,UgwaRYQsNByIvWBuGoR4AaABAg,Why’s he cheering on Asian teams isn’t he American
something,byN0CxWUwa4,Ugx1AydUL8oeQh-YVCR4AaABAg,Prx pulled off the win only because something and forsaken clutched multiple times. G2 played better overall than them
Jinggg,ooNUphGopbc,UgwqyzBNIw_x2ZOoqM54AaABAg,Best duo ever
Jinggg,ooNUphGopbc,UgxIy8sDjMs4u4k4Gkp4AaABAg,biggest jingg fan and biggest aspas fan
Jinggg,ooNUphGopbc,Ugz6T6Nkf1e3MdNBl7R4AaABAg,Calling jing an idiot is crazyyyyy 🤣🤣
Jinggg,ooNUphGopbc,Ugz5OWKeylp68GMuXGl4AaABAg,That ascendant chamber called Jing a idiot😂😂😂
Jinggg,ooNUphGopbc,UgxS0OplxxRlZVVhk7Z4AaABAg,Not buying aspas rifle is crazy dude😂
Jinggg,ooNUphGopbc,UgwKlrwWy91ppb9Kq914AaABAg,''i have mission now ok'' 🤣
Jinggg,ooNUphGopbc,UgyHHpBRLMJjLaG0MQ54AaABAg,#1 jing fan and jing
Jinggg,ooNUphGopbc,UgxHK6asiyJWvZtwsId4AaABAg,fact : the idol of aspas is jingg
Jinggg,ooNUphGopbc,Ugzei1nEB7T-qnmdamJ4AaABAg,Jingg is so funny😂😂😂😂
Jinggg,ooNUphGopbc,Ugw9-CNEYQqGvr-jz_F4AaABAg,"Nah this is so wholesome, jinggg managed to make aspas laugh is hella funny😂"
Jinggg,ooNUphGopbc,UgzC4WKkkawqkNjLUSd4AaABAg,W duo
Jinggg,ooNUphGopbc,UgyphAbyhnE6YlerKqt4AaABAg,W duo 😂
Jinggg,ooNUphGopbc,UgyVnP9lGStV8H8IzWR4AaABAg,THIS DUO IS INSANE 😮
Jinggg,ooNUphGopbc,UgxqKPOEjG-FgypvrbB4AaABAg,My duo is very much same 😂
Jinggg,ooNUphGopbc,UgxHCGtrLVRNh8Bpf4d4AaABAg,of course russian player  wont drop nothing new
Jinggg,ooNUphGopbc,UgxeyyQf9mRw0XKhGGl4AaABAg,Imagine hoping on the game and aspas and jinggg on the enemy team
Jinggg,ooNUphGopbc,UgxXcva9ddy5AT_hQGB4AaABAg,Jing is a good guy
Jinggg,ooNUphGopbc,UgxaBiOQLnQuud_XPc54AaABAg,imagine you call Valorant Masters champion “idiot” 😃😃😃
Jinggg,ooNUphGopbc,Ugyn0GyjIIIfGaq5v0R4AaABAg,Its funny becuase the chamber probs thinks his him and probs doesn't realise aspas and jing is there xD
Jinggg,ooNUphGopbc,UgwjnDlc7QnOTdb2EEh4AaABAg,"He must be the best player in the world, refusing gun for aspas and saying jing idiot"
Jinggg,ooNUphGopbc,UgzTVDm5imfE7F8vC3x4AaABAg,Chamber so stingy just buy aspas bro 😂
Jinggg,ooNUphGopbc,Ugx91hUm-zj_Uh-aMq54AaABAg,"hahahah, that was so funny 😂"
Jinggg,ooNUphGopbc,UgzFnBz_UWTdxZux93x4AaABAg,Does that chamber know who is he calling Idiot...
Jinggg,ooNUphGopbc,UgzqPXbj_tf7PcHXSax4AaABAg,The Chamber sounds like naTs
Jinggg,ooNUphGopbc,UgyRxaFAvsx4PuiVJZ54AaABAg,Chamber dude sounds like something 😂
Jinggg,ooNUphGopbc,UgzPQ7Et2UIUNt_rfN54AaABAg,if no money i will use bandit and give aspas vandal xD
Jinggg,ooNUphGopbc,Ugxh7Z5YRiZoALW_NKJ4AaABAg,Who is that chamber to refusing gun to ASPAS and calling Jingg An idiot!! ? 😅😂
Jinggg,ooNUphGopbc,UgyAX5bX7ZZwP_GwBOV4AaABAg,"Lmao bro called jingg ""idiot"""
Jinggg,ooNUphGopbc,Ugy9RZOIGo65gTSvM5l4AaABAg,Gaspas
Jinggg,ooNUphGopbc,Ugy6h21wtkd0bEYqext4AaABAg,why bro call him idiot because its frikin something yall can hear his voice？😂
Jinggg,ooNUphGopbc,UgzTGD2V4leXNrZrr3x4AaABAg,That's NATS?
Jinggg,ooNUphGopbc,UgxrBfD9Bs5DvCBosbh4AaABAg,calling Jinggg an idiot is purely stupid😂. Does he not know Jinggg was the top radiant in the very first valorant act😂😂
Jinggg,ooNUphGopbc,UgzoXLKRckErO-2OYxt4AaABAg,So trolling is fine if it is done by your idols?
Jinggg,ooNUphGopbc,Ugxq7RB8lGHxMKI4a1B4AaABAg,So he can spend all his money and expect chamber to save for him and not himself?
Jinggg,ooNUphGopbc,UgzThJ7DDGaYssBnK2Z4AaABAg,imagine calling one of the best valorant pros in the world idiot
Jinggg,ooNUphGopbc,UgzJjLbCluNwIa3XEZx4AaABAg,EU bot😂😂
Jinggg,ooNUphGopbc,UgzM3MOiCgXGDpt9KVh4AaABAg,"I saw the full video, that chamber cussed at jingg and his mom so hard lol. Jingg had to apologize. I like jingg but he was wrong here"
Jinggg,ooNUphGopbc,Ugw4JEC0oJletDo-KBt4AaABAg,most entitled players
yay,Z1WAKp5rJbg,UgxCBfoRZKM7mK-7ZRV4AaABAg,lol i get it “alibomaYAY”
yay,Z1WAKp5rJbg,Ugx5dVYeC_4Q2XdIYCV4AaABAg,Yays nickname of 'El diablo' might be biggest contribution TSM made to Valorant 😂😂
yay,Z1WAKp5rJbg,UgyTn0R27lCFzah1fmp4AaABAg,love how yay looks like your average uncle but in valorant he's literally called the devil
yay,Z1WAKp5rJbg,Ugx7SgaX07KegStQtMl4AaABAg,"The guy aims like an AI, always peeking correctly and never sprays, it's why he  always uses ads aswell."
yay,Z1WAKp5rJbg,Ugx7qbngLCE7_py6CKJ4AaABAg,"Smoothest aim in Valorant. No shakes, no spasms, just moves his mouse in a calm straight ass line and taps heads."
yay,Z1WAKp5rJbg,UgxwiLP22_g3XpXDlY94AaABAg,Now He is known as yay mysterio
yay,Z1WAKp5rJbg,UgwyFMD24Npz0zIIhv14AaABAg,here before this blows up..but yay's aim is poetry no unnecessary movements flicks just clean and crisp aim
yay,Z1WAKp5rJbg,UgyQWomLwQn6BUaQb014AaABAg,this aged well
yay,Z1WAKp5rJbg,Ugwieqlqg-OXWx97jmN4AaABAg,This was such a good yay clip
yay,Z1WAKp5rJbg,Ugy_CxvNnOQAYm08DZx4AaABAg,"This is what the best player in Valorant looks like. Crisp movement, crisp aim, disciplined, team player. I was very skeptical when he first got signed, i though he was just another TenZ, but damn, has he shown he's the full package and not just an aimer. Ive watched pro tournaments since beta, and this is the only guy that REALLY stands out, consistently. Even if he gets 0 frags (it will never happen) the man is doing everything right. Its common knowledge that frags dont paint the whole picture, but I've rarely seen him have a bad, undisciplined frag. Every frag he makes, he does it with the macro play in mind."
yay,Z1WAKp5rJbg,UgxvhvuQyFkJasmoQuh4AaABAg,MAN I NEED MORE YAY EDITS 🙂
yay,Z1WAKp5rJbg,UgxPAVCyizWMxDuszuJ4AaABAg,"I've noticed that unlike others he don't try to flick  or spam, but takes his time to adjust to headshot, like it's not fast reaction but more like 100%kill."
yay,Z1WAKp5rJbg,UgwU1qrAaFtvgJv54S94AaABAg,My man turning valorant into aimlabs
yay,Z1WAKp5rJbg,UgzE4nhmPkg3hefs_Hl4AaABAg,I really like how he uses right click scope in rifles. unlike other pros
yay,Z1WAKp5rJbg,Ugx4JDiecr1LlP7i2kt4AaABAg,dude i think the thing i love about watching him is just how calm he is
yay,Z1WAKp5rJbg,UgzDDNZN3WePx_gqW9R4AaABAg,Man i hope he can perform like this with bleed
yay,Z1WAKp5rJbg,UgzOMXm3VdRGlonyrk54AaABAg,"I like how this guy is going ""oh that was a nice shot I guess"" after insane kills that we all could never hit .. God of Mechanics"
yay,Z1WAKp5rJbg,UgyvBKeHP6tfz585csF4AaABAg,ah idk what to say i just feel bad tbh
yay,Z1WAKp5rJbg,Ugz6IJ-FPO0pggd_V6R4AaABAg,2024: EVERY ORG FEARS Y0Y
yay,Z1WAKp5rJbg,Ugzj4k65TylN0MS-k3t4AaABAg,If I ever get into his game I would legit Give up already while loading into the map lol
yay,Z1WAKp5rJbg,UgyCmFb9H4e2JiRIYJd4AaABAg,"Perfect crosshair placement doesnt exist:
Yay: Laughs in perfect 1 tap aces"
yay,Z1WAKp5rJbg,UgzsI1zllHQuXzhwJQN4AaABAg,"love the ending lol, shows that he is still a human."
yay,Z1WAKp5rJbg,UgygElyjWfOTmbTsE-Z4AaABAg,"DAMN HES DIFF, also I love the way he just embraces his nickname and persona."
yay,Z1WAKp5rJbg,UgyZrAP9IK3kUYDBYZh4AaABAg,2021-el diablo | 2024-y0y
yay,Z1WAKp5rJbg,UgzR4K3dP5wXtC7Pe5J4AaABAg,that was pure aura
yay,Z1WAKp5rJbg,UgwK6_ve258S6H-o73N4AaABAg,You have balls of steel if you dry peek yay. This guys is beautiful beast
yay,Z1WAKp5rJbg,UgxRqn_d0h-EZizfskN4AaABAg,Sadly now feared*
yay,Z1WAKp5rJbg,Ugxv8vV_RijmVM-wdDl4AaABAg,when yay played without the insurmountable amount of pressure
yay,Z1WAKp5rJbg,UgyOb1FOohALoOqoyNl4AaABAg,i miss this guy 😢.. i really do.
yay,Z1WAKp5rJbg,UgxymlYdRp-X_VxIzZR4AaABAg,EL Disabled
yay,Z1WAKp5rJbg,Ugz5nFwm-EGdGihV9XN4AaABAg,TenZ needs to be like YAY.
yay,Z1WAKp5rJbg,Ugz3I1vvUiVoQ2uDrPx4AaABAg,QUOTATION MARKS didn't fear him
yay,Z1WAKp5rJbg,Ugw4AshgfZ0Vod1AsFB4AaABAg,"yay's aim is something, it's really clean and satisfying"
yay,Z1WAKp5rJbg,UgyOKiXe8Tivvkr1sIF4AaABAg,The nickmercs face cam is crazy😂
yay,Z1WAKp5rJbg,UgyQnEkZhL58bB3pC494AaABAg,nobody fears him anymore 😂
yay,Z1WAKp5rJbg,Ugygn9CcGUq58t1KB4t4AaABAg,"yoys fall should be studied , he'll be back"
yay,Z1WAKp5rJbg,UgwcuRx8tricLam1Kxp4AaABAg,thats illegal hes too good
yay,Z1WAKp5rJbg,UgxepcGL_C-MZXGXH7t4AaABAg,yay is just build different
yay,Z1WAKp5rJbg,UgySe-_3cwRkhEOlpFZ4AaABAg,He is the reason why chamber got nerfed XD
yay,Z1WAKp5rJbg,Ugx2CFvOQT0DWW8jNQp4AaABAg,MEZY has put el diablo's one and only whiff at the end
yay,Z1WAKp5rJbg,UgzuXi7yGgcs2JuYiMJ4AaABAg,Crisp clean lock guys....
yay,Z1WAKp5rJbg,Ugw4JnjYO3i5kAHvyj14AaABAg,It's like optic and chamber was made for him
yay,Z1WAKp5rJbg,UgyPKfWFmH1mtwKUs2F4AaABAg,El Diablo is one of the most badass names I've ever heard of 💀
yay,Z1WAKp5rJbg,UgwB0bx3bavC-2g0WP14AaABAg,2011 OpTic moment
yay,Z1WAKp5rJbg,Ugw3Fg45lbQ9ULP-fM54AaABAg,"It reminds me a lot of Halo, when enemies shout ""Demon!"" when they see Master Chief coming in."
yay,Z1WAKp5rJbg,Ugw2bPjLVEM5Zwfg1MZ4AaABAg,Everyone starts tryhrading when they see yay in Their game
yay,Z1WAKp5rJbg,Ugzf2N0omzeLs1sebIp4AaABAg,This man doesn’t even seem to be trying half the time
yay,Z1WAKp5rJbg,Ugxpva3VriL7idma0DZ4AaABAg,The last is so cute
yay,Z1WAKp5rJbg,Ugxcj5n28-2GGItyqUZ4AaABAg,definition of take your time to shoot
yay,Z1WAKp5rJbg,Ugw9WZThu3BiX2cQKdd4AaABAg,"his skill, with Invincible - pop smoke(gotta be loud so you can feel it in you), reyna ult, and the enemies are just coming and you're just killing, the rush would be on another level"
Boaster,zL5XHtYS6o4,UgzqHC3tYDzo6lJB_NR4AaABAg,Instructions unclear: my team isn’t listening and all somehow managed to die leaving me in a 1 v 4
Boaster,zL5XHtYS6o4,UgyNnztqLS69s3-CHSl4AaABAg,Plot twist :- You never get the man advantage because of the thrower on your team.
Boaster,zL5XHtYS6o4,Ugx8hPes9Stdk9Qr1eh4AaABAg,"insructions unclear:

i froze to death."
Boaster,zL5XHtYS6o4,UgwK8JsK72bltHm9DcJ4AaABAg,"The match gets to 5 v 1,
Everyone rushes to get that one guy and boom.. That one guy got the ace"
Boaster,zL5XHtYS6o4,UgwFDtPTmUDY1O3w-i94AaABAg,*runs in anyway*
Boaster,zL5XHtYS6o4,Ugz19J9_IOiFgg57De14AaABAg,"instructions unclear 
: sat in main after first kill and lost round cause didnt plant. 
: enemies camped site."
Boaster,zL5XHtYS6o4,UgzNTAD-7cLMOEtd7Qp4AaABAg,helps when you have derke chronicle leo and alfa 😭😭😭
Boaster,zL5XHtYS6o4,Ugyq-RBZD5yckJq1yTd4AaABAg,"Instructions unclear, we ran out of time to plant the spike"
Boaster,zL5XHtYS6o4,UgwPr-2vAp9QS6Uj6NF4AaABAg,"Good advice boaster,i hope youre gonna win against fut GLHF🙂"
Boaster,zL5XHtYS6o4,UgyLTdJuUjIA8q2PgpN4AaABAg,"Trust me.. Boaster told me to Hold.. 
But there's only 15 sec left.. 
HOLDDDDDDDDDDD !!

Edit : Damn what's getting me all these Likessss..  😝"
Boaster,zL5XHtYS6o4,Ugx8ISwLKQLaCfUIIkR4AaABAg,NO WAY THEY JUST USED THE BOTW SHEIKAH SENSOR SOUND FOR THAT
Boaster,zL5XHtYS6o4,Ugzt-tujo9yJ6sh0Xr94AaABAg,Not me seeing this after the 2 time 2nd place and one of those being a massive choke
Boaster,zL5XHtYS6o4,UgzKDbwFwW4NVpPitV94AaABAg,Me when in 5v4 and my teammates started lurking for information and down to 1v4 👁️👄👁️
Boaster,zL5XHtYS6o4,UgzrVwIh_0qqA1MzfhV4AaABAg,"thanks, this is something I'll use now to be a better IGL for the short time I am at least on this role"
Boaster,zL5XHtYS6o4,UgyNy3LpNXp_ql52eOJ4AaABAg,"prx: man advantage = rush
man disasvantage= rush
full buy= rush"
Boaster,zL5XHtYS6o4,Ugw9ClfnNDiGQdNbLt14AaABAg,"NOTE- Atleast in my games, people below diamond font agress to eqavilate the man advantage, for example chamber went for a pick due to his tp, same could be done by many charecters but below dia it rlly can't be seen. So just use tht advantage to rotate off."
Boaster,zL5XHtYS6o4,Ugzx11nwHNhwUiVsF4F4AaABAg,"We are 5v4
Reyna and jett : lets make it 3v4🙃"
Boaster,zL5XHtYS6o4,UgyGbtgvla2YOMI4U0F4AaABAg,"Nah, my teammates want to ace after first kill, cant freeze"
Boaster,zL5XHtYS6o4,UgzXIEFryrdcuMcXR9J4AaABAg,"Fair, good advice actually. When you are on man disadvantage, you do need to make a play to return it to at least equal number, and this actually is true the lower the number. Well you don't want to wait forever, but 10s is probably enough to see the opponent make a play"
Boaster,zL5XHtYS6o4,UgxyCjXTJlN0i-SN8iJ4AaABAg,"Imagine boaster in prx team, just a complete chaos💀"
Boaster,zL5XHtYS6o4,UgxJWc7w_ZdjC_EWoH94AaABAg,"That one teammate who still wants to peek and dies, and then other guy tries to trade it and suddenly its 4v3 from 4v5. You try to make play and then its 4v2, 3v1 and you loose the match"
Boaster,zL5XHtYS6o4,UgzDodgby84v45XFO5F4AaABAg,I'm in love with this boy's eyes
Boaster,zL5XHtYS6o4,UgwARkS_YntlVlYeeXR4AaABAg,I wish Val teammates knew how to stop moving in general 😩
Boaster,zL5XHtYS6o4,Ugzi_Zyz_qd_zZou1EZ4AaABAg,"well, well, well"
Boaster,zL5XHtYS6o4,UgwchMwDGGbw6YIR0XN4AaABAg,Honestly I try to do this with my teammates but they won’t listen and take note I am currently ascendant. I’m not some low elo player with low elo team mates. It’s hard to do in general when your team sees the other team at a disadvantage and they are also hungry for kills.the amount of times I’ve seen 3v5 lost because of some idiots not playing numbers/ playing together and waiting for them to push is astonishing. 1v3 clutches aren’t rare in high elo
Boaster,zL5XHtYS6o4,UgzCiuH7r7FmxVYp85Z4AaABAg,So thats why sometimes we dont plant and when we do we do it under 10 secs
Boaster,zL5XHtYS6o4,UgzhfMBx_IwFGs9SWuJ4AaABAg,"""Just Freeze"" 
Meanwhile some Pacific teams : ""Pushing like SPARTa!!!!!!"""
Boaster,zL5XHtYS6o4,UgwVcjXNujkyQnc_7p54AaABAg,"random teammate: runs in anyways and dies
even my duo doesn't listen to me. and then he blames me for doing nothing"
Boaster,zL5XHtYS6o4,UgwkC4LOU0-t9U_fq-F4AaABAg,So hard in ranked getting teammates to back off after a pick to play numbers 😭
Boaster,zL5XHtYS6o4,Ugx2TLzsQtcQTSG4xyN4AaABAg,Instructions unclear : i did nothing and now he's gone to court.
Boaster,zL5XHtYS6o4,UgyBFxueL6uzTMwdUb54AaABAg,"My minds telling no, BUT MY BODY"
Boaster,zL5XHtYS6o4,Ugww-qHZzXcx_xj6Sqx4AaABAg,"Teammates: Plant the fucking spike.
This guy: HOLD. HOLD. HOLD!!!"
Boaster,zL5XHtYS6o4,Ugzv-bHFR8tolQEaSYB4AaABAg,"Exactly what I tell my team as soon as they get one: come back don’t peek, we have an advantage. 
And they peek and die😑"
Boaster,zL5XHtYS6o4,UgzwBeEs-NX6XBWmeMZ4AaABAg,"I think it is just about a psychological thing, so do not think to much in the game. Just play and have fun ☺️"
Boaster,zL5XHtYS6o4,Ugw4sAgzdiXH-Cc4-WR4AaABAg,Boaster I'll love ya brotha supporting u and fnatic from 2020
Boaster,zL5XHtYS6o4,Ugz22yLqa87-9C3HoXN4AaABAg,"I thought how Derke would think, I said ""Just run it down""😂😂"
Boaster,zL5XHtYS6o4,Ugz7-guYVDBIGic_O194AaABAg,"depends. This works on attack, but will get predictable, so the enemy is just also gonna freeze and let you make mistakes. On defense, its wrong, as the best outcome would be avoiding the trade by falling back to your team to play retake. Its not that easy sadly."
Boaster,zL5XHtYS6o4,UgzozjiRRcJ40VTfia94AaABAg,In the wise words of a banana: “ITS CHECKMATE”
Boaster,zL5XHtYS6o4,Ugw6fW5t3dRcgk2ycEV4AaABAg,You could tell fnc doesn’t vibe with boaster. Boaster cares more about the fans than his teammates
Boaster,zL5XHtYS6o4,Ugy2iG-HmmApCLizcMZ4AaABAg,U freeze then enemy freeze and suddenly its 25 sec and u have to plant and have no space and are panicing lol.
Boaster,zL5XHtYS6o4,UgzotLxDGq-F6Zy_9jt4AaABAg,only do it if u have map control if u don t man advantage = go faster and take defense position to stop their retake
Boaster,zL5XHtYS6o4,UgzXBcmLrtdM2lzchJJ4AaABAg,Not the “freeze” image being the Duolingo’s freeze😭
Boaster,zL5XHtYS6o4,Ugyx-KyVzhSH3vCfXtx4AaABAg,Instruction unclear: we ran out of time (we were planting)
Boaster,zL5XHtYS6o4,UgxVeoVILrobwVj0YJp4AaABAg,5v3; 5v2; ace clutch
Boaster,zL5XHtYS6o4,UgwMJJpK3xIkUWph0nJ4AaABAg,I did nothing... and i'm now radiant #42 😱 thanks boanster !!
Boaster,zL5XHtYS6o4,UgzjhZt5Ilm1fX9kN794AaABAg,For some weird reason when I tried this out in my iron lobby my teamates didn't listen and kept pushing out
Boaster,zL5XHtYS6o4,UgzWTeLiLtAcniv_Qzp4AaABAg,"My brain: understand 
My eyes: understand 
My hand: EXCUSE ME!!!!!????"
Boaster,zL5XHtYS6o4,UgzWJysnR6C5_KFUu6p4AaABAg,"this tip is good only for non greedy team mates, the people i get  just play for frags and throw man advantage down the drain everytime"
Boaster,zL5XHtYS6o4,UgymqyEhZjskz8wqAER4AaABAg,I did this in gold once. We were up 5 v 2 but we let the enemy defuse because we gathered in hookah with judges.
Boaster,zL5XHtYS6o4,UgzWcscYqHJyt2Tj1WF4AaABAg,because enemies know that one way to win the round is to lessen the numbers advantage so they push and try to take space but idk man im too lazy to explain
Alfajer,qb3V7up9W7k,Ugxddgljps9ebeelXpB4AaABAg,Alıştığımız manzaralar (ama ne vurmuş 3. Yü be aimlock gibi)
Alfajer,qb3V7up9W7k,Ugxzrbz7yosGMW41Tnl4AaABAg,Abi sen maç izlerken konuşmasanmı ya
Alfajer,qb3V7up9W7k,UgxomVdXJ_z66vJ9_314AaABAg,Bir adamın hiç bir söylediği mi tutmaz arkadaş.
Alfajer,qb3V7up9W7k,Ugy1bFxYK0H5igP25rt4AaABAg,Bu oyunu bitirmişsin.
Alfajer,qb3V7up9W7k,Ugx_UhDtEBDDxOBHWMt4AaABAg,bir valo oyuncusuna video neden 4 killde bitti diye sorulmaz
Alfajer,qb3V7up9W7k,UgzPG3gpQmlyTA_X0HR4AaABAg,abi Fenerbahçe Bu Sezon Şampiyon Olamaz Desene Nolur
Alfajer,qb3V7up9W7k,Ugx5ebORkHuOqfYnqmJ4AaABAg,rooth un cs anlatmasına alışmışım garip geldi
Alfajer,qb3V7up9W7k,UgxmS0nBiINJnCwPJjZ4AaABAg,bu aim ne dayı aimbot sanki nasıl bu bilek ya maşallah
Alfajer,qb3V7up9W7k,Ugz48KR5YjyyoBWXtih4AaABAg,"Call ambulance call ambulance, not for me moment"
Alfajer,qb3V7up9W7k,UgyZE3O_QcDvVgmsVoh4AaABAg,Kral sen kazan biz senden razıyız
Alfajer,qb3V7up9W7k,UgxJQZoz3De0C9RNZNZ4AaABAg,Adamım bizim ortaokuldaydı
Alfajer,qb3V7up9W7k,UgyGsLPQGCyI5vtgRON4AaABAg,yayında izlerken kahkaha atmıştım.
Alfajer,qb3V7up9W7k,UgwntyLAsM0cj8QcA8V4AaABAg,Teker teker peek atmışlar gibi geldi bana
Alfajer,qb3V7up9W7k,UgxxWdXFh4vqgFPIt-14AaABAg,Root valorant maçlarını sunuyormuydu
Alfajer,qb3V7up9W7k,UgxVBYj2gtdZMWTrpYF4AaABAg,Esporda atılan aceler clutchlar fln ekstra puan gibi etkiliyor mu bilen yazabilir mi
Alfajer,qb3V7up9W7k,UgyqmPQWfyocI_pOT1F4AaABAg,civ ne tahmin etse tam tersi çıkıyoraq
Alfajer,qb3V7up9W7k,UgyI7V4eaVSlp76HIk14AaABAg,abi sen ne dersen tersi oluyor
Alfajer,qb3V7up9W7k,Ugx6M0Jr1_VB2n2rpbB4AaABAg,Abi seni bugün samsunda gördüm yanına gelmeye utandım burdan selam
Alfajer,qb3V7up9W7k,UgxXuWT0yW6v5z9QiHJ4AaABAg,Niye adamlar görünüyor nerede saklandıkları gözüküyor anlamadım
Alfajer,qb3V7up9W7k,UgwYCrvcuJPcWqlFLPt4AaABAg,Beklenmedik yerde temkinli olmayınca insan vuramıyor alfada krizi fırsata çevirmiş
Alfajer,qb3V7up9W7k,Ugwaok0ivfg3cjgP7i94AaABAg,Bela atamadı herhalde sonrasını göstermedi
Alfajer,qb3V7up9W7k,Ugx1bVzM4bXlj6CxirF4AaABAg,goat
Alfajer,qb3V7up9W7k,Ugxe3dEIougJbrgqfUp4AaABAg,2xciv curse
Alfajer,qb3V7up9W7k,Ugz_pr3AbI1xRIW7tWF4AaABAg,Abi trabzondan selamlar hayalim seninle buluşmak
Alfajer,qb3V7up9W7k,Ugxiwssx9Sj2hzrov8x4AaABAg,Olm sentinel değilim alfa
Alfajer,qb3V7up9W7k,UgxxZzW2K1Ph0wYmLz54AaABAg,alfaya söyle otur ve izle
Alfajer,qb3V7up9W7k,UgwPT7igIy0wEsYQYOV4AaABAg,Alfajer lan bu
Alfajer,qb3V7up9W7k,UgwgyV1yV93JIWo0R454AaABAg,sondakini vuruyo mu?
Alfajer,qb3V7up9W7k,UgwFBnU5vLT1_KQbbhp4AaABAg,botları az bas yayınlarına :D
Alfajer,qb3V7up9W7k,Ugx11BCvcNAP-Owv8UV4AaABAg,videodançıkılmıyorla
Alfajer,qb3V7up9W7k,Ugyz5_7dy39diYK1Ufx4AaABAg,aim kasmış
Alfajer,qb3V7up9W7k,UgxcoohKLBIObkhU2Bd4AaABAg,Abi nasılsın
Alfajer,qb3V7up9W7k,Ugx0233vithxVeIeKfZ4AaABAg,Alfa cix i zortlatiyor
Alfajer,qb3V7up9W7k,Ugwvo8moWhSKuF_82iF4AaABAg,çok kötü yakalandı
Alfajer,qb3V7up9W7k,UgynuOVlQlNAkl_TeG14AaABAg,valorant çöp oyun gelsin böyle oynayabilsin cs de
aspas,OHCPV-Kvgzo,Ugw7qxIpWi65Arfd8Hd4AaABAg,Ladies and gentlemen here is the most consistent players in the world
aspas,OHCPV-Kvgzo,UgyiqZaSDlMm1NvBDKV4AaABAg,"it doesnt matter which team he's on, he'll always pop off"
aspas,OHCPV-Kvgzo,UgwMVdtgTYYTBQ6OHcN4AaABAg,"Aspas is always the final boss of any team he plays, Loud, LEV, MIBR"
aspas,OHCPV-Kvgzo,UgzZTCWEd7qR4qNaCtt4AaABAg,2:37 nah this is unreal
aspas,OHCPV-Kvgzo,Ugw3bCyrDNfP-Ow8mh94AaABAg,2:36 was criminal
aspas,OHCPV-Kvgzo,Ugx15ECTLkEVWKf9jzp4AaABAg,"5:07 1 Hp, 1 bullet, 1 shot, 1 kill"
aspas,OHCPV-Kvgzo,UgyvtY-TxDcOoLRciZt4AaABAg,so basically wtv team he joins the team becomes good 💀
aspas,OHCPV-Kvgzo,Ugyncl5ilkTtuOac2BN4AaABAg,greatest of all time
aspas,OHCPV-Kvgzo,Ugzeb7rwiOZFrhkkhiF4AaABAg,3:54 😳
aspas,OHCPV-Kvgzo,Ugyiw3CpTmCNSnjzhBR4AaABAg,3:55 I still don't understand this flick. It was so fast it didn't even render the jett turning on the observer's screen. And if you watch his POV shown in the replay it's absolutely unreal.
aspas,OHCPV-Kvgzo,Ugw7LscW_WyOA1wl1el4AaABAg,ASPAS the Final Boss ❤
aspas,OHCPV-Kvgzo,UgxR5rLVfpQuPOuPjTZ4AaABAg,2:32 what theeeeee fkkkkkkkkkk🧠😶‍🌫️😶‍🌫️😶‍🌫️
aspas,OHCPV-Kvgzo,UgxG-Y9yfjzagW4dqrl4AaABAg,"Aspas is the BEST player in the world, it's just not close at all. He is the most consistent player in the history of Valorant."
aspas,OHCPV-Kvgzo,UgzvEwT-hGvVLAV45bJ4AaABAg,2:36 imagine this on a tourney crowd would lose their nuts
aspas,OHCPV-Kvgzo,UgyGxq85TjePEEbhisB4AaABAg,His movement is really good
aspas,OHCPV-Kvgzo,Ugx6Bl7yLMheN-AztlB4AaABAg,the real goat
aspas,OHCPV-Kvgzo,Ugzr9IaR2DHgKz97prZ4AaABAg,"esse cara é bizarro mesmo, nao tem oq falar!!

"
aspas,OHCPV-Kvgzo,Ugyw3WOgn4KvT_22fTh4AaABAg,The last clip was fuckin insane
aspas,OHCPV-Kvgzo,UgyV6QgUkOCjqWaT6CN4AaABAg,he is the best
aspas,OHCPV-Kvgzo,UgzmblhRlgWbG0b6WaB4AaABAg,5:40 damn
aspas,OHCPV-Kvgzo,UgzLuJ_HBHlYPkt6lDt4AaABAg,insane
aspas,OHCPV-Kvgzo,UgwoRVqWW6j1RklXgh54AaABAg,now yes!
aspas,OHCPV-Kvgzo,UgxHKt-vT9IcF1i4ga54AaABAg,5:08 wtf?
aspas,OHCPV-Kvgzo,UgzLXjGnHh_IBUrWscZ4AaABAg,goat
aspas,OHCPV-Kvgzo,UgyI_ocd8kL8kZJ9BWF4AaABAg,"I never liste so much ""wouah"" from public in VCT that in this video ?"
aspas,OHCPV-Kvgzo,UgxSU4diaBWpUmG9nop4AaABAg,hes the goat
aspas,OHCPV-Kvgzo,UgzVSHPXa6OrF36kTrx4AaABAg,respeckt ❤
aspas,OHCPV-Kvgzo,UgwujYI5b2k06dYzw0p4AaABAg,carry!
aspas,OHCPV-Kvgzo,Ugw03AUigwT7sfXk4W94AaABAg,Aspas meu rei
aspas,OHCPV-Kvgzo,UgzjzYGj8zoLaFdwkn94AaABAg,omg aspassss
aspas,OHCPV-Kvgzo,Ugw-56qiLz-iwy-F2_p4AaABAg,5:08
aspas,OHCPV-Kvgzo,Ugz7_fOHb2AXhSx81d94AaABAg,aaaaaand cut
aspas,OHCPV-Kvgzo,UgxmTKmPzcz6_lo196d4AaABAg,"men i need to see tenz , zekken aspas , demon 1 and johnqt as a one team !!"
aspas,OHCPV-Kvgzo,UgzYhKN99E9LaKiWRCB4AaABAg,essa kill do minuto 3:07 é um absurdo o mouse dele da um flick que parece aimbot ! mt robotico
aspas,OHCPV-Kvgzo,UgwD9atKBAimrtGmbsJ4AaABAg,lembra meu começo
aspas,OHCPV-Kvgzo,Ugz9OSnNozRsmU-7p1B4AaABAg,🥺
aspas,OHCPV-Kvgzo,Ugw2RZ2F_MBANqYpJ3V4AaABAg,eu me pergunto como a loud foi perder essa cara
aspas,OHCPV-Kvgzo,UgxhHLLgGOr-Tx2p0X94AaABAg,Anyone else see something fishy at 3:05?
aspas,OHCPV-Kvgzo,UgzC9eua1E99gtVfK1R4AaABAg,ill be impressed if he does it in a real fps game like csgo and not a kids game with no recoil or skill
aspas,OHCPV-Kvgzo,UgycKc1P1n68l2DK4qN4AaABAg,"there is a channel reuploading your videos by the way:
https://youtube.com/@zeelee1869?si=oQSZLGhlfVabMCfU"
aspas,OHCPV-Kvgzo,UgypUrG1Pj8ZPNrQ2YZ4AaABAg,Đâu phải
aspas,OHCPV-Kvgzo,UgxwGlHN0faYLuorAyp4AaABAg,"L
NOT TOP 3 IN MY REGION IM  FROM TURKEY JAJAJAJ"
aspas,OHCPV-Kvgzo,UgwAP9lhRSO4RCPlXcR4AaABAg,statpas!
aspas,OHCPV-Kvgzo,UgyLZuHdRrmSj2QrmWp4AaABAg,Monesy clears this valo bot
aspas,OHCPV-Kvgzo,UgyEw-6IoBDQa1zOm0h4AaABAg,bad video so maany eco rounds not subbing die
aspas,OHCPV-Kvgzo,UgyRGn59-8dVDkLRa0F4AaABAg,tenz is the best. not aspas
aspas,OHCPV-Kvgzo,UgyRPjUFkjNdOZKi8ZJ4AaABAg,Is it just me or are these clips just really... mid?
aspas,YWeUQps-JIA,UgyjimSettEzgHz32tR4AaABAg,"A carinha do sacy no final, kkkkkkkkkkkkkkkkkkk melhor clip de todos"
aspas,YWeUQps-JIA,UgyeDUca7z2sCVS5bXt4AaABAg,"Every Pro Player had a Prime But, ASPAS Whole Career is his Prime. He's Absolute Demon of Valo"
aspas,YWeUQps-JIA,UgwumQhHm467dgRkq9d4AaABAg,Já vi todos esses clips e mesmo assim nunca canso de ver
aspas,YWeUQps-JIA,UgyA0qP2Fp76zftRrDJ4AaABAg,"Faltou o clipe que ele girou encima do scream,  aquele clipe é o mais lendário"
aspas,YWeUQps-JIA,UgwdH2qQRPIz0cYVvZd4AaABAg,7:10 this clip look's like that Coldzera play
aspas,YWeUQps-JIA,Ugy22U7-AeDSy9qxVKB4AaABAg,"Esqueceu o clip da sala de parto quando ele tava nascendo, se é loco"
aspas,YWeUQps-JIA,Ugwg2nT-y6pCFmvqlIV4AaABAg,"concordo com esse video, ontem foi chocante..."
aspas,YWeUQps-JIA,Ugxp7DbAF1LURQlvTMV4AaABAg,"asPAAAAAASSSS! WHAAAATTTT!
UNBELIEVABLEEEEE!"
aspas,YWeUQps-JIA,Ugy9St9DWKOm2P9ivMR4AaABAg,"ASPAS CHEIA DE FACAS, A JETT ESTAS CONVOSCO, BENDITA SMOKE ENTRE OS PRO PLAYERS E BENDITO E O ACE DO VOSSO REI ASPAS. ASPAS MARIA FILHO DE SAADHAK, JOGAI POR NOS BRASILEIROS AGORA E NA HORA DE NOSSA VITORIA , AMEM!!! amassa no stage 2"
aspas,YWeUQps-JIA,Ugzel6skuv1ZLspEis94AaABAg,That op shot on pearl was out of this world 🌎🌎
aspas,YWeUQps-JIA,Ugy30XaWWL4ZNBVsCyh4AaABAg,The absolute GOAT 
aspas,YWeUQps-JIA,UgwChd0i1b1xinuZ7hh4AaABAg,"esse mlk é um mostro , paree que ele naseu pra esse jogo."
aspas,YWeUQps-JIA,UgzX-7KX1IQ2jZwGGkZ4AaABAg,"Esse jogo na Breeze que o aspas mata geral de Operator foi insano de maaaaais, os caras poderiam estar cravados nele, ele abria e matava, eu assisti isso eu vivi esse momento insano da LOUD, melhor epoca."
aspas,YWeUQps-JIA,UgySyEweTkfWoAzvonx4AaABAg,You can basically put the whole game between lev and aspas
aspas,YWeUQps-JIA,UgzvDAtYr6OVQgSdhit4AaABAg,Oq vc fez aspas nao pode ser apagado. Insano dms.
aspas,YWeUQps-JIA,Ugyyu_PoZ9DwNR2gbGN4AaABAg,"a carinha do sacy no final ele ja sabia que ia ser campeão, que ali vinha taça"
aspas,YWeUQps-JIA,UgxcW0SyMIawnG4Psax4AaABAg,"You need the best team , coz you are the best in the game"
aspas,YWeUQps-JIA,UgwYPZ09Pwf7VG7obTx4AaABAg,"Seja qual for o time em que estiver, é para ele que estarei torcendo! GIRA ASPAS!"
aspas,YWeUQps-JIA,UgwVhI2pRa4krlbHBMt4AaABAg,aspas em 2024 era assustador de assistir !!!
aspas,YWeUQps-JIA,UgxnNOcVpT2J9VQKisx4AaABAg,A unreplaceable pro in vct!
aspas,YWeUQps-JIA,Ugwf3mzf0guC4QQT0994AaABAg,"Espero que no fim desse ano tenha pelo menos 30, mt expectativa"
aspas,YWeUQps-JIA,UgyihqTJEIHr2ARr-1x4AaABAg,aspas é insano parece ser xeat.
aspas,YWeUQps-JIA,UgxDZp6tIjrq_K0d9XB4AaABAg,You deserve better team brorher😊😊😊😊😊
aspas,YWeUQps-JIA,Ugw_MZkYAJJPE67xCBt4AaABAg,"Assisti quase todos esses clipes de campeonato ao vivo, slk tem uns que parece que faz só alguns meses mas ja vai fazer 2 anos. Como o tempo passa rápido."
aspas,YWeUQps-JIA,UgzFvMNIgJNbw5llEHx4AaABAg,"Volta Arpinha, precisamos de vc brilhando e sorrindo novamente!"
aspas,YWeUQps-JIA,UgyJyapl-OPcUc7ezYJ4AaABAg,0:33 tenz called it
aspas,YWeUQps-JIA,Ugw_3m8sIp_p2fX0u9N4AaABAg,Handsome and a goat haha go off
aspas,YWeUQps-JIA,Ugyyevz_CzFOs4wsuuh4AaABAg,"Aspas consegue entrar no flow em toda partida, por isso que ele está muito acima de qualquer pro-player."
aspas,YWeUQps-JIA,UgwAM27t7BA3cJeXJqN4AaABAg,TU E BRABO D+ COMEÇEI A  JOGAR VAVA VENDO VC JG
aspas,YWeUQps-JIA,UgyHPrc9ZwtC2fLbNiR4AaABAg,Você é a luz do Brasil Erick!
aspas,YWeUQps-JIA,UgznpeyQqUMsgxxfls54AaABAg,"kkkkkkkkk é o melhor do mundo, não tem como!"
aspas,YWeUQps-JIA,UgxNBuIN0mAuwa-qhcN4AaABAg,é o goat não tem jeito
aspas,YWeUQps-JIA,Ugw2oSyH6axUobFdTBV4AaABAg,"N TEM COMO É O ""ASPAS"""
aspas,YWeUQps-JIA,UgxiNxTfEJXQ-90wn-l4AaABAg,"Jogo muito meu mano, lembrou meu começo"
aspas,YWeUQps-JIA,UgwYZIrVvgyBF6C1_gp4AaABAg,"quem aqui na era ""aspas má fase""?"
aspas,YWeUQps-JIA,UgxMy5FyQLT9mjqbMZZ4AaABAg,Tenz nem se impressiona mas pra ele ver o aspas fazendo uns baguio maluco e matando ficou normal KKKKKKKKKKKKKKKK
aspas,YWeUQps-JIA,Ugz0rDPdRCazGAZ7WWJ4AaABAg,"slk aspas é o unico q tem moral de usar sung jin woo como personagem ""solo leveling"" em forma de valorant literalmente"
aspas,YWeUQps-JIA,Ugz38tZx9sDpl52skux4AaABAg,O melhor do mundo
aspas,YWeUQps-JIA,UgyeQl4dggHZ7APNB854AaABAg,O CARA DO SACY EU CRIEI UM MONSTRO
aspas,YWeUQps-JIA,Ugx5nVx9mSDzCd2HJq14AaABAg,faltou o ace de marshal na slipt po kkkkk
aspas,YWeUQps-JIA,Ugy9q0AqFbianTdk3Rh4AaABAg,GOATTTTTT 🌪️🌪️🌪️🐐🐐🐐
aspas,YWeUQps-JIA,UgyTK8CwCx17CFRe_aB4AaABAg,AGORA FAZ SEGURANDO A BIBLIA RAPIDÃO
aspas,YWeUQps-JIA,Ugz_1hn6dMUXAQGrBhF4AaABAg,Esse ace contra a 100T na top 3 de mais lindos do valorant
aspas,YWeUQps-JIA,UgwZtE7a0C7imh5UQFx4AaABAg,"É gente, o auge do GOAT foi na LEV... por enquanto"
aspas,YWeUQps-JIA,Ugy8TuTGM82p-_XAwnB4AaABAg,"7:56 TAAAAAAAAAPOOOOOOOOORRRRA ASPAS QUE ACE FOI ESSE MANO, CARAAAAAALHO, NUNCA TINHA VISTO E EU ACOMPANHEI ESSE BOOTCAMP SLK"
aspas,YWeUQps-JIA,UgwDUjtwC_GcnxkN0iF4AaABAg,A pessoa que fez essa edição sabia o que estava fazendo
aspas,YWeUQps-JIA,UgzV-ltc5ujXs1NFMb94AaABAg,goat
aspas,YWeUQps-JIA,UgzvlRGBdUTPEFs78IB4AaABAg,"melhores anos do aspas foi em 2023 na loud e depois na LEV, agora ta dificil ver plays como ele fazia antigamente, o aspas fala muito de confiança, mas parece que no inconsciente dele ele ta sem a confiança que ele tinha antigamente, acredito que é só questão de tempo e mindset pra ele voltar melhor do que já foi.
edit1. além de que parece desfocado"
aspas,YWeUQps-JIA,UgzViNrsdGm4Mrt2_Mh4AaABAg,Aspas faz um vídeo jogando a 60hz
aspas,YWeUQps-JIA,UgwrZLrBEzBK07n_PdJ4AaABAg,maquina de ace do caralhoooooooooooooooooo
something,uN0yKJel5sA,UgzM4FaL9irV7V6lTHh4AaABAg,Just dont let bro take brimstone at fracture and we are good 🐴
something,uN0yKJel5sA,UgwmuXMHqxcQGFouJ6x4AaABAg,"He has one of the most insane collection of highlights and clips, last clip was funny af"
something,uN0yKJel5sA,UgwPG7MoanxLdFipy4V4AaABAg,From one of the worst yoru to one of the best yoru not just in pacific but in whole vct
something,uN0yKJel5sA,UgwY_T-UL-YNWz8BPd14AaABAg,"bro changed so much after 2023, if he didn't explore other agents he'd really sh&t himself like Demon1.
also PRX is such a good org even after a slump they still sticked with the same roster only doing minimal changes and ended up winning a Masters Event."
something,uN0yKJel5sA,UgwoyacpvEAtiDfo4sx4AaABAg,"they call him the ""kgb agent"""
something,uN0yKJel5sA,UgzSfEGbYFexOjiDc9Z4AaABAg,ilya san always showing up when he needs to
something,uN0yKJel5sA,UgyOhpywAF-0jtCieqJ4AaABAg,what a year.
something,uN0yKJel5sA,UgwnnThMlqAGfnEUwX14AaABAg,"he is so calm and sharp. His movement is insane, he knows his capabilites with the agent"
something,uN0yKJel5sA,Ugw50nuLI_y28YeOC5x4AaABAg,"Its an obvious statement to make but I really feel that the last round of Masters Toronto really cemented the level he's at. He's always been criticized for his gameplay being too aggressive, too risky, or sometimes just SO questionable. But like it or not, it somehow consistently works and now he has a trophy to show for it."
something,uN0yKJel5sA,Ugyq4MgjAJpghYCI4ZV4AaABAg,i just wish he play reyna again one day and destroys everyone like he did in 2023
something,uN0yKJel5sA,UgzCNl0WQwEk98L0Jvd4AaABAg,"Bro, he just made 1/17 history"
something,uN0yKJel5sA,UgzU7ieVkZkjIv1py4d4AaABAg,"He's the type of player when performing you will feel a smurf has entered VCT
His reaction time might be top 3 in VCT"
something,uN0yKJel5sA,UgwCBh2Ix5SWxbUaAQB4AaABAg,he is the best awper in the game right now for sure
something,uN0yKJel5sA,UgxdkNw4SncNEzarp-V4AaABAg,My favourite  jett
something,uN0yKJel5sA,Ugwr-DiCp6nRgU4tOLt4AaABAg,I love ilyas playstyle and aim. His reactiontime is maybe one of the best in valorant
something,uN0yKJel5sA,UgwvSsED65VhxpjfoEB4AaABAg,"As a Japanese fan who’ve been rooting for him since he was in JP Tier2 scene, I’m really happy to see these 2 years performance. Still remember he scored above 500ACS as Reyna with default vandal in first streaming match lol"
something,uN0yKJel5sA,UgylndHVigfbGtPgnWt4AaABAg,I like something 2023 version against loud
something,uN0yKJel5sA,UgxSfVV9fEqZ_ANjQmt4AaABAg,bro is prob tied with texture with the most 4k's xD
something,uN0yKJel5sA,UgwfAcWH_LBpzLsiu0R4AaABAg,this channel is better than 90% highlight from vct player channel out there
something,uN0yKJel5sA,UgyLZ_bwnwKFY1ZSnEJ4AaABAg,The amount of 4ks he has he might be the real mr 4k
something,uN0yKJel5sA,UgxLfk-ucBh6TU0oj2t4AaABAg,Something's shots look so clueless but some how it hit 😂😂
something,uN0yKJel5sA,UgxNoeC6mw4fOOCgZCB4AaABAg,3:44 me in every prx round “I can’t  follow this”
something,uN0yKJel5sA,UgwM702QkIQntLtDQdR4AaABAg,1:26 json lol
something,uN0yKJel5sA,Ugxl_c4K_Ty0zSMAAwt4AaABAg,This guy is just SOMETHING else✋🙂🤚
something,uN0yKJel5sA,UgwGYVdRNbo5u2PT5HB4AaABAg,he's either at his best or worst. no in between. its heart attack every time watching him
something,uN0yKJel5sA,UgxDNu-xeXSe00lmBSV4AaABAg,6 months late but this was really well made bro
something,uN0yKJel5sA,UgwE4WNW3S9bPd2QOU14AaABAg,i still remember that one time something stood up before they won the round lol
something,uN0yKJel5sA,Ugw9frZu7RxUBSowlWl4AaABAg,something being able to adapt to yoru is also  a gift
something,uN0yKJel5sA,UgzsbaFXreU4bmoCaLF4AaABAg,THIS GUY JUST SHUT DOWN DEMON 1
something,uN0yKJel5sA,UgxYXrPJkvLNr3_x2Wd4AaABAg,"You gotta remember PRX is all getting old, I don't wanna see them retire bro..."
something,uN0yKJel5sA,Ugyz7zQpo0211ISEjzl4AaABAg,That play vs t1 is easily his best clip in my opinion
something,uN0yKJel5sA,Ugxgx1N1iGEymQIxxTp4AaABAg,bro has like more reyna clips than everyone else added together
something,uN0yKJel5sA,Ugx6iP-pD4bCDOXt1K94AaABAg,My GOAT
something,uN0yKJel5sA,Ugyt2oOzhu4GGyKmFqR4AaABAg,king is back ilya san 🎉
something,uN0yKJel5sA,UgzUw8rUqPg-qlUNsb54AaABAg,something has gone to next level
something,uN0yKJel5sA,Ugw6iIWNQTFHLh4fxuF4AaABAg,His peak Jett era was literally something else
something,uN0yKJel5sA,UgyepmYgSBr_JkDra0B4AaABAg,He’s been a monster in stage 2
something,uN0yKJel5sA,UgyZOBVYk1QnZJjJujJ4AaABAg,"Smith, Russian Hacker, Russian Tank, KGB Sleeper Agent."
something,uN0yKJel5sA,UgywLnalMt4_iP1nQwF4AaABAg,Dont forget he is the sole reason why valo nerfed Shorty
something,uN0yKJel5sA,UgyH3UkSWIfbphsuTP54AaABAg,"フラッシュ持ってるブリーチが
身体で全て解決するのマジで草生える"
something,uN0yKJel5sA,UgyiePd4Byk1wu0UOON4AaABAg,2:06 demon1 gozumde canlandı efsane bıse
something,uN0yKJel5sA,UgzQIf2ZCswlmmasElt4AaABAg,worst timing for this video to get recommended
something,uN0yKJel5sA,Ugxli8w4csKZwDVpzwZ4AaABAg,My russian spy goat
something,uN0yKJel5sA,UgyzRxSSQVsoMHxv7Wt4AaABAg,7:09 this shot is crazy. i'd report him if i saw that on ranked match
something,uN0yKJel5sA,UgwiX3jbmV5twz5z6H94AaABAg,2:28 faker is that you
something,uN0yKJel5sA,UgxtlngP6eFbKlpR0NN4AaABAg,"""Something is activating"" is dangerous statement for opponents"" ...russian diff"
something,uN0yKJel5sA,UgwDsm9tXGPgwQHacfR4AaABAg,why is the thumbnail like the guy from stranger things?
something,uN0yKJel5sA,UgzmCGze3yfach2esn54AaABAg,"11:31 yo, what happened to something's ammo?? No reload??"
something,uN0yKJel5sA,UgyaZ0YjgWyYzLPnMUx4AaABAg,my goat
something,uN0yKJel5sA,UgxIx63Z4TYx0jAfeoZ4AaABAg,the best russian spy there is.
Jinggg,VdtK49EvoxU,UgxYBKxxTSl2t0LmlM54AaABAg,"To confuse the enemy, you must first confuse yourself - Jingg"
Jinggg,VdtK49EvoxU,UgxCEUR9yB-zd9YwFkN4AaABAg,"Outplayed nrg
Outplayed david
Outplayed casters
Outplayed camera man
And 
Outplayed himself

LEGEND!!"
Jinggg,VdtK49EvoxU,Ugz7lY6glxZuZ2ojgEh4AaABAg,"Bamboozled NRG, the casters, the audience, the observers, his teammates and even himself. 

PRX in a nutshell."
Jinggg,VdtK49EvoxU,UgztiCiNrJqGBNwmgXd4AaABAg,"Idk but the funniest reaction was davai at A. He goes in and out, confused "" where the heck is this boy"" 😭😂😂😂😂"
Jinggg,VdtK49EvoxU,UgxCx6_feDudE_FaDER4AaABAg,Cameramen got outplayed too LMAOOO
Jinggg,VdtK49EvoxU,UgwWj8b2jp0hI7s_QN54AaABAg,"It was literally a ""Mission failed successfully"" moment from Jing's cancelled ult there"
Jinggg,VdtK49EvoxU,Ugy9UNftAkQdqBAgu-t4AaABAg,"bro genuinely faked everyone, keiko, brawk, DAVAI AND EVEN CAMERAMAN LMAOOOO"
Jinggg,VdtK49EvoxU,UgxW81yDBamRUXWyuE54AaABAg,I think what genuinely makes this clip so good is the 1 second pause of everyone wondering where jingg went and even the observer getting faked out...
Jinggg,VdtK49EvoxU,Ugytx0D48b8HV1NThDZ4AaABAg,"Nearly everyone: What on earth was that high IQ play??? (Pos)
Alecks: What on earth was that play??? (Neg)
David: What on earth???
JJ: What"
Jinggg,VdtK49EvoxU,Ugybh-egRg0FLMzpebh4AaABAg,"Fake is so good that even d4v4i, observer, and caster is bamboozled"
Jinggg,VdtK49EvoxU,UgynATglCWX_t-Hx5Bp4AaABAg,the most ±1000iq play of all time
Jinggg,VdtK49EvoxU,UgyqpamWz9QQuW4QewN4AaABAg,looking at davai just staring at jing's ult with a knife out is so fking funny lmfao like he does not know what to do anymore
Jinggg,VdtK49EvoxU,Ugw-LAD97yuPG-MVp_t4AaABAg,"The TP was a mistake, but the ability to decide, correct and cancel it was the 1000IQ"
Jinggg,VdtK49EvoxU,UgxpYGuT2im9s7Lvp9B4AaABAg,"Bro imagine being keiko at this moment. Lower finals of masters life map for his team on the tournament, 15 seconds left, enemy viper got A main and ulted there and the omen right next to him ults for A, you pull your knife to get to A asap, It is already an really hard round to win and out of nowhere a maniac shoots you from the back. We watching the game know that jingg fucked up the tp but mada might be thinking there is no way a human being can be this sick minded."
Jinggg,VdtK49EvoxU,UgxwIl3Qp1tfAEUa_gR4AaABAg,Stupid kid turned his mistake into a legendary moment😂
Jinggg,VdtK49EvoxU,UgxXl9wMojadEY1qcM14AaABAg,"Davai's ult also double sold the fake for NRG to instantly rotate, definitely not planned 😅"
Jinggg,VdtK49EvoxU,UgylrMI5APx_z67dujp4AaABAg,Also watching these always makes me respect Sliggy more and more. He is consistently the only one who always catches every hecking detail on the fly.
Jinggg,VdtK49EvoxU,UgzTv6LJAJzC5XFOC494AaABAg,"that moment, 3 out of the 4 players alive were probably confused af, maybe even all of em."
Jinggg,VdtK49EvoxU,UgwfVB-I3AixIBUXjLV4AaABAg,game so good he started fricking the chair 4:58
Jinggg,VdtK49EvoxU,UgzcvYIquKtK6tzrw-54AaABAg,Imagine being Nrg player getting outplayed by omen ult twice by prx in one tournament.
Jinggg,VdtK49EvoxU,Ugy-lJQdiNQqzbRm-054AaABAg,"it went from possibly the worst blunder, to one of the most legendary plays ever , the stuff that goes in history books.."
Jinggg,VdtK49EvoxU,Ugzhket7L0dKpwO6SB14AaABAg,"""the ultimate stupid kid into genius"" 😂"
Jinggg,VdtK49EvoxU,Ugx33DXMgM6GB9qxYT14AaABAg,poor guy is going to be overworked cutting clips after this series
Jinggg,VdtK49EvoxU,UgyL-UozTgAkbT-S3-14AaABAg,"The problem is he made a mistake and tped at the bottom of A main attacker side. 

He does not have enough time to run and reach site so canceling the ult is actually the only right play there.

Props to him figuring out immediately that he is not in the right place and making the split second decision that saved this round."
Jinggg,VdtK49EvoxU,UgxOu7EDKs_tcwMmf7t4AaABAg,jingg cancel it because of the tp is not on site but in A main LMAOOOOOO
Jinggg,VdtK49EvoxU,UgxMNQix0GMuygnZTO94AaABAg,"funny thing is the viper ult only added to the confusion that there's no way jingg would fake that ult. lmao, even davai was confused based on the observer's pov"
Jinggg,VdtK49EvoxU,UgyJLaUly44sSJohk-d4AaABAg,"I think he was panicking and thought the A bomb site would be on the right side of the map when opening the Omen ult, so he just instantly moved his mouse in that direction and clicked LOL"
Jinggg,VdtK49EvoxU,UgySU42Ug2RjAYSz5cB4AaABAg,"To confuse the enemy, you must first confuse aleck to- Jingg"
Jinggg,VdtK49EvoxU,UgxcCWkrHtMz7M3xIR94AaABAg,yet another down-to-history highlight (and this is just another day in the office for them). Who else but Paper Rex ?
Jinggg,VdtK49EvoxU,UgydT-kBAAX1PHiUcjd4AaABAg,10:47 lol these guys not even watching the round
Jinggg,VdtK49EvoxU,Ugx94BVuRCIZ15CO0op4AaABAg,Hats off to Sliggy and TMV who analyzed what’s going on there
Jinggg,VdtK49EvoxU,UgyPnEJcYOMGIlq2eR54AaABAg,he misclicked the tp and will not be enough time to plant. so he cancelled and it turned out to be high iq play haha
Jinggg,VdtK49EvoxU,UgxmBR9ONW9VpDVcIXR4AaABAg,"Dude this was actually insane. Jing and Davai totally intended for it to just be a post-plant at A with a Viper's Pit in play but I think Jing was just trying to TP really quickly and didn't notice the time. But because NRG heard both ult voicelines, plus why would anyone even remotely try to fake there, and because Jing had to cancel the ult, it just ended up working out perfectly. This is why we love PRX. Anywho, Tarik skip button at 2:42."
Jinggg,VdtK49EvoxU,UgzO8ZX0-3r_5YVcNgd4AaABAg,Bro Confusing everyone including his own team😂 ~ Don't doubt Professor Jing😂
Jinggg,VdtK49EvoxU,UgwyWpATjO3bBn5c4yB4AaABAg,"""STUPID KI-""
""genius...."" 
- alecks probably"
Jinggg,VdtK49EvoxU,UgxpPl7OUQdWPIIx3qd4AaABAg,"he trick his enemies, his teammates, and himself"
Jinggg,VdtK49EvoxU,UgwPWaAHs8oy5u7sYkl4AaABAg,NRG will be having Omen nightmares. First was Forsaken TP to ACE and to qualify for playoffs then the Jinggg fake TP is insane! 🔥
Jinggg,VdtK49EvoxU,UgwTSapzZ2wOP3kD6oB4AaABAg,"jinggg confused everyone including himself lol, and davai was just waiting on A, like ""wait what?"""
Jinggg,VdtK49EvoxU,UgywL2WLFfTcV5wEBsx4AaABAg,0:42 jinggg stands up 🥺🥺🌹🌹
Jinggg,VdtK49EvoxU,UgwIqfZannyffeBnl8R4AaABAg,"Making a mistake, yet capitalizing on it is such a certified Paper Rex moment."
Jinggg,VdtK49EvoxU,UgwWsQ-LQwyMh8ixPiB4AaABAg,opiumomen must be proud
Jinggg,VdtK49EvoxU,UgyEAXaRKFt9zsx7PAJ4AaABAg,11:08 just ignored it completely xd
Jinggg,VdtK49EvoxU,UgyV5uavVnPMZ5DS2yV4AaABAg,Tbh to make a good situation out of a bad situation that fast is crazy
Jinggg,VdtK49EvoxU,Ugy4WNW5pJ3y7c2Y1Ax4AaABAg,11:45 these guys weren't even paying attention lmao
Jinggg,VdtK49EvoxU,UgzXw9OIfoC8Id5HT1Z4AaABAg,"""If I dont know what I am doing, the enemy wont know what I am doing"" - Jinggg Tzu"
Jinggg,VdtK49EvoxU,UgwZvTX89zHPo_0bRPZ4AaABAg,I really like that Forsaken pushed Jing to stand up and live the moment. ❤
Jinggg,VdtK49EvoxU,UgxExMAiH2yzdFxyMt94AaABAg,The snake bite on the end of the round too lmaooo
Jinggg,VdtK49EvoxU,Ugyy92unOte06dFAdZR4AaABAg,"it just looks so intentional because jinggg looked like he actually waited for that ult bar almost over until he cancel lmao, in actuality he just panicked and destiny was on his side."
Jinggg,VdtK49EvoxU,Ugynhu8kCohyl431cJZ4AaABAg,"Based on my analysis:
1. Jinggg didn't mean to TP to A Lobby, he needs to get out from B ASAP to survive because he knows 2 Defenders are on B
2. Both Defenders immediately going A because Davai and Jinggg using Ultimate
3. Jinggg or his teammates realize he won't have enough time to plant because he TPed a bit too far from A, so he had to cancel

4. We've seen what happens next"
Jinggg,VdtK49EvoxU,UgzOxrMCTfMF-B8YTVl4AaABAg,He outcrazed Forsaken on Omen with this accidental play lmao such a banger map
Boaster,KVgsDp9pB64,UgyqiTNDVCIk0EjZOxF4AaABAg,the way he control that scenario is actually insane
Boaster,KVgsDp9pB64,UgwiPLhFb3J7WCk-t554AaABAg,"Me, a virgin Sentinel main: “nOooOoOo, you can’t lurk Jett and Reyna!!! You’re supposed to be entrying!!!!”

Boaster, a gigachad initiator IGL: “Jett and Reyna, lurk please.”"
Boaster,KVgsDp9pB64,UgxMp0lt8MZlG9NaULd4AaABAg,A big factor as to why that worked so well is because his teammates actually listened and followed his calls to a tee rare in ranked
Boaster,KVgsDp9pB64,UgyVYZFEbKGI7dydGW54AaABAg,"The absolute gigachad told the DUELISTS to lurk, what a lad"
Boaster,KVgsDp9pB64,UgxuZ6Dh7OeejXbcOyJ4AaABAg,"To everyone complaining their teammates don’t listen:
Step 1: treat your team with respect. Nobody is gonna listen if you’re bossing them around and flaming them if they fail.
Step 2: call strats that are simple enough for your team to understand and simple enough for you to explain well. Your strat could be perfect in your head, but if you explain it poorly then your teammates could be trying to listen but just don’t understand exactly what you mean.
Step 3: sometimes your team won’t listen but other times they will. Gaining rank is a process over time so if you’re doing it well, you’ll win more in the long run."
Boaster,KVgsDp9pB64,UgyPHJqqkiQWMofwpbR4AaABAg,BOASTER PROFESSOR OF VALORANT
Boaster,KVgsDp9pB64,UgyWZ6DRCRvdOuk5Sh14AaABAg,"sadly even if someone in lower ranks tries to call this strat, their team would not listen or not listen fully and only do some part of the plan"
Boaster,KVgsDp9pB64,UgzXLIhXm5e1Gr54qH94AaABAg,He is insane🔥🔥
Boaster,KVgsDp9pB64,Ugzt_hjoZDXDEuHar1h4AaABAg,That taunt at the end 😂
Boaster,KVgsDp9pB64,UgwNYr8GiuBJGlw5fc54AaABAg,I love how people saying their teammates dont listen are thinking they could igl even a fraction as well as boaster lol
Boaster,KVgsDp9pB64,UgwkDs5pUadvPPqUJF14AaABAg,"Incredible stuff by boaster, he shows just how calm and collected he is. Even when peaking first making sure his teammates are setup for success 🙌"
Boaster,KVgsDp9pB64,UgwFoGiSWVS_c5v8sp54AaABAg,0:45 thought he starts dancing again 😂
Boaster,KVgsDp9pB64,UgzFuyBmbY9u7_U3vUt4AaABAg,this guy and his team sat down the best teams in the world … haha crazy to think about
Boaster,KVgsDp9pB64,Ugx0yVmXTZX87SnYx9t4AaABAg,Who would've thought Boaster using Kay/o again
Boaster,KVgsDp9pB64,Ugx-scMgUxizWxQ1SDV4AaABAg,the thing is his teammates listened to what he said.... otherwise jett on my team will already be planning to lurk 😂
Boaster,KVgsDp9pB64,Ugydz61HzzL6tm83Oc14AaABAg,woah jett and reyna lurking? this is just like my ranked games 👍
Boaster,KVgsDp9pB64,UgxtqaOHMyx6OLFh6ph4AaABAg,"In low elo (plat and below) no body likes to call strats or plays no matter how basic and everyone does their thing, this here is the main thing costing games. I started climbing when i started giving directions in the round, ie a bit of igl-ing to my best capacity, and NEVER flame or blame, keep up a good spirit, and my wins increased quite a bit!"
Boaster,KVgsDp9pB64,Ugxhcx2eElj1qciqls94AaABAg,"Anyone sees him at first says what a joker he is 
But we see hus gameplay
Oooo boy
He is a master mind of perfect classical gameplays"
Boaster,KVgsDp9pB64,UgxAjzaU6aJnmB-lq_54AaABAg,Probably my favorite igl
Boaster,KVgsDp9pB64,UgxUXX8WE7v43YqSR9J4AaABAg,"A leader must treat his subordinates as his equal in terms of respect and a leader must be confident. That's how u become a good igl, among many factors. That's how i make my team listen."
Boaster,KVgsDp9pB64,UgwN6gTbFAg6dCyHqUd4AaABAg,That reminds me of how i call in games…. i dont wanna be that guy but there have been seemingly unwinnable games that i took over as igl and won for the squad
Boaster,KVgsDp9pB64,UgyAzKcf2_8NqDs-cIp4AaABAg,insane man
Boaster,KVgsDp9pB64,UgzRLl-dHInsWpYwMvx4AaABAg,step 1: have teammates that listen
Boaster,KVgsDp9pB64,UgyqdkGNnbRpnnRT5YF4AaABAg,sounds like a pilot 💪🏻
Boaster,KVgsDp9pB64,Ugzl0Mocnk4MlRvIWj14AaABAg,"This guy is made for this 🥵
I see him as a successful coach in the future"
Boaster,KVgsDp9pB64,Ugwx4WRRl_AI3KDqRCR4AaABAg,My favorite thing is to try this in my play lobbies then just have brim stim and run out of smoke insta die then reyna push smoke to trade and dies then I get one tapped through smoke meanwhile Jett still sitting in ramen
Boaster,KVgsDp9pB64,Ugx2lXZcimd_wBrnGKJ4AaABAg,Even with full respect to them (my teammates) they won't listen
Boaster,KVgsDp9pB64,Ugwte1rEXEmkGLK23JR4AaABAg,Wowoow
Boaster,KVgsDp9pB64,UgwrjCF_4SLkl29VXQR4AaABAg,Meanwhile my Reyna runs thru the smoke dies and the brim try's to trade and he dies
Boaster,KVgsDp9pB64,UgxTyxv-vjCitNIjeAV4AaABAg,he forgot to tell his team to fake the plant 5 times tho
Boaster,KVgsDp9pB64,UgzFnqX1rSpaknuUTmt4AaABAg,In low elo people would not listen to you and just rush site even if the enemy team are throwing quadrillon utils at you. Then the instalock jett would cuss on the team for not being able to  follow him like we all had dashes ourselves.
Boaster,KVgsDp9pB64,UgwIqSrhJGCuNIGOTO94AaABAg,"Lol even in immortal people don listen to my coms this good they are like,""dude, i am tenz WATCH THISSS"".😐"
Boaster,KVgsDp9pB64,UgymIoXep23f2c5HZb14AaABAg,Why it is recommended to me after they lost 13-0 in split
Boaster,KVgsDp9pB64,UgyCeXS1XYhQsAjfki54AaABAg,"me explaining concise strat : 

teammate: ""shut the fuck up!"" > *rush alone* > *ded* > *blame bot frag*"
Boaster,KVgsDp9pB64,UgxaGB-Pzapa6XKXayJ4AaABAg,"as an iron 3 , i 100% guarantee that if i was in this situation I would just tell my team to push at the same time and we kill them"
Boaster,KVgsDp9pB64,UgyS5ndu78-fRI5uHOt4AaABAg,IGLing actually broken in ranked that shit got me to diamond and 95% of the games i dont even get 15 kills
Boaster,KVgsDp9pB64,UgxkZpZU6IcCoVChECR4AaABAg,then the 3v1 is lost
Boaster,KVgsDp9pB64,UgwA1LhBjLNAWMeQn0p4AaABAg,I'm currently silver and I often manage to pull of plays like that. To be able to control your plays you need to play either as an initiator or a controller so you can guide everyone. But the most important thing is to be nice to your team and encourage everyone. If you do that they'll listen to you for sure :)
Boaster,KVgsDp9pB64,Ugw2Z0pPJ_JNoxrFpdp4AaABAg,Ytf is Cypher planting safe when the site is secured?
Boaster,KVgsDp9pB64,Ugxb5u_QArikw-32sb54AaABAg,the site is locked
Boaster,KVgsDp9pB64,Ugx00DcbM7XTyKmHYuV4AaABAg,lmao
Boaster,KVgsDp9pB64,Ugx1cTaSq0dUURzpFWd4AaABAg,"My intention isn't to disrespect or underestimate boaster but i don't get what is ""insane"" from this clip. Pretty normal igl stuff to me"
Boaster,KVgsDp9pB64,UgwW1oo1rxrFA5E_Jkh4AaABAg,Wait is the site locked or is it locked
Boaster,KVgsDp9pB64,UgxzjMIyHVSlCFBFf9x4AaABAg,Boaster plays like he has walls
Boaster,KVgsDp9pB64,UgzFv0FWWQUzPH2ZzUR4AaABAg,😂
Boaster,KVgsDp9pB64,UgwH9rj-IuagbZUYLMh4AaABAg,calling in RANKED KEKW LMFAO
Boaster,KVgsDp9pB64,UgwejhZ3B_XvzFFzFdZ4AaABAg,"His aim is so trash comparing to other pros tbh but hes smart af, he should be coaching or sum it would be much better"
Boaster,KVgsDp9pB64,UgzPkkasQ-Vdw_DAx9l4AaABAg,None of this was impressive really
yay,6_5ksPccmQA,UgwSJSPniX96NTMhghJ4AaABAg,"C9 in 2023: We lost our first 2 games. kick a player. 
C9 in 2024: We lost our first 2 games. kick a player."
yay,6_5ksPccmQA,Ugz8u9OJOZxRQWVgbYx4AaABAg,"If Yay wants to reach OPTIC Yay level again, either Riot buffs Chamber to Meta again or Yay adapts the current meta and have a wide agent pool"
yay,6_5ksPccmQA,Ugw379SQ7Zvyup2uIWt4AaABAg,The way Tenz was able to frag out on Omen lately is a good example of what Yay needs to grow into.  You can't be the aggressive hyper-carry forever.  No one can stay at the top of their game forever.  Eventually you have to rely on more than reaction speed & audacity.  Intelligent play & good team synergy is key for when you're not just full-blown out-aiming everyone.
yay,6_5ksPccmQA,UgwkWROppNp3qxNuwm94AaABAg,13:39 you can tell they already had most of the video recorded but they added  this part in because BLEED flopped out of groups
yay,6_5ksPccmQA,UgyqoRZAdADIp4NB4_p4AaABAg,If anything we've learnt so far. The fate of all valorant stars is to fade away into a controller.
yay,6_5ksPccmQA,UgwurqgaWZ6TFuBC3fh4AaABAg,VALORANT superstars = being the best for a year.
yay,6_5ksPccmQA,Ugx8HryZXEpvRFV9XKV4AaABAg,"i just think that yay's entire story is a testament to what truly matters in VALORANT: flexibility. pro players cant expect to stay at the top doing the same thing over and over again, playing the same agents and sticking to one meta. we've seen this in FNATIC and NAVI losing an elimination game to two of the lowest rated teams in EU, and Tenz having to expand his agent pool in order to be at the top again. The players and the teams that are CONSISTENTLY at the top are the ones that ADAPT. This is why the best players in the world arent ppl like yay or demon1, they're ppl like Forsaken, Chronicle, and Saadhak. On top of having good mechanics, they're the ones who have truly learned the game the most, so they can shift across different metas very easily.

Also... its a team game. You can only go so far with a star player carrying the team."
yay,6_5ksPccmQA,UgxulxvFyci9_mA9dHh4AaABAg,This video as a yay fan hurts me. Sucks to see him like this after his year in 2022. We still believe in the yay comeback 🙏🙏
yay,6_5ksPccmQA,Ugz4R2yRfIhfTDruLDF4AaABAg,i feel like could be in a tenz situation wherein he's put in a spot that wont make him showcase his full potential but once the right pieces arrive he'll dominate again
yay,6_5ksPccmQA,Ugwp2zIIQ5S6caOamhN4AaABAg,the stax wave against c9 is still one of the greatest moments ever
yay,6_5ksPccmQA,UgwwQoQsY8cgCb4mJdh4AaABAg,"much credit goes to fns for utilizing yay's potential and making a team structured around yay. also optic started playing chamber earlier than other teams so yay became more confident on it. but sadly he stayed in the past and didnt make any changes to his playstyle or got into a team which was better fit for him. just think about it, the last match yay won was lock in against prx the only match he played in franchise. he was just not ready for the change valorant is going through and yay either needs time like tenz to get comfortable on other roles or he should have an entire team made around him (supporting his jett or chamber) where the later is just not plausible."
yay,6_5ksPccmQA,UgxOc2ahWf3XPsdOuNF4AaABAg,Sad man hope he gets his redemption arc soon
yay,6_5ksPccmQA,UgyfvXSPFqFyuwYsYFJ4AaABAg,"yay was one of the best mechanically gifted players and probably still is. bro had amazing crosshair placement and flicks. people just fixate on his chamber gameplay when what made yay yay was his skills themselves. man fragged out on sage on his optic days but was amazing on jett too. 
chamber was just so busted that you needed to use him and he just played chamber the best. the only issue is he needs a team structured around him to shine the most, just like most other duelist players. given the correct opportunity im sure he can takeover once again."
yay,6_5ksPccmQA,Ugw1PjuO69hwaEKyNkJ4AaABAg,I feel like yay just had to be in a really comfortable place to play well
yay,6_5ksPccmQA,UgxtuzejPKPhypY7tll4AaABAg,I miss OpTic Valorant man :(
yay,6_5ksPccmQA,UgxisZG527Npicp65mV4AaABAg,He will be remembered as El Diablo himself
yay,6_5ksPccmQA,Ugz5O351y3Kv3mvqHm14AaABAg,Bleed should of put him on chamber instead of viper
yay,6_5ksPccmQA,Ugx0LS-8b0sIwTPXfwh4AaABAg,"Well, this was literally a question on my mind, thank you for the video!"
yay,6_5ksPccmQA,Ugzf2qGQyz9KWRB12Xt4AaABAg,You did him dirty with the thumbnail 😂😂😂
yay,6_5ksPccmQA,UgxiDLXo1-7vV1gXhax4AaABAg,The other 4 OPTICs are actual superstars.
yay,6_5ksPccmQA,UgxL5uxAydzfJL8H4Zp4AaABAg,This thumbnail got that early 2 thousands mystery/horror movie vibe 😂
yay,6_5ksPccmQA,Ugxh8kaVY_MVtqyR9XV4AaABAg,"Without the Chamber meta, yay is just okay. Nothing much other than that."
yay,6_5ksPccmQA,Ugxbv_cIYaUXlZaoucd4AaABAg,why is ethos in this video like he was on optic 💀
yay,6_5ksPccmQA,UgyoiK9ujp_AtzzkbdB4AaABAg,Showing tenz as a star that hasn’t gone the distance is a bad look lol
yay,6_5ksPccmQA,UgzJHNiyvi7DI-ifPuN4AaABAg,"This left out the twitter drama that was, imo, more than 50% responsible for the destruction of his reputation"
yay,6_5ksPccmQA,UgzuyEKVqqkdyUpvliZ4AaABAg,"Man, he still is my favourite player. What a humble guy with incredible talent. 
I hope he comes back stronger and becomes the yay we know from optic. 
El Diablitoooooo !!"
yay,6_5ksPccmQA,UgwXaXXqhts7BsSC1BV4AaABAg,0:50 vic just left poor chet hanging
yay,6_5ksPccmQA,UgybZJW6uxUdEafHBi14AaABAg,"i dont think yay just could dropped like that randomly, riot did a big big mistake to optic and something surely happened in cloud9, what makes me really upset. sadly, we will never know the truth, just hope yay will find his own way and will show up there as a shiny star again. thanks for vid, wishing yay all of the luck!"
yay,6_5ksPccmQA,UgyMGk8WEr9O7ZHi90x4AaABAg,Ive been a Yayfan since like 21 or smth when i saw him in my first ever vctmatch i watched.
yay,6_5ksPccmQA,UgxYnYzuGQq023bZ19x4AaABAg,Toast's silent disappointment is always funny to me xD
yay,6_5ksPccmQA,UgyyRkhFbTKa8522B1V4AaABAg,whats the random 100 thieves clip doing in a yay montage 💀wrong video guys
yay,6_5ksPccmQA,Ugwj8Xy2ToL1fp1HHR54AaABAg,"honestly, if BLEED dont make it to shanghai, I don't see why they will keep yay on the team, it'll be another c9"
yay,6_5ksPccmQA,UgxswmJDt3yDo9_solh4AaABAg,"El Diablo is in his slumber. When he wakes, the world will crumble under his feet."
yay,6_5ksPccmQA,UgyD-k-7TUi99WrCDVd4AaABAg,"I think its not the teams fault nor the orgs fault, I think yay's mental has been damaged so bad that it's hard for him to make plays anymore and I do believe mental plays a big role in performing well. He is good but he needs to fix his mental first and start on the basics again like aim and mechanics he needs to be confident first in his abilities before he becomes confident with a team, he needs to respect other teams ( that sometimes other teams are just better and he needs to learn how to counter that ) , the fact and truth is he is not good anymore but he can be again if he learns to humble himself and start from the beginning what ever region you go in there will always be good players whether its NA or Pacific, He was 0-8 i think in a match here in the pacific if I remember ."
yay,6_5ksPccmQA,UgyFcUktFGMHixBu5G94AaABAg,Talk about Wardell's fall from grace next
yay,6_5ksPccmQA,UgzsKTeKIwCMp9QypR94AaABAg,HOW HAVE I ALRDY WATCHED THIS VID WITHIN A MIN OF UPLOAD
yay,6_5ksPccmQA,Ugy7APb5ERZG-CWUl054AaABAg,people saying yay is washed forgetting that riot needed to nerf chamber bcz of yay
yay,6_5ksPccmQA,UgwIJunEs73f4r0XR0R4AaABAg,One day he will come back
yay,6_5ksPccmQA,UgzBVWlHiYVP0PJ4IUV4AaABAg,meanwhile optic core got 4-0'd by billy billy
yay,6_5ksPccmQA,UgwyHm_yxGVCGUWUGOZ4AaABAg,He is my favorite player since i watch the KRU vs OPTC and i still cheering for him. Watching him in DSG. The team didn't work he wasn't playing well and now with Bleed the coach isn't helpful but i still hope that he will be on top again. Maybe not the same as it was with OpTic but he will raise to the top again.
yay,6_5ksPccmQA,UgwKI4eRpzmJnpaqn0Z4AaABAg,Yay's unupgraded ion operator used to give me such a headache
yay,6_5ksPccmQA,UgynkYdWIKM1DHLG9N94AaABAg,He will be missed 🙏
yay,6_5ksPccmQA,UgySIAsBnLcd3ZlEcOl4AaABAg,"""The Tragedy of Valorant's Lost Superstar"" ? I thought someone died seeing this"
yay,6_5ksPccmQA,UgwuEmCWz4TLkw9EwCN4AaABAg,People underestimate how much value crashies fns and marved support provides
yay,6_5ksPccmQA,UgyiMLEShumPjqfwl1F4AaABAg,Yay: The Finished Chamber Merchant
yay,6_5ksPccmQA,Ugxie6JdIQa4-nT-s5N4AaABAg,HE WILL ALWAYS BE MY GOAT
yay,6_5ksPccmQA,UgzNw3kl9hgRm7kd4lN4AaABAg,"I feel like we see this happen often. A player reaches superstar level, gets paid a big bag, then loses a lot of the ambition they had before. 

He still has the ability, just currently not the drive."
yay,6_5ksPccmQA,Ugyuo6co-DRouAqmfid4AaABAg,dude hasnt showered in years
yay,6_5ksPccmQA,UgxCGHqmUT7O7mCe1nF4AaABAg,"when you have a lot to prove, the pressure goes to the roof. Not an easy thing to handle"
yay,6_5ksPccmQA,UgxcEWUAEo3kEZnt6KB4AaABAg,I have some insider knowledge in bleed that the boss is really pissed off at yay's recent performance and is thinking about releasing his contract
aspas,NdBum_Nd_iM,UgxxaUNthMUqL_2EG8d4AaABAg,Nice job not getting 1 tapped!!!
aspas,NdBum_Nd_iM,Ugzv1B2Rg_xJYAfkOYd4AaABAg,Don’t ask why a val cc edits his clips short hehe
aspas,NdBum_Nd_iM,UgxArEnMMhVUjf7OJzN4AaABAg,"bruhh dpi and,sens?"
aspas,NdBum_Nd_iM,Ugy_ld9iW4mB5-I5IZx4AaABAg,This crosshair code plz
aspas,NdBum_Nd_iM,UgxhYFU0siiyLHMqEAF4AaABAg,"Bruh, how is that even possible? I know aspas is a God but the enemies must be either bronze or just trash to spray and pray on him like that"
aspas,NdBum_Nd_iM,UgwOllnQNEIr3GddiWx4AaABAg,"Yes but they just crouch sprayed him like silvers lmao, 0 movement"
aspas,NdBum_Nd_iM,UgzPhaYqFpzUF7p3LRJ4AaABAg,He didn't click the mouse??
zekken,d44EIO-8JFg,UgxZ-y2wNg-F7Z-Byux4AaABAg,We lost from a CN team... Aint real 🥀🥀💔
zekken,d44EIO-8JFg,Ugye-KSSb8X3zXo1pQJ4AaABAg,posting this whille they are playin rn is crazy
zekken,d44EIO-8JFg,UgwUNoSrZN4L_LwkWzp4AaABAg,I miss zekken
zekken,d44EIO-8JFg,UgybRF1c0CT0mO0oXGN4AaABAg,"first tenz, sacy, and now zekken…. the roster with tenz, zekken, zellsis, sacy, and johnQT was the best iteration of sentinels. that roster, that year when we won madrid and beat GENG the undisputed best team in the world and got 4th place at worlds… i’ll never forget that era. 

only john is left.. and i guarantee you he’s only still with sentinels because they’re getting him his green card so he can live here permanently."
zekken,d44EIO-8JFg,Ugyv_KcXjM1B52TQvqR4AaABAg,Our sen is fallen plz come back we love you guys this is not what we expected 😢😊
zekken,d44EIO-8JFg,UgyOSrvzw7drNIGb6j54AaABAg,Zekken😢
zekken,d44EIO-8JFg,Ugz44fWBTGwpBHixvpJ4AaABAg,Why didn't you guys post any clips from the matches you won??
zekken,d44EIO-8JFg,UgyMrakSvmykYT_CltR4AaABAg,here after the bots :sob:
zekken,d44EIO-8JFg,Ugz6v2327tj-7b0m02J4AaABAg,This roster was better than the current one rn😢
zekken,d44EIO-8JFg,UgwTNUxpV3cDIVdLYtx4AaABAg,"I don't understand why zellsis swing there he even said
 ""all 3 of them, I'll flank late"" 
Then why you swing,  before they even cross ct 😑"
zekken,d44EIO-8JFg,UgwyY1zE5WuoABZ7aIR4AaABAg,Bro just switch john back to senti and zellsis go back to initiator cause zellsis played more initiator and has lots of expirience from 2024 and the days in c9 and pre franchising and we saw how good the igl of john and he vould make such clutch plays and he looks very comfortable on cypher and kj just switch it back man
zekken,d44EIO-8JFg,UgxJ8JMXYfCkcIj2Ta54AaABAg,Who miss tenz 😢😢
zekken,d44EIO-8JFg,Ugzw9XYxflVhZCv3aKt4AaABAg,0-2 at champs :(
zekken,d44EIO-8JFg,UgznJ4JCySzcth88FuF4AaABAg,Btw they lost 2-1 😂
Alfajer,ygIPEeH75Lg,UgwagyrpIqzuiDek30l4AaABAg,"Yeah.. thats how it feels TenZ, thats how it felt in 2021"
Alfajer,ygIPEeH75Lg,Ugxj1D9N0T4IKsxcAU14AaABAg,Tenz the reactor is not too shabby
Alfajer,ygIPEeH75Lg,UgywjtAQ4tTMeZcDVzd4AaABAg,That's why he was Man of the tournament
Alfajer,ygIPEeH75Lg,UgyRWI0e_5LetZ92g714AaABAg,1 comment and a War
Alfajer,ygIPEeH75Lg,UgxU9PWvn1xlLyFuGkN4AaABAg,Well he does Boaster's part too
Alfajer,ygIPEeH75Lg,UgwLPoplZ8bxZMVZIVd4AaABAg,wait this is the match fns was talking about
Alfajer,ygIPEeH75Lg,UgzbZqtmjW9Q2GAS_Xx4AaABAg,"now i know why nrg lose w comp, raze victor"
Alfajer,ygIPEeH75Lg,UgzXdc6kpdJS24ZTtiZ4AaABAg,2023 Alfa or 2025 Alfa?
Alfajer,ygIPEeH75Lg,Ugy5U3FJ8hOGG5_Ek4V4AaABAg,I kileld alfajer in rank this is nothing
Alfajer,ygIPEeH75Lg,UgzU9KKB5V7KLb9eKKN4AaABAg,Now alfajer has lowkey fallen off
yay,PnrAd3nrBTA,Ugw_Gh5QP6u2VoD2dAV4AaABAg,blud stood in a random spot in spawn and got perfectly preaimed
yay,PnrAd3nrBTA,UgxJQK3L6s77EW40Bth4AaABAg,His aim is so efficient that it looks like he's playing in slow-motion.
yay,PnrAd3nrBTA,UgwDjD6iCCuiywnyab94AaABAg,the best
yay,PnrAd3nrBTA,Ugx3SdySZupgG7kEYOl4AaABAg,Yay is wonderful
yay,PnrAd3nrBTA,UgwlsR4SfLg1YXeKkqN4AaABAg,Coms back in my recommended
yay,PnrAd3nrBTA,UgyYTtfPwzMnqaqVh_h4AaABAg,Please come back sir yay
yay,PnrAd3nrBTA,UgxsAT3yrINSkEPDfrp4AaABAg,what da skye doink
yay,PnrAd3nrBTA,UgzM793AzjjUOMlthTZ4AaABAg,Bro really did the *gently kills you*
yay,PnrAd3nrBTA,UgwTJWGu8c5LwdsqMVp4AaABAg,What is that crosshair placement 😭🔥
yay,PnrAd3nrBTA,UgxatUxgEy7EN6aPPPp4AaABAg,So good crosshair
yay,PnrAd3nrBTA,UgwUeOpJKg8epSTNl5d4AaABAg,うっまと思って誰かと思ったらyayやった
yay,PnrAd3nrBTA,UgxxzJliipFX6jtGQzp4AaABAg,NRGDIABLO
yay,PnrAd3nrBTA,Ugy7Sc407c0Fa5ceVnJ4AaABAg,"I mean, looks like the same aim all val pros have in their best clips lmao."
yay,PnrAd3nrBTA,UgyYZlR6pppTrwmRITZ4AaABAg,This game is all aim fr
yay,PnrAd3nrBTA,Ugy3VTcKLBjmF7ErOuF4AaABAg,Wl diablo for a reason
yay,PnrAd3nrBTA,Ugy74zVsV8bevrEmmgt4AaABAg,Норм на железе играть
yay,PnrAd3nrBTA,Ugx_awbhdud5t-scqcF4AaABAg,"Damn, this guy needs to go pro or sth"
yay,PnrAd3nrBTA,Ugy5oiz99Fhr_bp93Kl4AaABAg,Played like he's using a controller
yay,PnrAd3nrBTA,Ugwp4NgNF5IGb0dBQA94AaABAg,the greatest player of all time (I swear if OPTC was in franchise they would be winning lmao)
yay,PnrAd3nrBTA,UgyJRESuGD0TleLuU3h4AaABAg,Tier 2 player lmao
yay,PnrAd3nrBTA,UgwG1tH2FGNVn7BjSFR4AaABAg,"It looks like he is playing against iron players, I miss prime yay😭"
yay,PnrAd3nrBTA,UgwyI1qKQInFe5Z5uyV4AaABAg,"Where was this with DSG, u made our little Asian man suffer for no reason😂"
yay,PnrAd3nrBTA,UgxBg3UhYZWw9Vn7HhN4AaABAg,Very clean when 2 of them are braindead and standing still😅
yay,PnrAd3nrBTA,UgwJFMrDi3KrhrLcs054AaABAg,Are these enemies crypto throwing or what
yay,PnrAd3nrBTA,UgycbZEsKs2ZU46diBp4AaABAg,He’s playing against NPC’s 😒😒
yay,PnrAd3nrBTA,UgzU-lkRKPfbgF71IHp4AaABAg,I dont wanna be a hater but none of these shots are impressive.
yay,PnrAd3nrBTA,UgyHQjvBGvRm91crBj94AaABAg,Iron lobbies be like
Jinggg,o3j4_66ZjOU,UgzHXtuYOl2I0fThpu94AaABAg,Bro actually included a clip from today. Damn good job
Jinggg,o3j4_66ZjOU,UgzedNm_YFEnkslIB-h4AaABAg,Jingg and Aspas are THE duelists.
Jinggg,o3j4_66ZjOU,UgyfeQzLNwMB2qmbw3R4AaABAg,bruh im watching this after prx lost to 100t in shanghai 😆
Jinggg,o3j4_66ZjOU,UgwsvRaGN1yGz3YabN54AaABAg,"Bro really used Clips from TODAY. Props to you, great work!"
Jinggg,o3j4_66ZjOU,UgxUclrfvt0hqa9ijHR4AaABAg,"16:36 ""make that four from jinggg ding a ling ling!!"" 😭"
Jinggg,o3j4_66ZjOU,UgyE3FUgzB8NePu01fB4AaABAg,"Man, watching Jinggg really made Raze a fun agent to play. Kinda cool HWHAHHWHAH"
Jinggg,o3j4_66ZjOU,UgyRFVyyA_ZiLQg9Whp4AaABAg,best raze player ever
Jinggg,o3j4_66ZjOU,UgzRSZea122_oRhgDeZ4AaABAg,I read the thumbnail as gyatt
Jinggg,o3j4_66ZjOU,UgwjFMK9e_YZL6uUZV54AaABAg,Sad fact: those were 32 not 40
Jinggg,o3j4_66ZjOU,Ugx-kiAQn3YTwnLTXi54AaABAg,Even tho they lost to 100 thieves PRX Jinggg and PRX in General will always be the best team to me ever my I hope this team bever Changes to be honest
Jinggg,o3j4_66ZjOU,Ugw2rFlsP82cfVJEL8R4AaABAg,"Dont know he is the best or not, But JINGGG is and will be the best RAZE of all time."
Jinggg,o3j4_66ZjOU,UgwvthVSOJFpfjh2jeZ4AaABAg,prx literally like to troll like i still remember when with 100t im so pissed like
Jinggg,o3j4_66ZjOU,UgzZXB7OHMV6FJPooAR4AaABAg,brother fell before Asuna and 100 Thieves
Jinggg,o3j4_66ZjOU,Ugyp6ykIGw9orlEwDf94AaABAg,12.17 LMAAAOOOOOOO
Jinggg,o3j4_66ZjOU,UgyiYZkezKthillpS-94AaABAg,jingg don't lose hope you can fight back again have a rest and bang with the seccond stage
Jinggg,o3j4_66ZjOU,UgxL6g4wX3kxjnsISgZ4AaABAg,The fact that they throw multiple advantage against 100t was dumb.
Jinggg,o3j4_66ZjOU,UgzgRrZmFWd8dpZYdcB4AaABAg,13:43 What's demon1 doing there
Jinggg,o3j4_66ZjOU,UgwFP493VNL3xxVhFsh4AaABAg,"lol, can't stop laughing at the last moment :))))"
Jinggg,o3j4_66ZjOU,UgzUHFo1IVnjns-L6E94AaABAg,where is that insane reyna clip vs drx bruh
Jinggg,o3j4_66ZjOU,UgxXAVvHrCcsZ2XuOwJ4AaABAg,"bro posted after prx lost , btw nice compilation🤟"
Jinggg,o3j4_66ZjOU,UgwPj_uG77DxRkRf68Z4AaABAg,"Favorite doesn't mean GOAT
GOAT need long career achievement, multi trophys something like that."
Jinggg,o3j4_66ZjOU,Ugzf_OJ38jX4yYfXHZt4AaABAg,you should make a video with clips of CGRS proving why hes the best sub in valorant
Jinggg,o3j4_66ZjOU,UgzPvNWtmVYr60aXkaB4AaABAg,he may be the best raze player but it hurts so much to see even him couldn't bring prx to a win today
Jinggg,o3j4_66ZjOU,UgzeCAgq62Tv4MxNW2B4AaABAg,"1:58  3:17 
BATTLE SAGE JINGGG 😬😬😬"
Jinggg,o3j4_66ZjOU,Ugx62aCIGeI9ok-PO794AaABAg,I am watching this after paper X lost to G2 and Jing played so bad 5 20 :(
Jinggg,o3j4_66ZjOU,UgwcgzrcvX18ScI1x3p4AaABAg,From the best to the thrower
Jinggg,o3j4_66ZjOU,UgyQat89hVk699l9Ift4AaABAg,if only prx didnt troll icebox 😞
Jinggg,o3j4_66ZjOU,UgzdaoDbgM1fH95I3BF4AaABAg,I wonder why they can't win as if there's a curse or something
Jinggg,o3j4_66ZjOU,UgyZP1JpsIMl8-A_CXJ4AaABAg,Jing dingling
Jinggg,o3j4_66ZjOU,UgyhwG9nKe-X3Gn0wbR4AaABAg,weird time to upload this :(
Jinggg,o3j4_66ZjOU,UgzYSjoV00p-XRD5oHx4AaABAg,how to make that 3d opening?
Jinggg,o3j4_66ZjOU,UgwtQ7QrmW3ZDDW9Dgh4AaABAg,"Jingg: It's my last dance

Well, that was a fucking lie"
Jinggg,o3j4_66ZjOU,UgyIkDvzHdJM3iMEG8p4AaABAg,Now something
Jinggg,o3j4_66ZjOU,UgwZbYcOInIbTbcgOYN4AaABAg,His mechanical abilities are insane sadly the only meta agent he plays is raze who's getting nerfed next split. He needs to learn other roles. Its actually insane that PRX heavily suffers from comp issue despite having 2 of the best flex players😭
Jinggg,o3j4_66ZjOU,UgxY1xO6-XrCsSYMw8d4AaABAg,"PRX needs assistant coach. Alecks can't do everything alone, we need a new perspective who can reinforce discipline and better decision making.

They should hire Warbirds. he's the only one who has been able to beat PRX twice with Team Secret in Pacific"
Jinggg,o3j4_66ZjOU,UgwWFwryqYiLItTcRWh4AaABAg,jing or dingdingdong mao zedong
Jinggg,o3j4_66ZjOU,UgyZgLWXhGHUNZ018Sx4AaABAg,that was epic 17:30 jj jj
Jinggg,o3j4_66ZjOU,Ugy4JQ7WzbhpnySDh_N4AaABAg,"I agree 100T played really well but prx gave them opportunity as pacific team there known for aggression with utilities, but somehow they weren’t doing it taking dry peeks no coordination and at wrong comp, post match interviews after both losses alecks himself said that they had change comp, first was mindfreak didn’t wanna play reyna and against 100t jingg went with reyna and sage such a useless agents as of now, talking about jingg he got his first kill after 7 rounds in brezze even when they started with attacking half. They were struggling every round on every map.Talking about clutches by asuna and bang , that’s what i mean they literally threw lot of initial advantage round. Honestly finatic went down 2-0 against fut but it felt like they tried their best to stay on the other hand prx it felt like they aren’t being trying all rounds they won were just forsaken something or jingg popping off in aim duel. Prx should’ve not taken comp which they didn’t practice. This might be hard pill to swallow for some PRX was better without jingg (who had no practice and strat working ) monyet presence would’ve taken this team to final. I am never supporting throwers  prx again until they try hard and earn back respect  they’ve lost by throwing. Management kept jingg just for fans and to keep sponsors happy even 2 months break can put you at disadvantage he should’ve been benched until he’s at his best and learned all the strat, also he should really learn to play initiator"
Jinggg,o3j4_66ZjOU,Ugxd00Phv5MLCqfh22Z4AaABAg,"GOAT has been thrown around so much these days, it lost its meaning. also in my opinion, forsaken and aspas might have the highest chances of being called the best, compared to the rest."
Jinggg,o3j4_66ZjOU,UgxRfWbAaUz5KxpqgmF4AaABAg,Prx will come back stronger after resting 💪
Jinggg,o3j4_66ZjOU,UgyQ6rSBCqElKmdgGVF4AaABAg,Jingg ? GOAT?
Jinggg,o3j4_66ZjOU,UgyKt67J32wF2eGferx4AaABAg,Raze diff
Jinggg,o3j4_66ZjOU,UgwoSfbHNBNO4fts1ud4AaABAg,Right after they lose to 100T in the most DONKEY way. So many rounds lost cuz they dont use their head
Jinggg,o3j4_66ZjOU,UgxXPbsIpO5ZMVenVmN4AaABAg,Finals choker
Jinggg,o3j4_66ZjOU,UgzGWm1gfXo2dPAryAp4AaABAg,jawgemo and aspas>
Jinggg,o3j4_66ZjOU,Ugwi7boK4Z9W92jAbiN4AaABAg,"bad timing, just as they have been elimanetd from shanghai"
Jinggg,o3j4_66ZjOU,Ugww8yQZmVRCtdrvYOB4AaABAg,"best raze only player one problem that prx need to improve for map that raze isn't good in...


especially if raze got nerf more it would be bad for him"
Jinggg,o3j4_66ZjOU,UgxaRSzq_R9yts0mxn14AaABAg,goat? 🤣
Jinggg,o3j4_66ZjOU,UgwI9W4t30CXZO_D18F4AaABAg,I don’t see trophy Hehehehaw
Jinggg,o3j4_66ZjOU,UgwR7pwLuLI2GmnK9Bp4AaABAg,"Watching this video after they losing to 100T, make me wanna press the dislike button




sil-gold reply incoming.."
Chronicle,WuebNGJYCMk,UgySxB4RTrvwHe0wFIl4AaABAg,Cron is cronicle who could have ever Imagined
Chronicle,WuebNGJYCMk,UgwW9vE9tv5utQIogRd4AaABAg,Gng that is just Cleavage
Chronicle,WuebNGJYCMk,Ugy3CJO2sJUOAWKtDRh4AaABAg,Chronicle²
Chronicle,WuebNGJYCMk,UgxAok125vthhN2e8_V4AaABAg,"Im just waiting for the short that says ""why is this spot on split called prx?"""
Chronicle,WuebNGJYCMk,UgzPU10MhjogthGzCzl4AaABAg,"imagine the callout for that iconic Paper Rex elbow on Split was named ""Fold"" due to those aces and clutches  (sucks so kill me IG)"
Chronicle,WuebNGJYCMk,UgzAYFytvrrbrT5NKxt4AaABAg,"Well ""cleavage"" is not exactly professional..."
Chronicle,WuebNGJYCMk,UgyERDNbC0eIEE0pytd4AaABAg,valorant learns this new aaah
Chronicle,WuebNGJYCMk,UgzldJ0XhjJQl4zTwlB4AaABAg,Hahaha! I didn't know about this one. Good to know.
Chronicle,WuebNGJYCMk,Ugwj2X9kpNrxpAxrXUJ4AaABAg,Is Chron really Chronicle or is Chronicle Chron ?
Chronicle,WuebNGJYCMk,UgyDkNkHAYDQF-r3rSJ4AaABAg,i call it flap
Chronicle,WuebNGJYCMk,Ugy9bC71tX7YCjQJgIV4AaABAg,I call that spot 'Cleavage'
Chronicle,WuebNGJYCMk,Ugyo_1JyJtSUEW1UjzJ4AaABAg,Olofmeister de_train ahhh callout
Chronicle,WuebNGJYCMk,UgxJlglf2hG6-w_pak14AaABAg,Aint no one calling it chronicle
Chronicle,WuebNGJYCMk,UgxBCwnj8UUvZnj0ugV4AaABAg,"it's just ""Cleavage"""
Chronicle,WuebNGJYCMk,UgxbxzcCBY4dV9LAly54AaABAg,"bros dragging the video so hard, ""why do pros call this spot cronical, pros have they're own callouts named after other pros"" ts is so lame"
Chronicle,WuebNGJYCMk,UgwYtGM2ml00QFZCwWN4AaABAg,1st
Chronicle,WuebNGJYCMk,UgzMjsuH1DOD1n7kkcJ4AaABAg,Cringe
Derke,Y68_J0bXLdE,UgzFURwGe0n3ts4HgT14AaABAg,Sign up to LootBoy and start opening packs today! https://lootboy.page.link/Mezy
Derke,Y68_J0bXLdE,Ugw1UINibfBgaIIvBGF4AaABAg,i would love to see art of aimbot Twisten and it can be in his memory as well
Derke,Y68_J0bXLdE,UgxdVjHou7PUnp7w3KN4AaABAg,Derke with hair is the most cursed thing
Derke,Y68_J0bXLdE,UgwgXR0rWU304bP09gd4AaABAg,Mr Glitchpop himself
Derke,Y68_J0bXLdE,UgygEblSnPjUqcwLW9N4AaABAg,His resilience on map 5 of Grand finals in Sao Paulo is probably his greatest feat. Man straight made the map his kingdom in front of thousands of people
Derke,Y68_J0bXLdE,UgzgO_WtIqeg0bM9E2l4AaABAg,"damn didnt thought i would see twisten  :( 
rip vitality twisten"
Derke,Y68_J0bXLdE,Ugx0a2JLmPdxQl2YJ9F4AaABAg,Greatest valorant player of all time
Derke,Y68_J0bXLdE,UgwACvfvKpGtOUrzzTh4AaABAg,This guy doesnt feel like he is human at all
Derke,Y68_J0bXLdE,UgwgLBQ3Uf5rSvkBMoZ4AaABAg,Crazy this man is about to win Tokyo tonight too. Truly a GOAT
Derke,Y68_J0bXLdE,UgyWC_bXPyjZqvazSc14AaABAg,Not related to the video but RIP TWISTEN 3:23
Derke,Y68_J0bXLdE,UgzEB2a5FHdnVldN2Nx4AaABAg,"the video just 4 minutes and the ads inside takes almost 1m30s, lmao"
Derke,Y68_J0bXLdE,UgxqPe5gBLCb_Y-pRAN4AaABAg,IT'S DERKIN TIME 🔥🤯
Derke,Y68_J0bXLdE,UgynFZR6cM7kTLNpSr14AaABAg,Bald Buff.
Derke,Y68_J0bXLdE,Ugz_zj53PrwljcubEXh4AaABAg,bro going bald was his best move lol
Derke,Y68_J0bXLdE,Ugxluz9LabIo2ACDiEZ4AaABAg,Derke is bald like saitama but instead of being one punch man he’s one tap man.
Derke,Y68_J0bXLdE,UgzmplQk48IGAbuHc3l4AaABAg,Rest in Paradise Twisten✨️🙏🏻🕊
Derke,Y68_J0bXLdE,UgzD74yL42SVOPXEMdl4AaABAg,"you know how people say bang is the recon phantom guy, i'd say same thing about derke, he is glitchpop vandal guy, whenever someone mentions glitchpop vandal, i remember derke."
Derke,Y68_J0bXLdE,UgxHiCXs9GtGGjb258N4AaABAg,Pros are just in a different world
Derke,Y68_J0bXLdE,UgyseYDwmQrtyYRUlEh4AaABAg,we need new alfajer video my friend
Derke,Y68_J0bXLdE,UgxzS2Ku7eY9LpY8q4h4AaABAg,Need one of CHRONICLE ASAP
Derke,Y68_J0bXLdE,UgyA9i-5fPPRSvx2GwV4AaABAg,Derke : I don’t believe my own aim. 😳
Derke,Y68_J0bXLdE,UgwPzjRmIPMuHe6zbqR4AaABAg,def the goat of val rn
Derke,Y68_J0bXLdE,UgyjD9px_1ftEhNq3NZ4AaABAg,Boaster's reaction while derke aces in the first clip😂
Derke,Y68_J0bXLdE,Ugycj2bzR2IvaOSQ4qt4AaABAg,He looks like completely different people in every clip
Derke,Y68_J0bXLdE,UgyuH9yhf1XFqzb1jMN4AaABAg,Damn he had a glow up by going bald
Derke,Y68_J0bXLdE,Ugy0ohEcHthEvUcKTx14AaABAg,I think he has one of the best aim in valorant history
Derke,Y68_J0bXLdE,UgyX3jzqO8-gYYejwkp4AaABAg,Went from an absolute nerd to the fucking goat🐐🐐
Derke,Y68_J0bXLdE,Ugyve2juovWA9KqBjHd4AaABAg,"homie imma be honest the sponsor segment ruined the flow of the vid, def have it at the beginning or at the end next time please"
Derke,Y68_J0bXLdE,UgxNEH-p7VvmU8y5IXZ4AaABAg,He is the goat
Derke,Y68_J0bXLdE,UgxsHvjq5TAOoix2_Ap4AaABAg,MY KING!
Derke,Y68_J0bXLdE,UgzpVKJUnsyRsPz3OeN4AaABAg,hes the best❤
Derke,Y68_J0bXLdE,UgwU9dkd2p0BqrDpfh94AaABAg,R.I.P Twisten 3:26
Derke,Y68_J0bXLdE,UgzcbxYvisRVmZ9M_FR4AaABAg,Derke on fire
Derke,Y68_J0bXLdE,Ugy1HGuY-srQC3JKycV4AaABAg,derke w/ hair jumpscare
Derke,Y68_J0bXLdE,Ugznuf-MgkBu8aUijvV4AaABAg,Valorant's goat
Derke,Y68_J0bXLdE,Ugw6pGVqjRgUPtNe0qx4AaABAg,Dude the ad is like a quarter of the video jesus man
Derke,Y68_J0bXLdE,Ugwq4f7BZFp-VCC_ao14AaABAg,We want the art of clutching fnatic leo
Derke,Y68_J0bXLdE,UgyfQiAazxlo2oLStmd4AaABAg,sheeeeeeeeeeeeeesh luv your vid mezy
Derke,Y68_J0bXLdE,UgzR7Fh7u_ZxvrxBW7R4AaABAg,one of the best valo player ever
Derke,Y68_J0bXLdE,UgyG6wNpOapBZQLhdMZ4AaABAg,art of op
Derke,Y68_J0bXLdE,UgxyetpMP1QAtJIjsjN4AaABAg,finally i love u
Derke,Y68_J0bXLdE,UgzBpFToi_e0KgP22al4AaABAg,everyone is lose but fanatic dont lose!
Derke,Y68_J0bXLdE,UgyNehHambQB_bNK5Ep4AaABAg,Art of aimbot CGRS
Derke,Y68_J0bXLdE,UgxC8MYvZi1wqiQXekR4AaABAg,never been this early before
Derke,Y68_J0bXLdE,UgzO1u7cxaeWPz23Hlh4AaABAg,Art of aimbot lebleu
Derke,Y68_J0bXLdE,UgzVNs-7XYzvFOAhW-J4AaABAg,Twisten...
Derke,Y68_J0bXLdE,UgxL6lGMH2OQ0n_gXe54AaABAg,i love to shat with others ngl
Derke,Y68_J0bXLdE,Ugyewzxk-zM5wFcJVtV4AaABAg,This guy made me switch to the dot crosshair.
Derke,Y68_J0bXLdE,UgzG_Jn8kb5kOp-e5ZF4AaABAg,nice vid
Derke,Y68_J0bXLdE,UgytnX3Xs7n9cfH3MHJ4AaABAg,Art of aimbot FNS? WHEN?
Alfajer,Tugx16tMdpA,Ugw84iRyEV7gF-v9I0B4AaABAg,"What guides do you want to see next, and from who? 🧡"
Alfajer,Tugx16tMdpA,UgzM4-TX2pJOIaTZ6514AaABAg,They brought allfajer to the studio straight from the  bed
Alfajer,Tugx16tMdpA,Ugz3XY3NuGkFH_qbih94AaABAg,Alfa definitely gate keeping his secret 😭🤣
Alfajer,Tugx16tMdpA,UgycpyPC7vX6nLDv_1R4AaABAg,Boaster’s watching and furiously taking notes. That’s how he locked in this stage
Alfajer,Tugx16tMdpA,UgzBZ4_5dXg6bfrKYOp4AaABAg,konpeki ahh tips come on alfa drop the secret sauce to aim
Alfajer,Tugx16tMdpA,Ugyxir4R9B38jypvPeZ4AaABAg,is it just me or does Alfajer always sound like he has a stuffed nose? ngl it's become iconic now xD
Alfajer,Tugx16tMdpA,Ugxyw8QNZkj_tVs9csJ4AaABAg,1:45 if Alfa is wiffing on an afk guy like that then what hope do I have 😭
Alfajer,Tugx16tMdpA,UgycONm4O_5iJsT8dsl4AaABAg,Good luck on your game tomorrow Final Boss
Alfajer,Tugx16tMdpA,UgyBSNsZjDXFXLt0AM54AaABAg,First half : crouching is bad. Second half : crouch peek.
Alfajer,Tugx16tMdpA,UgyT5KFHWog2-ZWFOAp4AaABAg,"Brazilian fan here, you are the Goat!"
Alfajer,Tugx16tMdpA,UgwYmZ1-hvEw0pdj2hN4AaABAg,Gl for tomorrow's match ❤
Alfajer,Tugx16tMdpA,Ugy3a1riWyViMsB0rc14AaABAg,"Alfajer, я твой большой фанат. Всегда ждущий твои хайлайты. Верю, что ты доведешь нас до Лондона!!!"
Alfajer,Tugx16tMdpA,UgyBW2-6kjgaVrpJnLR4AaABAg,"A goated move is not just ad ad movement but try a a a or d d d, it makes people miss all the time"
Alfajer,Tugx16tMdpA,UgyxQN93g1otbCfOvgZ4AaABAg,pov: you are sick and just got out of your bed.
Alfajer,Tugx16tMdpA,Ugzakli4nXSQk4-wLRB4AaABAg,van gogh teaching how to paint
Alfajer,Tugx16tMdpA,UgxARHIBegmVlYi-6et4AaABAg,Thx for the Tips my final boss!
Alfajer,Tugx16tMdpA,Ugw8WPY8N1Z15nVBD2N4AaABAg,This video could have been an email...
Alfajer,Tugx16tMdpA,Ugw5L2EFhtrBpFLYX4F4AaABAg,Thank you Alfajer! Finally got out of Iron coz of this tutorial! GOAT!
Alfajer,Tugx16tMdpA,UgxZmRfZH-ewKNaYzj14AaABAg,The primmie style (insta tap crouch on gunfights) is effective. You can def try both styles tho
Alfajer,Tugx16tMdpA,UgxU85DudGwYmfsNgH14AaABAg,"alfajer: never crouch and shoot, also alfajer: peek and crouch"
Alfajer,Tugx16tMdpA,UgwcK2J3itp-Zq5h40x4AaABAg,You are the GOAT of valorant Alfa
Alfajer,Tugx16tMdpA,UgzPZVtsaBtXDceEOKx4AaABAg,sickest movement on DM. i am very impressed by your crosshair placement with that fast flicks!
Alfajer,Tugx16tMdpA,UgxLDqk5HAy9ZOitlJJ4AaABAg,"""I dOn'T cRoUcH oR SprAyiNg"" 

*literally one taps everyone*"
Alfajer,Tugx16tMdpA,Ugw6Rm5gy5hkzHNKsuh4AaABAg,'I don't think you need that much routine in the game'... coming from a guy who is already insanely talented god gifted.
Alfajer,Tugx16tMdpA,Ugz3hv5oeOgj3oJ2tOB4AaABAg,"holy hell, when Alfa showed the Iso routine I was shocked 'cause I've been doing that for a long time, didn't know that my GOAT is doing the same routine as me (I still can't shoot like Alfa tho)"
Alfajer,Tugx16tMdpA,Ugx6EVV9SMf12MgtMJV4AaABAg,Alphajer my goat
Alfajer,Tugx16tMdpA,UgzZvBRCzyQU4XZei514AaABAg,Breaking New : Fork found in kitchen!
Alfajer,Tugx16tMdpA,UgyiPT6J7EZ95QkBabZ4AaABAg,what I got from the video is : alfa is just a beast without warmup 😂
Alfajer,Tugx16tMdpA,UgwIhvLQpymBFbJH1oh4AaABAg,Ngl I love you but you are better as a player than a teacher
Alfajer,Tugx16tMdpA,Ugyzd7wkqv0DFx2OJTR4AaABAg,TY ALFA❤
Alfajer,Tugx16tMdpA,UgwZ6vyp3TiM9M5BoTx4AaABAg,FNATIC love <3
Alfajer,Tugx16tMdpA,UgwLlsICjlXkRb_Q-xF4AaABAg,video resume: dont crouch and spray and peek like a human
Alfajer,Tugx16tMdpA,Ugww2O322eAE9FooIEd4AaABAg,Like I've not already been doing all this and i am still bronze 3
Alfajer,Tugx16tMdpA,UgxTh2vUU3jlaBBvo1F4AaABAg,nah bro im gonna crouch tap like primmie
Alfajer,Tugx16tMdpA,UgzmUbDm-zRrohH58MN4AaABAg,Fanc please take 2026 champions cup pls❤❤❤❤❤❤  iam a fnc supporter
Alfajer,Tugx16tMdpA,Ugy7vUfvlxjWMT0tqfd4AaABAg,buenos consejos alfajor
Alfajer,Tugx16tMdpA,Ugyy2Ju02xTF742Z9St4AaABAg,Imagine hopping on deathmatch to warmup and seeing alfa on the enemy team
Alfajer,Tugx16tMdpA,UgzkIRubZWjr46Q6LIh4AaABAg,boaster needs to watch this
Alfajer,Tugx16tMdpA,Ugxne9BdRmoSrIBmFA94AaABAg,good luck against vit tomorrow!
Alfajer,Tugx16tMdpA,Ugwe8vOUF6crq9CFMU14AaABAg,"Instructions were unclear, I got reported for throwing trying to be like Alfa 🙃"
Alfajer,Tugx16tMdpA,Ugx0TYZ79y395AvAvrl4AaABAg,I wanna free fnatic merchandise ❤️❤️
Alfajer,Tugx16tMdpA,UgyvE4tFk63IzypT_gJ4AaABAg,"Gaming footage should be uploaded in 60fps, just feels comfortable because there is constant movement"
Alfajer,Tugx16tMdpA,UgxOZyNKmugdAK-rqrB4AaABAg,bro always sounds like he has a cold lol
Alfajer,Tugx16tMdpA,Ugxs1qxykNTiFe2R8TV4AaABAg,But chouching sometimes can dodge bullet from enemy crosshair placement (not working on iron bronze) I can see enemies bullet tracer on my above head
Alfajer,Tugx16tMdpA,Ugw890HGwla_nI9zrPN4AaABAg,yes
Alfajer,Tugx16tMdpA,UgwYOOt0GDjVfbH6EJ54AaABAg,"show this to boaster, maybe you'll qualify for champs"
Alfajer,Tugx16tMdpA,UgwvxCICCtvUqaPwxux4AaABAg,they always crouch peeking and stuff i do not recommened  few mins later crouch peek is really good.
Alfajer,Tugx16tMdpA,UgzRl97ev0R39NW-6o14AaABAg,bro def hiding sth
Alfajer,Tugx16tMdpA,UgxvgLfo8zjj75d72wZ4AaABAg,Worst guy to ask for a guide video fnatic😂
Alfajer,Tugx16tMdpA,Ugy9rJ2PJoYdA6lhiRR4AaABAg,"Just adding that this is Vandal user, phantom users play very differently"
Derke,H9YDrJOp_-g,Ugyw1ZawS753_MiJjvR4AaABAg,Dreke's biggest achievement😂😂
Derke,H9YDrJOp_-g,UgwgKSx-5S4812tOjVx4AaABAg,Yo se que asustó o bueno no tanto pero si altero
Derke,H9YDrJOp_-g,Ugwdd-6dkIJqXtO1bgF4AaABAg,lol
Derke,H9YDrJOp_-g,Ugzkqt06SuHRvRH1JU54AaABAg,it is fake asf.lol this clip is from a mach in lock in.
Chronicle,lF1P-RlCM5E,UgyfN9_bonhWNLeASiR4AaABAg,Chron and Derke again bro ❤
Chronicle,lF1P-RlCM5E,UgyfzjsFSWpAKOgpT2h4AaABAg,they were a EMEA super team last year too lol
Chronicle,lF1P-RlCM5E,UgxelIfbIvzCZ4YE0cl4AaABAg,FnC social managers were mad because they couldnt farm the engagement first
Chronicle,lF1P-RlCM5E,UgyPM0XHgDL-swO5d-N4AaABAg,"Its over for Fnatic, huge blow to their firepower and clutching potential."
Chronicle,lF1P-RlCM5E,UgzIMKTuJy4niQi4gD54AaABAg,"eventually vitality will be Derke, Chron, Boaster, Leo, and Alfajer"
Chronicle,lF1P-RlCM5E,UgyDwe-NbADmz71bwrV4AaABAg,now they have to pick up nats too pls bro
Chronicle,lF1P-RlCM5E,UgywhkGhn0iWab7QSjt4AaABAg,Boaster is foreal gonna stop dancing now since some of his brothers are gone
Chronicle,lF1P-RlCM5E,UgxzkdEw9ZfAnX9mttB4AaABAg,Fnc is mad first leo now chronicle. Losing 2 top tier initiator is insane how in tf are they supposed to rebuild
Chronicle,lF1P-RlCM5E,UgyuYpVKFVgjTXgstgF4AaABAg,the deadly chronicle and derke again😭
Chronicle,lF1P-RlCM5E,Ugxt9wU99M730GTTcw14AaABAg,"So roster is actually: Chronicle, Derke, PROFEK, Jamppi, Kicks (After march 2026 he get replaced by Sayonara cuz Sayonara is not 18 if im not mistaken."
Chronicle,lF1P-RlCM5E,Ugy_eJdomzPsUVnsSzJ4AaABAg,"sayo spend 1 year in fnc but due to his age at the time he couldn't part take in vct, he was in red bull battleground then he was release because it made no sense to keep him as a 6th for another year, at least I think that's how the story went"
Chronicle,lF1P-RlCM5E,UgzDfUSvnpWhVJKQ5VN4AaABAg,"what the hell, whyyyyyyy first derke now chron why vitality. Goodbye My Fnatic Goat."
Chronicle,lF1P-RlCM5E,UgxD303zFjqPmjC_xI94AaABAg,btw chron is good co-igl
Chronicle,lF1P-RlCM5E,UgxRw2oDl-FWH1nacXt4AaABAg,Aged like milk
Chronicle,lF1P-RlCM5E,Ugy3mX0G9p1EhFfuL3N4AaABAg,Can’t believe they didn’t give fnc time to say thank you goodbye
Chronicle,lF1P-RlCM5E,UgwdjEeZk-E5EN_oYeV4AaABAg,Super teams never worked most of the time.
Chronicle,lF1P-RlCM5E,Ugx7CIHpm8EuShdOJ554AaABAg,"Last year Vitality was a superteam as well... 
Derke less sayf trexx kicks 

See how that turned out."
Chronicle,lF1P-RlCM5E,UgzaOcxGmjkOpfp4kOd4AaABAg,Tenz acting like he was super invested fan since day 1 🤡
Chronicle,lF1P-RlCM5E,UgzCUDbd3sDLvM4Ty1Z4AaABAg,"if they kept less, probably would be at the level of fnatic 2023"
Chronicle,lF1P-RlCM5E,UgxPmUGCyFJUdRfR2kl4AaABAg,All this effort just for Fnatic to carry EMEA again.
Chronicle,lF1P-RlCM5E,UgwGqHOJJ64cFQCrwr54AaABAg,Fnc lost Chronicle seriously next year no hope win the trophy
Chronicle,lF1P-RlCM5E,UgxEMj5KG2tYp4ft07F4AaABAg,wht is pendiong riot approval???
Chronicle,lF1P-RlCM5E,UgyC2tUVQs2clFPza3x4AaABAg,"God damned traitor.. lost the coach, the duelist, both initiators.. what next? Alfa?"
Chronicle,6j1-kMTdT24,Ugx_TdR-iWYWI5Ac-AJ4AaABAg,"Leo, chronicle , Aspas , Nats and forsaken. Don't know if it will work but that's my goat team"
Chronicle,6j1-kMTdT24,UgwEUfqnGZWMu7t-C2F4AaABAg,"My counter argument to ppl saying that he was carried for every trophy is that he was never completely outshone by his teammates in every roster. He always had insane impact and insane clutches. Yes, leo and alfajer and nats were all players on his teams that were considered better than them, but chronicle has won many titles without dragging them down and holding things down on his own"
Chronicle,6j1-kMTdT24,UgyKQNvLJ6GEzB8hHlx4AaABAg,Chronicle is the goat aspas close after
Chronicle,6j1-kMTdT24,UgzLUnl8kEZllU_HIvR4AaABAg,"According to me, Alfa is better than Chronicle just because of the fact.. All the other team's literal anti strate to just avoid where alfajer is"
Chronicle,6j1-kMTdT24,UgxCj7bpaoLWw9MQiBx4AaABAg,And Riens
Chronicle,6j1-kMTdT24,Ugx4LE4tTVhEjWUy_Ph4AaABAg,Alfajer is top 3 player of all time. He's better than chronicle
