tournament,stage,match_type,match_name,action,map,team_id
Valorant Champions 2025,Playoffs,Upper Semifinals,MIBR vs NRG,pick,Haven,
VCT 2025: Americas Stage 2,Playoffs,Lower Round 3,NRG vs Cloud9,pick,Corrode,188
Valorant Masters Toronto 2025,Playoffs,Upper Semifinals,Sentinels vs Paper Rex,ban,Icebox,2
VCT 2025: Pacific Stage 1,Group Stage,Week 1,Nongshim RedForce vs Rex Regum Qeon,ban,Haven,11060
VCT 2025: Pacific Stage 1,Group Stage,Week 3,T1 vs Team Secret,pick,Haven,14
VCT 2025: EMEA Kickoff,Main Event,Upper Quarterfinals,FNATIC vs BBL Esports,ban,Bind,397
VCT 2025: Americas Kickoff,Main Event,Upper Quarterfinals,Sentinels vs 100 Thieves,ban,Haven,2
VCT 2025: Americas Kickoff,Main Event,Upper Semifinals,G2 Esports vs LEVIATÁN,ban,Haven,11058
VCT 2025: Americas Stage 2,Group Stage,Week 2,Cloud9 vs Evil Geniuses,ban,Icebox,188
VCT 2025: EMEA Stage 2,Group Stage,Week 3,KOI vs Karmine Corp,ban,Icebox,7035
VCT 2025: Pacific Stage 2,Group Stage,Week 1,DRX vs Nongshim RedForce,ban,Ascent,8185
VCT 2025: Pacific Stage 2,Group Stage,Week 1,Paper Rex vs DetonatioN FocusMe,ban,Sunset,278
VCT 2025: Pacific Stage 2,Group Stage,Week 4,T1 vs DetonatioN FocusMe,pick,Sunset,278
VCT 2025: China Stage 2,Group Stage,Week 4,Dragon Ranger Gaming vs Xi Lai Gaming,pick,Haven,13581
Valorant Masters Toronto 2025,Swiss Stage,Round 2 (0-1),Team Liquid vs MIBR,ban,Pearl,474
VCT 2025: EMEA Stage 1,Group Stage,Week 1,BBL Esports vs Karmine Corp,pick,Pearl,397
VCT 2025: EMEA Stage 1,Playoffs,Upper Round 1,BBL Esports vs Natus Vincere,ban,Haven,4915
Valorant Masters Bangkok 2025,Swiss Stage,Round 2 (0-1),Team Liquid vs Sentinels,ban,Fracture,2
VCT 2025: EMEA Kickoff,Main Event,Lower Round 1,FNATIC vs Natus Vincere,ban,Bind,4915
VCT 2025: EMEA Stage 2,Group Stage,Week 3,Gentle Mates vs BBL Esports,pick,Sunset,397
VCT 2025: EMEA Stage 2,Playoffs,Lower Round 1,Natus Vincere vs Team Vitality,pick,Haven,2059
VCT 2025: EMEA Stage 2,Playoffs,Lower Round 2,GIANTX vs FNATIC,ban,Haven,2593
VCT 2025: Pacific Stage 2,Group Stage,Week 3,Rex Regum Qeon vs DRX,pick,Ascent,8185
VCT 2025: China Stage 2,Group Stage,Week 1,JDG Esports vs Trace Esports,ban,Corrode,12685
VCT 2025: China Stage 2,Group Stage,Week 3,Titan Esports Club vs Bilibili Gaming,ban,Corrode,12010
VCT 2025: China Stage 2,Playoffs,Upper Semifinals,Bilibili Gaming vs TYLOO,ban,Haven,731
Valorant Masters Toronto 2025,Swiss Stage,Round 1,Team Heretics vs Paper Rex,ban,Split,1001
Valorant Masters Toronto 2025,Playoffs,Lower Final,Wolves Esports vs FNATIC,pick,Lotus,2593
VCT 2025: EMEA Stage 1,Group Stage,Week 3,Natus Vincere vs GIANTX,ban,Ascent,4915
VCT 2025: Pacific Stage 1,Group Stage,Week 4,DRX vs BOOM Esports,pick,Haven,466
VCT 2025: China Stage 1,Group Stage,Week 2,Xi Lai Gaming vs All Gamers,ban,Haven,13581
VCT 2025: Americas Stage 1,Group Stage,Week 4,NRG vs MIBR,ban,Fracture,7386
VCT 2025: Americas Stage 1,Group Stage,Week 5,LEVIATÁN vs NRG,ban,Ascent,2359
VCT 2025: Americas Stage 1,Playoffs,Upper Round 1,MIBR vs 100 Thieves,ban,Fracture,7386
Valorant Masters Bangkok 2025,Swiss Stage,Round 2 (1-0),DRX vs Team Vitality,pick,Bind,2059
VCT 2025: Americas Kickoff,Main Event,Lower Round 1,KRÜ Esports vs 2Game Esports,ban,Pearl,2355
VCT 2025: Americas Kickoff,Main Event,Upper Semifinals,LOUD vs Sentinels,ban,Abyss,6961
VCT 2025: China Kickoff,Main Event,Lower Round 1,Xi Lai Gaming vs All Gamers,ban,Pearl,1119
VCT 2025: China Kickoff,Main Event,Lower Round 3,EDward Gaming vs Xi Lai Gaming,ban,Fracture,13581
VCT 2025: Americas Stage 2,Group Stage,Week 3,G2 Esports vs Evil Geniuses,ban,Icebox,5248
VCT 2025: Pacific Stage 2,Group Stage,Week 2,BOOM Esports vs Paper Rex,pick,Bind,466
VCT 2025: Pacific Stage 2,Group Stage,Week 4,Rex Regum Qeon vs Team Secret,pick,Ascent,6199
VCT 2025: China Stage 2,Group Stage,Week 1,Wolves Esports vs FunPlus Phoenix,pick,Corrode,13790
VCT 2025: China Stage 2,Playoffs,Upper Final,Dragon Ranger Gaming vs Bilibili Gaming,pick,Lotus,11981
VCT 2025: Pacific Stage 1,Group Stage,Week 2,Gen.G vs Paper Rex,ban,Pearl,624
VCT 2025: Pacific Stage 1,Group Stage,Week 5,DetonatioN FocusMe vs BOOM Esports,ban,Icebox,278
VCT 2025: Pacific Stage 1,Playoffs,Upper Round 1,TALON vs Gen.G,ban,Ascent,17
VCT 2025: Pacific Stage 1,Playoffs,Lower Round 1,TALON vs Nongshim RedForce,ban,Split,8304
VCT 2025: China Stage 1,Group Stage,Week 1,Xi Lai Gaming vs Bilibili Gaming,ban,Haven,13581
VCT 2025: China Stage 1,Group Stage,Week 1,Dragon Ranger Gaming vs Nova Esports,ban,Split,11981
VCT 2025: China Stage 1,Playoffs,Lower Round 3,EDward Gaming vs Bilibili Gaming,pick,Fracture,12010
Valorant Masters Bangkok 2025,Playoffs,Lower Round 1,T1 vs Team Vitality,ban,Bind,2059
VCT 2025: EMEA Kickoff,Main Event,Lower Round 1,FNATIC vs Natus Vincere,ban,Abyss,2593
VCT 2025: EMEA Kickoff,Main Event,Upper Final,Team Vitality vs Team Heretics,pick,Haven,2059
VCT 2025: Pacific Kickoff,Main Event,Upper Round 1,DetonatioN FocusMe vs Rex Regum Qeon,pick,Abyss,878
VCT 2025: Americas Kickoff,Main Event,Lower Round 2,NRG vs KRÜ Esports,ban,Lotus,
VCT 2025: Americas Stage 2,Group Stage,Week 1,100 Thieves vs NRG,ban,Ascent,
VCT 2025: Americas Stage 2,Group Stage,Week 1,Sentinels vs G2 Esports,pick,Ascent,11058
VCT 2025: Americas Stage 2,Group Stage,Week 5,2Game Esports vs Sentinels,ban,Ascent,2
VCT 2025: Americas Stage 2,Playoffs,Upper Round 1,G2 Esports vs 100 Thieves,ban,Ascent,120
VCT 2025: Pacific Stage 2,Group Stage,Week 1,DRX vs Gen.G,ban,Bind,17
VCT 2025: Pacific Stage 2,Playoffs,Lower Round 2,DRX vs Rex Regum Qeon,pick,Icebox,878
VCT 2025: China Stage 2,Group Stage,Week 1,Dragon Ranger Gaming vs Nova Esports,pick,Icebox,12064
VCT 2025: EMEA Stage 1,Group Stage,Week 2,FUT Esports vs Gentle Mates,ban,Pearl,1184
VCT 2025: Pacific Stage 1,Playoffs,Upper Semifinals,Rex Regum Qeon vs DRX,ban,Pearl,8185
VCT 2025: China Stage 1,Group Stage,Week 2,Wolves Esports vs Trace Esports,ban,Split,13790
VCT 2025: Americas Stage 1,Group Stage,Week 5,LEVIATÁN vs NRG,ban,Haven,
VCT 2025: Americas Stage 1,Playoffs,Grand Final,Sentinels vs G2 Esports,pick,Split,11058
VCT 2025: EMEA Kickoff,Main Event,Lower Round 1,Gentle Mates vs KOI,pick,Haven,12694
VCT 2025: Americas Kickoff,Main Event,Upper Round 1,Evil Geniuses vs LOUD,pick,Pearl,5248
VCT 2025: Americas Kickoff,Main Event,Upper Quarterfinals,G2 Esports vs Cloud9,pick,Lotus,188
Valorant Champions 2025,Group Stage,Decider (C),DRX vs Team Liquid,pick,Corrode,474
Valorant Champions 2025,Group Stage,Decider (A),GIANTX vs Xi Lai Gaming,ban,Abyss,14419
VCT 2025: Americas Stage 2,Playoffs,Lower Round 3,NRG vs Cloud9,pick,Haven,
VCT 2025: EMEA Stage 2,Group Stage,Week 2,GIANTX vs BBL Esports,ban,Bind,397
VCT 2025: Pacific Stage 2,Group Stage,Week 3,Gen.G vs Team Secret,pick,Ascent,6199
VCT 2025: China Stage 2,Group Stage,Week 4,Trace Esports vs Titan Esports Club,ban,Bind,12685
VCT 2025: China Stage 2,Group Stage,Week 4,Nova Esports vs Wolves Esports,ban,Sunset,13790
VCT 2025: EMEA Stage 1,Group Stage,Week 3,KOI vs BBL Esports,pick,Pearl,397
VCT 2025: EMEA Stage 1,Group Stage,Week 4,GIANTX vs FNATIC,pick,Ascent,14419
VCT 2025: Pacific Stage 1,Playoffs,Lower Final,Rex Regum Qeon vs Paper Rex,pick,Split,624
VCT 2025: Americas Stage 1,Group Stage,Week 5,KRÜ Esports vs 100 Thieves,pick,Fracture,120
VCT 2025: Americas Stage 1,Playoffs,Upper Semifinals,G2 Esports vs Sentinels,pick,Icebox,11058
Valorant Masters Bangkok 2025,Swiss Stage,Round 3,T1 vs DRX,pick,Pearl,14
VCT 2025: Americas Kickoff,Main Event,Lower Round 3,LEVIATÁN vs MIBR,ban,Bind,2359
VCT 2025: Americas Kickoff,Main Event,Lower Round 3,LEVIATÁN vs MIBR,ban,Abyss,2359
VCT 2025: China Kickoff,Main Event,Upper Quarterfinals,Bilibili Gaming vs Xi Lai Gaming,ban,Pearl,13581
Valorant Champions 2025,Playoffs,Lower Round 2,Paper Rex vs Team Heretics,pick,Ascent,1001
VCT 2025: EMEA Stage 2,Group Stage,Week 5,FUT Esports vs BBL Esports,ban,Corrode,397
VCT 2025: EMEA Stage 2,Playoffs,Lower Round 1,Natus Vincere vs Team Vitality,pick,Bind,4915
VCT 2025: Pacific Stage 2,Group Stage,Week 1,Paper Rex vs DetonatioN FocusMe,ban,Ascent,624
VCT 2025: Pacific Stage 2,Group Stage,Week 3,TALON vs T1,ban,Icebox,14
VCT 2025: China Stage 2,Group Stage,Week 1,All Gamers vs Xi Lai Gaming,pick,Lotus,1119
VCT 2025: China Stage 2,Group Stage,Week 4,EDward Gaming vs JDG Esports,ban,Icebox,1120
VCT 2025: EMEA Stage 1,Group Stage,Week 1,Team Vitality vs GIANTX,ban,Icebox,14419
VCT 2025: EMEA Stage 1,Group Stage,Week 5,BBL Esports vs FUT Esports,ban,Lotus,397
VCT 2025: China Stage 1,Group Stage,Week 1,Trace Esports vs All Gamers,pick,Pearl,12685
VCT 2025: Americas Stage 1,Playoffs,Upper Semifinals,KRÜ Esports vs MIBR,ban,Haven,2355
VCT 2025: Americas Stage 1,Playoffs,Lower Round 2,KRÜ Esports vs Evil Geniuses,pick,Icebox,2355
VCT 2025: EMEA Kickoff,Main Event,Lower Round 1,Gentle Mates vs KOI,pick,Lotus,7035
VCT 2025: Pacific Kickoff,Main Event,Lower Round 2,Nongshim RedForce vs Rex Regum Qeon,ban,Abyss,11060
VCT 2025: Americas Kickoff,Main Event,Lower Round 3,LOUD vs KRÜ Esports,ban,Fracture,2355
VCT 2025: China Kickoff,Main Event,Lower Round 2,JDG Esports vs Xi Lai Gaming,ban,Lotus,13576
VCT 2025: China Kickoff,Main Event,Lower Round 3,FunPlus Phoenix vs Dragon Ranger Gaming,pick,Pearl,11328
Valorant Champions 2025,Playoffs,Upper Quarterfinals,NRG vs GIANTX,ban,Ascent,
VCT 2025: Americas Stage 2,Group Stage,Week 2,2Game Esports vs G2 Esports,pick,Ascent,15072
VCT 2025: Americas Stage 2,Group Stage,Week 2,2Game Esports vs G2 Esports,pick,Haven,11058
VCT 2025: Americas Stage 2,Group Stage,Week 2,NRG vs LOUD,ban,Sunset,
VCT 2025: Americas Stage 2,Group Stage,Week 4,Cloud9 vs 2Game Esports,ban,Haven,188
VCT 2025: Americas Stage 2,Group Stage,Week 4,LOUD vs 100 Thieves,ban,Corrode,6961
VCT 2025: Americas Stage 2,Playoffs,Upper Round 1,LEVIATÁN vs Cloud9,ban,Sunset,188
VCT 2025: EMEA Stage 2,Playoffs,Upper Round 1,FNATIC vs BBL Esports,ban,Bind,397
VCT 2025: Pacific Stage 2,Group Stage,Week 3,BOOM Esports vs DetonatioN FocusMe,ban,Icebox,466
VCT 2025: China Stage 2,Group Stage,Week 4,Bilibili Gaming vs EDward Gaming,ban,Ascent,12010
Valorant Masters Toronto 2025,Playoffs,Upper Quarterfinals,G2 Esports vs Paper Rex,pick,Split,624
VCT 2025: EMEA Stage 1,Group Stage,Week 4,Team Liquid vs KOI,ban,Ascent,474
VCT 2025: Pacific Stage 1,Group Stage,Week 3,T1 vs Team Secret,ban,Pearl,14
VCT 2025: Pacific Stage 1,Group Stage,Week 4,DetonatioN FocusMe vs Paper Rex,ban,Fracture,624
VCT 2025: Pacific Stage 1,Group Stage,Week 5,DetonatioN FocusMe vs BOOM Esports,ban,Pearl,466
VCT 2025: China Stage 1,Group Stage,Week 2,Nova Esports vs EDward Gaming,pick,Fracture,1120
VCT 2025: China Stage 1,Group Stage,Week 2,Wolves Esports vs Trace Esports,pick,Pearl,13790
Valorant Masters Bangkok 2025,Swiss Stage,Round 2 (1-0),EDward Gaming vs G2 Esports,pick,Bind,1120
VCT 2025: EMEA Kickoff,Main Event,Upper Quarterfinals,FNATIC vs BBL Esports,pick,Abyss,397
Valorant Champions 2025,Group Stage,Opening (D),Dragon Ranger Gaming vs T1,ban,Bind,11981
Valorant Champions 2025,Playoffs,Upper Final,FNATIC vs NRG,pick,Abyss,
VCT 2025: EMEA Stage 2,Playoffs,Upper Round 1,GIANTX vs Natus Vincere,pick,Haven,14419
VCT 2025: China Stage 2,Group Stage,Week 4,Nova Esports vs Xi Lai Gaming,ban,Lotus,12064
Valorant Masters Toronto 2025,Playoffs,Lower Round 2,Sentinels vs FNATIC,ban,Lotus,2593
Valorant Masters Toronto 2025,Playoffs,Grand Final,Paper Rex vs FNATIC,ban,Haven,624
VCT 2025: EMEA Stage 1,Group Stage,Week 5,Gentle Mates vs KOI,pick,Split,12694
VCT 2025: Americas Stage 1,Group Stage,Week 1,Cloud9 vs NRG,pick,Lotus,
VCT 2025: Pacific Kickoff,Main Event,Upper Round 1,BOOM Esports vs T1,pick,Bind,14
VCT 2025: Pacific Kickoff,Main Event,Lower Round 1,Paper Rex vs ZETA DIVISION,pick,Lotus,5448
VCT 2025: Americas Kickoff,Main Event,Upper Quarterfinals,KRÜ Esports vs LOUD,ban,Fracture,6961
Valorant Champions 2025,Playoffs,Upper Semifinals,FNATIC vs Paper Rex,ban,Corrode,2593
VCT 2025: Americas Stage 2,Group Stage,Week 1,LEVIATÁN vs LOUD,pick,Bind,2359
VCT 2025: Pacific Stage 2,Group Stage,Week 4,T1 vs DetonatioN FocusMe,ban,Ascent,14
VCT 2025: Pacific Stage 2,Playoffs,Lower Round 1,Rex Regum Qeon vs Gen.G,ban,Lotus,878
Valorant Masters Toronto 2025,Swiss Stage,Round 2 (1-0),Bilibili Gaming vs Sentinels,ban,Split,2
Valorant Masters Toronto 2025,Playoffs,Lower Round 2,Gen.G vs G2 Esports,ban,Split,11058
VCT 2025: EMEA Stage 1,Group Stage,Week 5,Gentle Mates vs KOI,pick,Icebox,7035
VCT 2025: EMEA Stage 1,Group Stage,Week 5,Team Vitality vs Natus Vincere,ban,Split,2059
VCT 2025: Pacific Stage 1,Group Stage,Week 4,Gen.G vs Global Esports,pick,Haven,17
VCT 2025: China Stage 1,Group Stage,Week 1,FunPlus Phoenix vs Titan Esports Club,ban,Split,14137
VCT 2025: Americas Stage 1,Group Stage,Week 2,Sentinels vs KRÜ Esports,ban,Haven,2355
VCT 2025: Pacific Kickoff,Main Event,Lower Round 2,DetonatioN FocusMe vs Paper Rex,ban,Haven,624
VCT 2025: Americas Stage 2,Playoffs,Grand Final,G2 Esports vs NRG,ban,Corrode,11058
VCT 2025: EMEA Stage 2,Group Stage,Week 2,KOI vs FNATIC,pick,Ascent,2593
VCT 2025: EMEA Stage 2,Playoffs,Lower Round 1,Natus Vincere vs Team Vitality,ban,Ascent,4915
VCT 2025: EMEA Stage 2,Playoffs,Grand Final,Team Liquid vs GIANTX,ban,Haven,474
VCT 2025: Pacific Stage 2,Group Stage,Week 3,Nongshim RedForce vs Global Esports,pick,Corrode,918
VCT 2025: China Stage 2,Group Stage,Week 3,Titan Esports Club vs Bilibili Gaming,ban,Sunset,14137
VCT 2025: EMEA Stage 1,Group Stage,Week 2,Team Vitality vs FNATIC,pick,Split,2593
VCT 2025: EMEA Stage 1,Group Stage,Week 3,KOI vs BBL Esports,ban,Ascent,7035
VCT 2025: EMEA Stage 1,Playoffs,Upper Semifinals,Team Heretics vs BBL Esports,ban,Lotus,397
VCT 2025: EMEA Stage 1,Playoffs,Lower Round 2,BBL Esports vs FUT Esports,pick,Split,1184
VCT 2025: Pacific Stage 1,Group Stage,Week 2,T1 vs Nongshim RedForce,pick,Split,11060
VCT 2025: Pacific Stage 1,Group Stage,Week 3,Paper Rex vs BOOM Esports,ban,Icebox,624
VCT 2025: China Stage 1,Group Stage,Week 2,TYLOO vs FunPlus Phoenix,pick,Pearl,731
VCT 2025: China Stage 1,Playoffs,Upper Round 1,Xi Lai Gaming vs Nova Esports,ban,Haven,12064
VCT 2025: Americas Stage 1,Group Stage,Week 3,G2 Esports vs NRG,ban,Fracture,11058
Valorant Masters Bangkok 2025,Playoffs,Grand Final,G2 Esports vs T1,ban,Bind,11058
VCT 2025: EMEA Kickoff,Main Event,Lower Round 1,Team Liquid vs Apeks,pick,Pearl,11479
VCT 2025: Americas Kickoff,Main Event,Upper Round 1,MIBR vs 100 Thieves,ban,Pearl,120
VCT 2025: Americas Stage 2,Playoffs,Lower Round 2,Cloud9 vs 100 Thieves,ban,Ascent,120
VCT 2025: EMEA Stage 2,Group Stage,Week 1,Team Vitality vs GIANTX,ban,Ascent,2059
VCT 2025: Pacific Stage 2,Group Stage,Week 2,DRX vs Team Secret,ban,Sunset,8185
VCT 2025: Pacific Stage 2,Playoffs,Lower Round 1,Rex Regum Qeon vs Gen.G,pick,Sunset,878
VCT 2025: EMEA Stage 1,Group Stage,Week 3,Team Vitality vs Team Heretics,ban,Lotus,1001
VCT 2025: EMEA Stage 1,Group Stage,Week 3,Karmine Corp vs Gentle Mates,pick,Haven,12694
VCT 2025: EMEA Stage 1,Group Stage,Week 4,GIANTX vs FNATIC,ban,Split,14419
VCT 2025: EMEA Stage 1,Playoffs,Lower Round 3,Team Liquid vs BBL Esports,pick,Split,474
VCT 2025: Pacific Stage 1,Playoffs,Lower Round 2,DRX vs TALON,pick,Fracture,8185
VCT 2025: China Stage 1,Group Stage,Week 1,Dragon Ranger Gaming vs Nova Esports,ban,Ascent,12064
VCT 2025: Americas Stage 1,Group Stage,Week 2,LOUD vs 2Game Esports,ban,Icebox,15072
VCT 2025: Americas Stage 1,Playoffs,Upper Semifinals,G2 Esports vs Sentinels,ban,Haven,11058
VCT 2025: Americas Stage 1,Playoffs,Lower Round 2,KRÜ Esports vs Evil Geniuses,ban,Fracture,2355
Valorant Masters Bangkok 2025,Swiss Stage,Round 3,G2 Esports vs Team Liquid,pick,Lotus,11058
VCT 2025: EMEA Kickoff,Main Event,Grand Final,Team Vitality vs Team Liquid,pick,Haven,474
VCT 2025: Pacific Kickoff,Main Event,Lower Round 3,TALON vs Nongshim RedForce,ban,Haven,11060
VCT 2025: Americas Kickoff,Main Event,Grand Final,G2 Esports vs Sentinels,pick,Split,11058
VCT 2025: Americas Stage 2,Group Stage,Week 2,2Game Esports vs G2 Esports,ban,Corrode,15072
VCT 2025: Americas Stage 2,Group Stage,Week 2,Cloud9 vs Evil Geniuses,ban,Sunset,5248
VCT 2025: Americas Stage 2,Group Stage,Week 2,MIBR vs LEVIATÁN,ban,Ascent,7386
VCT 2025: EMEA Stage 2,Group Stage,Week 1,Team Vitality vs GIANTX,ban,Icebox,2059
VCT 2025: EMEA Stage 2,Group Stage,Week 4,Natus Vincere vs Karmine Corp,ban,Icebox,8877
VCT 2025: Pacific Stage 2,Playoffs,Lower Round 1,Nongshim RedForce vs DetonatioN FocusMe,pick,Lotus,278
VCT 2025: Pacific Stage 2,Playoffs,Grand Final,Paper Rex vs Rex Regum Qeon,pick,Bind,624
VCT 2025: China Stage 2,Group Stage,Week 3,Titan Esports Club vs JDG Esports,ban,Ascent,14137
Valorant Masters Toronto 2025,Swiss Stage,Round 2 (0-1),Team Heretics vs Wolves Esports,ban,Split,1001
Valorant Masters Toronto 2025,Playoffs,Lower Final,Wolves Esports vs FNATIC,pick,Split,2593
VCT 2025: EMEA Stage 1,Group Stage,Week 1,Team Heretics vs Apeks,pick,Split,11479
VCT 2025: EMEA Stage 1,Group Stage,Week 1,FNATIC vs Natus Vincere,ban,Icebox,4915
VCT 2025: EMEA Stage 1,Playoffs,Lower Final,Team Heretics vs Team Liquid,pick,Icebox,1001
VCT 2025: Pacific Stage 1,Group Stage,Week 4,T1 vs Rex Regum Qeon,pick,Icebox,878
VCT 2025: China Stage 1,Group Stage,Week 5,EDward Gaming vs FunPlus Phoenix,pick,Fracture,11328
Valorant Masters Bangkok 2025,Swiss Stage,Round 2 (0-1),Team Liquid vs Sentinels,pick,Lotus,2
VCT 2025: EMEA Kickoff,Main Event,Lower Round 1,Gentle Mates vs KOI,ban,Abyss,7035
VCT 2025: Pacific Kickoff,Main Event,Lower Final,T1 vs Gen.G,pick,Lotus,17
VCT 2025: China Kickoff,Main Event,Lower Round 1,Dragon Ranger Gaming vs TYLOO,ban,Fracture,11981
Valorant Champions 2025,Playoffs,Upper Quarterfinals,Paper Rex vs G2 Esports,pick,Corrode,11058
VCT 2025: Pacific Stage 2,Group Stage,Week 2,Gen.G vs Global Esports,ban,Lotus,918
VCT 2025: Pacific Stage 2,Group Stage,Week 2,BOOM Esports vs Paper Rex,pick,Lotus,624
VCT 2025: Pacific Stage 2,Group Stage,Week 4,T1 vs DetonatioN FocusMe,ban,Icebox,14
VCT 2025: China Stage 2,Group Stage,Week 1,EDward Gaming vs Titan Esports Club,ban,Bind,1120
VCT 2025: China Stage 2,Group Stage,Week 2,FunPlus Phoenix vs Nova Esports,ban,Sunset,12064
VCT 2025: EMEA Stage 1,Group Stage,Week 3,Team Liquid vs FUT Esports,ban,Ascent,1184
VCT 2025: Pacific Stage 1,Playoffs,Lower Round 1,T1 vs Paper Rex,ban,Haven,624
VCT 2025: Americas Stage 1,Group Stage,Week 1,MIBR vs LEVIATÁN,ban,Lotus,2359
VCT 2025: Americas Stage 1,Group Stage,Week 2,LEVIATÁN vs Cloud9,ban,Icebox,188
VCT 2025: Americas Stage 1,Group Stage,Week 4,G2 Esports vs LEVIATÁN,ban,Icebox,11058
VCT 2025: Americas Kickoff,Main Event,Lower Round 1,100 Thieves vs NRG,ban,Split,
VCT 2025: Americas Kickoff,Main Event,Lower Round 4,MIBR vs KRÜ Esports,ban,Fracture,2355
VCT 2025: Americas Stage 2,Playoffs,Upper Semifinals,NRG vs G2 Esports,ban,Icebox,11058
VCT 2025: Americas Stage 2,Playoffs,Lower Round 2,NRG vs LEVIATÁN,ban,Bind,
VCT 2025: Pacific Stage 2,Group Stage,Week 1,Nongshim RedForce vs Team Secret,ban,Corrode,11060
VCT 2025: EMEA Stage 1,Group Stage,Week 2,Team Liquid vs BBL Esports,ban,Split,397
VCT 2025: Americas Stage 1,Group Stage,Week 2,NRG vs FURIA,ban,Icebox,2406
VCT 2025: Americas Stage 1,Group Stage,Week 4,FURIA vs Cloud9,ban,Fracture,2406
VCT 2025: Americas Stage 1,Playoffs,Lower Round 1,Cloud9 vs Evil Geniuses,ban,Pearl,188
Valorant Masters Bangkok 2025,Playoffs,Lower Round 1,T1 vs Team Vitality,ban,Fracture,14
VCT 2025: EMEA Kickoff,Main Event,Upper Quarterfinals,FNATIC vs BBL Esports,pick,Fracture,2593
VCT 2025: EMEA Kickoff,Main Event,Lower Round 4,FUT Esports vs Team Liquid,ban,Pearl,474
VCT 2025: Americas Kickoff,Main Event,Upper Round 1,MIBR vs 100 Thieves,pick,Lotus,7386
VCT 2025: China Kickoff,Main Event,Upper Quarterfinals,FunPlus Phoenix vs Titan Esports Club,ban,Haven,14137
VCT 2025: China Kickoff,Main Event,Upper Quarterfinals,Bilibili Gaming vs Xi Lai Gaming,ban,Fracture,13581
VCT 2025: China Kickoff,Main Event,Lower Round 2,JDG Esports vs Xi Lai Gaming,ban,Abyss,13581
VCT 2025: China Kickoff,Main Event,Lower Round 3,EDward Gaming vs Xi Lai Gaming,ban,Pearl,13581
Valorant Champions 2025,Group Stage,Opening (C),Team Liquid vs DRX,ban,Ascent,474
Valorant Champions 2025,Group Stage,Elimination (B),Bilibili Gaming vs Rex Regum Qeon,ban,Bind,878
Valorant Champions 2025,Playoffs,Upper Quarterfinals,Team Heretics vs MIBR,pick,Corrode,7386
Valorant Champions 2025,Playoffs,Lower Round 3,DRX vs Paper Rex,pick,Lotus,624
VCT 2025: EMEA Stage 2,Playoffs,Upper Semifinals,Team Heretics vs BBL Esports,ban,Corrode,1001
VCT 2025: China Stage 2,Group Stage,Week 3,Titan Esports Club vs Bilibili Gaming,ban,Icebox,12010
VCT 2025: EMEA Stage 1,Playoffs,Lower Final,Team Heretics vs Team Liquid,ban,Fracture,1001
VCT 2025: Pacific Stage 1,Playoffs,Lower Round 2,BOOM Esports vs Paper Rex,ban,Pearl,624
VCT 2025: China Stage 1,Group Stage,Week 4,Nova Esports vs TYLOO,pick,Split,12064
VCT 2025: China Stage 1,Group Stage,Week 5,JDG Esports vs Xi Lai Gaming,ban,Split,13581
VCT 2025: China Stage 1,Playoffs,Grand Final,Xi Lai Gaming vs Bilibili Gaming,pick,Pearl,12010
VCT 2025: Americas Stage 1,Group Stage,Week 4,NRG vs MIBR,ban,Ascent,7386
VCT 2025: Americas Stage 1,Playoffs,Grand Final,Sentinels vs G2 Esports,ban,Fracture,2
VCT 2025: Pacific Kickoff,Main Event,Lower Round 1,Global Esports vs DetonatioN FocusMe,ban,Fracture,918
Valorant Champions 2025,Group Stage,Elimination (C),Team Liquid vs EDward Gaming,ban,Haven,474
VCT 2025: Americas Stage 2,Playoffs,Lower Round 2,Cloud9 vs 100 Thieves,ban,Bind,188
VCT 2025: EMEA Stage 2,Group Stage,Week 2,Apeks vs Karmine Corp,ban,Bind,11479
VCT 2025: China Stage 2,Group Stage,Week 1,All Gamers vs Xi Lai Gaming,ban,Icebox,1119
VCT 2025: EMEA Stage 1,Playoffs,Lower Round 2,Team Liquid vs Natus Vincere,pick,Split,474
VCT 2025: Pacific Stage 1,Group Stage,Week 5,Paper Rex vs Global Esports,ban,Fracture,918
VCT 2025: Americas Stage 1,Group Stage,Week 1,KRÜ Esports vs LOUD,ban,Lotus,6961
VCT 2025: Americas Stage 1,Group Stage,Week 1,2Game Esports vs Evil Geniuses,ban,Fracture,15072
VCT 2025: Pacific Kickoff,Main Event,Lower Round 3,TALON vs Nongshim RedForce,pick,Lotus,11060
VCT 2025: China Kickoff,Main Event,Upper Round 1,Xi Lai Gaming vs Wolves Esports,ban,Pearl,13581
VCT 2025: China Kickoff,Main Event,Upper Semifinals,Bilibili Gaming vs FunPlus Phoenix,ban,Pearl,12010
Valorant Champions 2025,Playoffs,Grand Final,NRG vs FNATIC,pick,Ascent,2593
VCT 2025: Americas Stage 2,Group Stage,Week 2,FURIA vs Sentinels,pick,Sunset,2
VCT 2025: Americas Stage 2,Playoffs,Grand Final,G2 Esports vs NRG,pick,Bind,11058
VCT 2025: EMEA Stage 2,Group Stage,Week 4,Team Vitality vs BBL Esports,ban,Haven,397
VCT 2025: China Stage 2,Group Stage,Week 1,Dragon Ranger Gaming vs Nova Esports,pick,Lotus,11981
VCT 2025: China Stage 2,Group Stage,Week 2,FunPlus Phoenix vs Nova Esports,pick,Haven,12064
VCT 2025: China Stage 2,Group Stage,Week 4,Bilibili Gaming vs EDward Gaming,pick,Lotus,12010
VCT 2025: China Stage 2,Playoffs,Lower Round 2,Xi Lai Gaming vs All Gamers,ban,Haven,1119
Valorant Masters Toronto 2025,Playoffs,Upper Quarterfinals,FNATIC vs Gen.G,ban,Icebox,17
Valorant Masters Toronto 2025,Playoffs,Upper Quarterfinals,FNATIC vs Gen.G,ban,Ascent,2593
VCT 2025: EMEA Stage 1,Group Stage,Week 3,Team Vitality vs Team Heretics,pick,Icebox,2059
VCT 2025: Pacific Stage 1,Group Stage,Week 1,Gen.G vs BOOM Esports,ban,Pearl,17
VCT 2025: Pacific Stage 1,Group Stage,Week 2,Gen.G vs Paper Rex,ban,Ascent,624
VCT 2025: Pacific Stage 1,Group Stage,Week 2,DRX vs DetonatioN FocusMe,ban,Pearl,8185
VCT 2025: Pacific Stage 1,Playoffs,Grand Final,Gen.G vs Rex Regum Qeon,ban,Fracture,17
VCT 2025: China Stage 1,Playoffs,Upper Semifinals,EDward Gaming vs Xi Lai Gaming,ban,Pearl,13581
Valorant Masters Bangkok 2025,Playoffs,Upper Semifinals,Team Vitality vs G2 Esports,ban,Split,11058
Valorant Masters Bangkok 2025,Playoffs,Grand Final,G2 Esports vs T1,pick,Split,14
VCT 2025: Pacific Kickoff,Main Event,Upper Quarterfinals,TALON vs Global Esports,ban,Haven,918
VCT 2025: Americas Kickoff,Main Event,Lower Round 1,Cloud9 vs MIBR,ban,Split,7386
VCT 2025: China Kickoff,Main Event,Upper Semifinals,Trace Esports vs EDward Gaming,pick,Lotus,12685
VCT 2025: China Kickoff,Main Event,Lower Round 3,FunPlus Phoenix vs Dragon Ranger Gaming,ban,Lotus,11981
Valorant Champions 2025,Group Stage,Opening (A),Paper Rex vs Xi Lai Gaming,ban,Lotus,13581
Valorant Champions 2025,Group Stage,Winner's (B),MIBR vs FNATIC,pick,Bind,2593
Valorant Champions 2025,Group Stage,Decider (A),GIANTX vs Xi Lai Gaming,ban,Haven,14419
VCT 2025: EMEA Stage 2,Playoffs,Upper Round 1,FNATIC vs BBL Esports,ban,Lotus,397
VCT 2025: Pacific Stage 2,Group Stage,Week 2,BOOM Esports vs Paper Rex,ban,Icebox,466
VCT 2025: Pacific Stage 2,Playoffs,Upper Semifinals,Paper Rex vs T1,ban,Haven,624
VCT 2025: China Stage 2,Group Stage,Week 2,TYLOO vs Titan Esports Club,pick,Haven,731
VCT 2025: China Stage 2,Group Stage,Week 4,EDward Gaming vs JDG Esports,ban,Bind,13576
VCT 2025: China Stage 2,Group Stage,Week 4,Nova Esports vs Wolves Esports,pick,Haven,12064
VCT 2025: EMEA Stage 1,Group Stage,Week 1,FUT Esports vs KOI,pick,Lotus,7035
VCT 2025: EMEA Stage 1,Playoffs,Upper Round 1,BBL Esports vs Natus Vincere,ban,Split,397
VCT 2025: Pacific Stage 1,Group Stage,Week 1,DetonatioN FocusMe vs Global Esports,pick,Lotus,918
VCT 2025: Pacific Stage 1,Group Stage,Week 1,Nongshim RedForce vs Rex Regum Qeon,ban,Fracture,11060
VCT 2025: Americas Stage 1,Group Stage,Week 2,NRG vs FURIA,ban,Split,
Valorant Masters Bangkok 2025,Playoffs,Upper Semifinals,EDward Gaming vs T1,pick,Split,14
VCT 2025: EMEA Kickoff,Main Event,Upper Semifinals,FUT Esports vs Team Vitality,ban,Fracture,1184
VCT 2025: Americas Kickoff,Main Event,Lower Round 2,Evil Geniuses vs MIBR,pick,Abyss,7386
VCT 2025: Americas Kickoff,Main Event,Lower Round 2,NRG vs KRÜ Esports,ban,Fracture,2355
Valorant Champions 2025,Group Stage,Elimination (B),Bilibili Gaming vs Rex Regum Qeon,pick,Sunset,878
VCT 2025: Pacific Stage 2,Playoffs,Lower Round 1,Nongshim RedForce vs DetonatioN FocusMe,ban,Sunset,11060
VCT 2025: China Stage 2,Playoffs,Lower Final,Bilibili Gaming vs EDward Gaming,pick,Lotus,12010
VCT 2025: EMEA Stage 1,Playoffs,Lower Final,Team Heretics vs Team Liquid,pick,Haven,1001
VCT 2025: Pacific Stage 1,Group Stage,Week 1,Nongshim RedForce vs Rex Regum Qeon,ban,Lotus,878
VCT 2025: China Stage 1,Group Stage,Week 2,Nova Esports vs EDward Gaming,pick,Ascent,12064
VCT 2025: Americas Stage 1,Group Stage,Week 3,100 Thieves vs LOUD,pick,Haven,120
Valorant Masters Bangkok 2025,Swiss Stage,Round 2 (1-0),EDward Gaming vs G2 Esports,ban,Abyss,1120
VCT 2025: EMEA Kickoff,Main Event,Upper Semifinals,BBL Esports vs Team Heretics,ban,Split,1001
VCT 2025: Pacific Kickoff,Main Event,Upper Round 1,Global Esports vs Team Secret,ban,Haven,918
VCT 2025: Americas Kickoff,Main Event,Upper Round 1,MIBR vs 100 Thieves,pick,Bind,120
VCT 2025: Americas Kickoff,Main Event,Upper Quarterfinals,Sentinels vs 100 Thieves,ban,Lotus,120
VCT 2025: China Kickoff,Main Event,Lower Final,Bilibili Gaming vs EDward Gaming,pick,Bind,1120
Valorant Champions 2025,Group Stage,Winner's (A),Paper Rex vs GIANTX,ban,Haven,624
VCT 2025: Americas Stage 2,Group Stage,Week 2,FURIA vs Sentinels,ban,Lotus,2406
VCT 2025: Americas Stage 2,Group Stage,Week 3,MIBR vs 100 Thieves,ban,Ascent,7386
VCT 2025: Americas Stage 2,Playoffs,Lower Final,Sentinels vs NRG,ban,Bind,
VCT 2025: EMEA Stage 2,Group Stage,Week 4,Team Vitality vs BBL Esports,pick,Lotus,2059
VCT 2025: Pacific Stage 2,Group Stage,Week 1,DRX vs Nongshim RedForce,pick,Icebox,8185
VCT 2025: China Stage 2,Playoffs,Lower Round 1,All Gamers vs FunPlus Phoenix,ban,Corrode,1119
Valorant Masters Toronto 2025,Playoffs,Upper Quarterfinals,FNATIC vs Gen.G,pick,Split,2593
VCT 2025: EMEA Stage 1,Group Stage,Week 2,Team Heretics vs GIANTX,pick,Haven,14419
VCT 2025: EMEA Stage 1,Group Stage,Week 4,Gentle Mates vs BBL Esports,ban,Pearl,12694
VCT 2025: EMEA Stage 1,Playoffs,Upper Round 1,FNATIC vs FUT Esports,pick,Split,2593
VCT 2025: Pacific Stage 1,Group Stage,Week 4,T1 vs Rex Regum Qeon,ban,Fracture,14
VCT 2025: Pacific Stage 1,Playoffs,Lower Round 1,TALON vs Nongshim RedForce,pick,Haven,8304
VCT 2025: China Stage 1,Group Stage,Week 5,EDward Gaming vs FunPlus Phoenix,ban,Ascent,11328
Valorant Masters Bangkok 2025,Playoffs,Lower Round 1,T1 vs Team Vitality,pick,Lotus,14
Valorant Masters Bangkok 2025,Playoffs,Lower Round 1,T1 vs Team Vitality,pick,Haven,2059
Valorant Champions 2025,Playoffs,Lower Round 2,MIBR vs DRX,ban,Lotus,8185
VCT 2025: EMEA Stage 2,Group Stage,Week 1,Team Liquid vs KOI,ban,Corrode,7035
VCT 2025: Pacific Stage 2,Group Stage,Week 4,BOOM Esports vs ZETA DIVISION,ban,Sunset,5448
VCT 2025: China Stage 2,Group Stage,Week 2,Trace Esports vs TYLOO,ban,Icebox,12685
VCT 2025: China Stage 2,Group Stage,Week 3,TYLOO vs EDward Gaming,pick,Ascent,1120
Valorant Masters Toronto 2025,Playoffs,Lower Round 2,Sentinels vs FNATIC,pick,Ascent,2593
VCT 2025: EMEA Stage 1,Group Stage,Week 4,Natus Vincere vs Team Heretics,ban,Fracture,1001
VCT 2025: EMEA Stage 1,Group Stage,Week 4,Natus Vincere vs Team Heretics,pick,Haven,1001
VCT 2025: EMEA Stage 1,Playoffs,Upper Final,Team Heretics vs FNATIC,pick,Fracture,2593
VCT 2025: China Stage 1,Group Stage,Week 5,Wolves Esports vs All Gamers,pick,Fracture,1119
VCT 2025: Americas Stage 1,Group Stage,Week 1,2Game Esports vs Evil Geniuses,ban,Pearl,15072
VCT 2025: Americas Stage 1,Playoffs,Lower Round 3,G2 Esports vs Evil Geniuses,pick,Split,11058
Valorant Masters Bangkok 2025,Swiss Stage,Round 1,G2 Esports vs Trace Esports,ban,Fracture,12685
VCT 2025: EMEA Kickoff,Main Event,Lower Round 4,FUT Esports vs Team Liquid,pick,Abyss,1184
VCT 2025: Pacific Kickoff,Main Event,Upper Quarterfinals,Gen.G vs Rex Regum Qeon,pick,Fracture,878
VCT 2025: Pacific Kickoff,Main Event,Lower Round 4,TALON vs Gen.G,ban,Split,17
VCT 2025: China Kickoff,Main Event,Lower Round 2,Nova Esports vs Dragon Ranger Gaming,ban,Split,11981
VCT 2025: China Kickoff,Main Event,Upper Final,Bilibili Gaming vs Trace Esports,ban,Pearl,12685
Valorant Champions 2025,Group Stage,Opening (D),Dragon Ranger Gaming vs T1,ban,Abyss,11981
Valorant Champions 2025,Playoffs,Lower Round 2,MIBR vs DRX,ban,Haven,7386
VCT 2025: Americas Stage 2,Group Stage,Week 3,Sentinels vs Cloud9,ban,Ascent,2
VCT 2025: Americas Stage 2,Group Stage,Week 3,LOUD vs KRÜ Esports,ban,Icebox,6961
VCT 2025: Americas Stage 2,Group Stage,Week 5,KRÜ Esports vs NRG,pick,Lotus,
VCT 2025: EMEA Stage 2,Group Stage,Week 2,Gentle Mates vs Team Heretics,pick,Ascent,1001
VCT 2025: Pacific Stage 2,Group Stage,Week 2,BOOM Esports vs Paper Rex,ban,Sunset,466
VCT 2025: Pacific Stage 2,Playoffs,Lower Final,TALON vs Rex Regum Qeon,ban,Lotus,878
VCT 2025: China Stage 2,Group Stage,Week 4,EDward Gaming vs JDG Esports,pick,Lotus,13576
VCT 2025: EMEA Stage 1,Group Stage,Week 3,Karmine Corp vs Gentle Mates,ban,Ascent,8877
VCT 2025: Pacific Stage 1,Group Stage,Week 3,TALON vs Nongshim RedForce,pick,Haven,8304
VCT 2025: China Stage 1,Group Stage,Week 3,Dragon Ranger Gaming vs EDward Gaming,ban,Split,11981
VCT 2025: China Stage 1,Group Stage,Week 5,Dragon Ranger Gaming vs TYLOO,pick,Split,731
VCT 2025: Americas Stage 1,Group Stage,Week 2,100 Thieves vs Evil Geniuses,ban,Icebox,5248
Valorant Masters Bangkok 2025,Swiss Stage,Round 1,G2 Esports vs Trace Esports,ban,Bind,11058
VCT 2025: EMEA Kickoff,Main Event,Upper Semifinals,BBL Esports vs Team Heretics,ban,Fracture,397
VCT 2025: Pacific Kickoff,Main Event,Upper Semifinals,T1 vs TALON,ban,Lotus,14
VCT 2025: China Kickoff,Main Event,Lower Round 2,JDG Esports vs Xi Lai Gaming,pick,Bind,13581
VCT 2025: EMEA Stage 2,Group Stage,Week 2,KOI vs FNATIC,ban,Bind,7035
VCT 2025: EMEA Stage 2,Playoffs,Grand Final,Team Liquid vs GIANTX,pick,Ascent,14419
VCT 2025: China Stage 2,Group Stage,Week 2,Trace Esports vs EDward Gaming,ban,Ascent,1120
Valorant Masters Toronto 2025,Swiss Stage,Round 3 (1-1),Bilibili Gaming vs Wolves Esports,ban,Lotus,12010
Valorant Masters Toronto 2025,Playoffs,Upper Quarterfinals,G2 Esports vs Paper Rex,ban,Haven,624
VCT 2025: EMEA Stage 1,Group Stage,Week 1,Team Heretics vs Apeks,ban,Lotus,1001
VCT 2025: EMEA Stage 1,Playoffs,Upper Round 1,FNATIC vs FUT Esports,ban,Ascent,2593
VCT 2025: Pacific Stage 1,Group Stage,Week 1,DRX vs Paper Rex,ban,Split,624
VCT 2025: China Stage 1,Group Stage,Week 3,Nova Esports vs FunPlus Phoenix,ban,Fracture,11328
VCT 2025: China Stage 1,Group Stage,Week 5,Titan Esports Club vs Nova Esports,ban,Pearl,14137
VCT 2025: Americas Stage 1,Playoffs,Upper Semifinals,KRÜ Esports vs MIBR,ban,Fracture,7386
Valorant Masters Bangkok 2025,Swiss Stage,Round 2 (1-0),DRX vs Team Vitality,ban,Lotus,8185
Valorant Masters Bangkok 2025,Playoffs,Lower Final,EDward Gaming vs T1,ban,Lotus,1120
VCT 2025: Americas Kickoff,Main Event,Upper Round 1,NRG vs Cloud9,ban,Split,188
Valorant Champions 2025,Group Stage,Elimination (A),Xi Lai Gaming vs Sentinels,ban,Bind,2
VCT 2025: Americas Stage 2,Group Stage,Week 5,FURIA vs Evil Geniuses,ban,Haven,5248
VCT 2025: Americas Stage 2,Playoffs,Lower Final,Sentinels vs NRG,pick,Icebox,
VCT 2025: EMEA Stage 2,Group Stage,Week 3,Team Vitality vs Team Heretics,pick,Haven,1001
VCT 2025: EMEA Stage 2,Playoffs,Upper Semifinals,Team Liquid vs GIANTX,pick,Corrode,474
VCT 2025: Pacific Stage 2,Playoffs,Upper Round 1,TALON vs Nongshim RedForce,ban,Sunset,8304
VCT 2025: China Stage 2,Group Stage,Week 2,Xi Lai Gaming vs Wolves Esports,ban,Corrode,13581
VCT 2025: China Stage 2,Group Stage,Week 3,Bilibili Gaming vs Trace Esports,ban,Sunset,12685
VCT 2025: China Stage 2,Group Stage,Week 3,Xi Lai Gaming vs FunPlus Phoenix,pick,Haven,13581
VCT 2025: China Stage 1,Group Stage,Week 5,Titan Esports Club vs Nova Esports,pick,Split,12064
VCT 2025: EMEA Kickoff,Main Event,Upper Quarterfinals,Team Heretics vs Gentle Mates,pick,Fracture,1001
Valorant Champions 2025,Group Stage,Winner's (D),Team Heretics vs T1,ban,Corrode,14
Valorant Champions 2025,Playoffs,Upper Semifinals,MIBR vs NRG,ban,Ascent,7386
Valorant Champions 2025,Playoffs,Upper Final,FNATIC vs NRG,ban,Haven,
VCT 2025: Americas Stage 2,Group Stage,Week 1,MIBR vs KRÜ Esports,ban,Bind,7386
VCT 2025: Americas Stage 2,Group Stage,Week 2,FURIA vs Sentinels,pick,Icebox,2406
Valorant Masters Toronto 2025,Swiss Stage,Round 2 (0-1),Team Heretics vs Wolves Esports,pick,Pearl,13790
Valorant Masters Toronto 2025,Swiss Stage,Round 3 (1-1),Paper Rex vs Team Liquid,ban,Ascent,624
VCT 2025: EMEA Stage 1,Group Stage,Week 1,FNATIC vs Natus Vincere,pick,Split,2593
VCT 2025: Pacific Stage 1,Group Stage,Week 1,Gen.G vs BOOM Esports,pick,Haven,17
VCT 2025: Pacific Stage 1,Group Stage,Week 2,DRX vs DetonatioN FocusMe,pick,Ascent,278
VCT 2025: China Stage 1,Group Stage,Week 1,Xi Lai Gaming vs Bilibili Gaming,ban,Ascent,13581
VCT 2025: China Stage 1,Playoffs,Grand Final,Xi Lai Gaming vs Bilibili Gaming,pick,Haven,13581
VCT 2025: Americas Stage 1,Playoffs,Upper Semifinals,G2 Esports vs Sentinels,pick,Split,2
Valorant Masters Bangkok 2025,Swiss Stage,Round 1,EDward Gaming vs Team Liquid,ban,Fracture,474
Valorant Masters Bangkok 2025,Playoffs,Lower Final,EDward Gaming vs T1,pick,Bind,1120
VCT 2025: EMEA Kickoff,Main Event,Grand Final,Team Vitality vs Team Liquid,ban,Abyss,2059
VCT 2025: Pacific Kickoff,Main Event,Lower Final,T1 vs Gen.G,ban,Abyss,14
Valorant Champions 2025,Group Stage,Opening (D),G2 Esports vs Team Heretics,pick,Corrode,1001
VCT 2025: Americas Stage 2,Group Stage,Week 1,MIBR vs KRÜ Esports,ban,Icebox,2355
VCT 2025: EMEA Stage 2,Group Stage,Week 3,FUT Esports vs GIANTX,pick,Sunset,1184
VCT 2025: EMEA Stage 2,Playoffs,Upper Final,BBL Esports vs Team Liquid,ban,Corrode,397
VCT 2025: Pacific Stage 2,Group Stage,Week 2,TALON vs DetonatioN FocusMe,ban,Lotus,278
VCT 2025: China Stage 2,Group Stage,Week 2,Xi Lai Gaming vs Wolves Esports,pick,Lotus,13790
Valorant Masters Toronto 2025,Swiss Stage,Round 3 (1-1),Bilibili Gaming vs Wolves Esports,pick,Ascent,12010
Valorant Masters Toronto 2025,Playoffs,Lower Round 1,Xi Lai Gaming vs G2 Esports,pick,Haven,11058
Valorant Masters Toronto 2025,Playoffs,Upper Final,Paper Rex vs Wolves Esports,ban,Sunset,13790
VCT 2025: EMEA Stage 1,Group Stage,Week 3,Natus Vincere vs GIANTX,ban,Haven,14419
VCT 2025: Pacific Stage 1,Group Stage,Week 1,DRX vs Paper Rex,pick,Icebox,624
VCT 2025: Pacific Stage 1,Group Stage,Week 2,TALON vs Rex Regum Qeon,ban,Fracture,878
VCT 2025: Pacific Stage 1,Group Stage,Week 5,T1 vs TALON,ban,Pearl,8304
VCT 2025: Pacific Stage 1,Group Stage,Week 5,DetonatioN FocusMe vs BOOM Esports,ban,Lotus,278
VCT 2025: China Stage 1,Playoffs,Lower Round 2,Bilibili Gaming vs Trace Esports,pick,Lotus,12685
VCT 2025: Americas Stage 1,Group Stage,Week 3,FURIA vs LEVIATÁN,ban,Split,2359
VCT 2025: Americas Kickoff,Main Event,Upper Quarterfinals,Sentinels vs 100 Thieves,pick,Split,2
Valorant Champions 2025,Playoffs,Upper Semifinals,MIBR vs NRG,ban,Lotus,7386
VCT 2025: Americas Stage 2,Group Stage,Week 1,Sentinels vs G2 Esports,pick,Corrode,2
VCT 2025: Americas Stage 2,Group Stage,Week 4,LEVIATÁN vs KRÜ Esports,pick,Bind,2359
VCT 2025: China Stage 2,Playoffs,Upper Quarterfinals,EDward Gaming vs Dragon Ranger Gaming,ban,Bind,1120
VCT 2025: EMEA Stage 1,Playoffs,Upper Final,Team Heretics vs FNATIC,ban,Ascent,1001
VCT 2025: Pacific Stage 1,Group Stage,Week 4,T1 vs Rex Regum Qeon,ban,Ascent,14
VCT 2025: Pacific Stage 1,Group Stage,Week 5,DRX vs Gen.G,ban,Fracture,17
VCT 2025: China Stage 1,Playoffs,Upper Semifinals,EDward Gaming vs Xi Lai Gaming,ban,Split,13581
VCT 2025: Pacific Kickoff,Main Event,Upper Quarterfinals,Paper Rex vs T1,ban,Abyss,624
VCT 2025: Pacific Kickoff,Main Event,Lower Round 1,Nongshim RedForce vs BOOM Esports,pick,Bind,11060
VCT 2025: Pacific Kickoff,Main Event,Upper Semifinals,T1 vs TALON,ban,Pearl,8304
VCT 2025: Americas Kickoff,Main Event,Upper Quarterfinals,G2 Esports vs Cloud9,ban,Haven,188
Valorant Champions 2025,Group Stage,Winner's (B),MIBR vs FNATIC,ban,Ascent,7386
Valorant Champions 2025,Group Stage,Decider (D),T1 vs G2 Esports,ban,Ascent,11058
VCT 2025: Americas Stage 2,Group Stage,Week 4,MIBR vs NRG,ban,Sunset,
VCT 2025: EMEA Stage 2,Group Stage,Week 5,GIANTX vs Team Heretics,ban,Lotus,1001
Valorant Masters Toronto 2025,Swiss Stage,Round 3 (1-1),Paper Rex vs Team Liquid,ban,Pearl,474
VCT 2025: EMEA Stage 1,Group Stage,Week 3,KOI vs BBL Esports,ban,Lotus,397
VCT 2025: EMEA Stage 1,Group Stage,Week 5,FNATIC vs Team Heretics,ban,Split,1001
VCT 2025: EMEA Stage 1,Playoffs,Upper Round 1,FNATIC vs FUT Esports,ban,Fracture,1184
VCT 2025: Pacific Stage 1,Group Stage,Week 2,T1 vs Nongshim RedForce,ban,Haven,11060
VCT 2025: China Stage 1,Group Stage,Week 1,Xi Lai Gaming vs Bilibili Gaming,pick,Pearl,12010
VCT 2025: China Stage 1,Group Stage,Week 4,Nova Esports vs TYLOO,pick,Icebox,731
VCT 2025: China Stage 1,Playoffs,Lower Round 2,EDward Gaming vs Dragon Ranger Gaming,ban,Icebox,11981
VCT 2025: Americas Kickoff,Main Event,Upper Round 1,2Game Esports vs FURIA,pick,Haven,15072
Valorant Champions 2025,Group Stage,Decider (D),T1 vs G2 Esports,pick,Corrode,14
VCT 2025: Americas Stage 2,Group Stage,Week 2,NRG vs LOUD,pick,Corrode,
VCT 2025: Americas Stage 2,Group Stage,Week 3,G2 Esports vs Evil Geniuses,pick,Haven,5248
VCT 2025: Americas Stage 2,Group Stage,Week 4,Sentinels vs Evil Geniuses,ban,Sunset,5248
VCT 2025: EMEA Stage 2,Group Stage,Week 3,Gentle Mates vs BBL Esports,ban,Haven,12694
Valorant Masters Toronto 2025,Swiss Stage,Round 2 (1-0),Bilibili Gaming vs Sentinels,pick,Icebox,12010
VCT 2025: EMEA Stage 1,Group Stage,Week 1,Team Vitality vs GIANTX,ban,Pearl,2059
VCT 2025: Pacific Stage 1,Group Stage,Week 2,TALON vs Rex Regum Qeon,pick,Lotus,8304
VCT 2025: Pacific Stage 1,Playoffs,Upper Semifinals,Rex Regum Qeon vs DRX,pick,Fracture,8185
VCT 2025: Pacific Stage 1,Playoffs,Upper Semifinals,Rex Regum Qeon vs DRX,pick,Icebox,878
VCT 2025: China Stage 1,Playoffs,Grand Final,Xi Lai Gaming vs Bilibili Gaming,pick,Fracture,12010
Valorant Masters Bangkok 2025,Playoffs,Lower Final,EDward Gaming vs T1,ban,Abyss,14
VCT 2025: EMEA Kickoff,Main Event,Upper Round 1,BBL Esports vs GIANTX,ban,Split,14419
VCT 2025: Pacific Kickoff,Main Event,Upper Quarterfinals,Gen.G vs Rex Regum Qeon,ban,Split,17
VCT 2025: Pacific Kickoff,Main Event,Upper Semifinals,T1 vs TALON,pick,Bind,14
Valorant Champions 2025,Group Stage,Elimination (D),G2 Esports vs Dragon Ranger Gaming,ban,Corrode,11058
VCT 2025: Pacific Stage 2,Group Stage,Week 1,Rex Regum Qeon vs Global Esports,ban,Sunset,918
VCT 2025: Pacific Stage 2,Group Stage,Week 1,Paper Rex vs DetonatioN FocusMe,pick,Lotus,624
Valorant Masters Toronto 2025,Playoffs,Lower Round 3,G2 Esports vs FNATIC,ban,Sunset,2593
VCT 2025: Pacific Stage 1,Group Stage,Week 3,Paper Rex vs BOOM Esports,ban,Split,466
VCT 2025: China Stage 1,Playoffs,Upper Semifinals,Bilibili Gaming vs Wolves Esports,ban,Ascent,13790
VCT 2025: China Stage 1,Playoffs,Upper Semifinals,EDward Gaming vs Xi Lai Gaming,ban,Icebox,1120
VCT 2025: Americas Stage 1,Group Stage,Week 1,MIBR vs LEVIATÁN,ban,Fracture,7386
VCT 2025: Americas Stage 1,Playoffs,Lower Round 1,Cloud9 vs Evil Geniuses,ban,Haven,5248
Valorant Masters Bangkok 2025,Swiss Stage,Round 2 (0-1),T1 vs Trace Esports,ban,Fracture,12685
Valorant Champions 2025,Group Stage,Elimination (D),G2 Esports vs Dragon Ranger Gaming,pick,Abyss,11058
Valorant Champions 2025,Playoffs,Upper Quarterfinals,NRG vs GIANTX,ban,Corrode,14419
VCT 2025: EMEA Stage 2,Group Stage,Week 1,FUT Esports vs Gentle Mates,ban,Corrode,12694
VCT 2025: EMEA Stage 2,Group Stage,Week 4,FUT Esports vs Team Heretics,ban,Sunset,1184
VCT 2025: Pacific Stage 2,Group Stage,Week 3,Paper Rex vs ZETA DIVISION,ban,Ascent,624
VCT 2025: Pacific Stage 2,Group Stage,Week 4,TALON vs Paper Rex,ban,Haven,8304
VCT 2025: EMEA Stage 1,Group Stage,Week 1,FNATIC vs Natus Vincere,ban,Lotus,2593
VCT 2025: Pacific Kickoff,Main Event,Upper Quarterfinals,Gen.G vs Rex Regum Qeon,ban,Pearl,878
Valorant Champions 2025,Playoffs,Lower Round 1,DRX vs G2 Esports,ban,Haven,11058
Valorant Champions 2025,Playoffs,Lower Round 1,DRX vs G2 Esports,ban,Ascent,11058
VCT 2025: EMEA Stage 2,Group Stage,Week 3,Team Liquid vs Apeks,pick,Corrode,474
VCT 2025: Pacific Stage 2,Playoffs,Lower Round 3,T1 vs Rex Regum Qeon,ban,Lotus,878
VCT 2025: China Stage 2,Group Stage,Week 2,All Gamers vs Wolves Esports,ban,Ascent,1119
VCT 2025: China Stage 2,Group Stage,Week 3,FunPlus Phoenix vs Dragon Ranger Gaming,ban,Icebox,11328
VCT 2025: China Stage 2,Playoffs,Grand Final,Dragon Ranger Gaming vs Bilibili Gaming,pick,Haven,12010
Valorant Masters Toronto 2025,Playoffs,Upper Quarterfinals,Xi Lai Gaming vs Sentinels,pick,Sunset,13581
VCT 2025: China Stage 1,Group Stage,Week 5,Wolves Esports vs All Gamers,ban,Ascent,13790
VCT 2025: Americas Stage 1,Playoffs,Upper Round 1,MIBR vs 100 Thieves,ban,Lotus,120
VCT 2025: Americas Stage 1,Playoffs,Lower Final,MIBR vs G2 Esports,pick,Lotus,11058
Valorant Masters Bangkok 2025,Swiss Stage,Round 1,G2 Esports vs Trace Esports,pick,Abyss,11058
VCT 2025: China Kickoff,Main Event,Lower Round 3,FunPlus Phoenix vs Dragon Ranger Gaming,ban,Bind,11328
Valorant Champions 2025,Playoffs,Upper Semifinals,FNATIC vs Paper Rex,pick,Haven,2593
VCT 2025: Pacific Stage 2,Playoffs,Upper Final,TALON vs Paper Rex,pick,Haven,8304
VCT 2025: China Stage 2,Group Stage,Week 1,Bilibili Gaming vs TYLOO,ban,Ascent,731
VCT 2025: China Stage 2,Playoffs,Upper Semifinals,Xi Lai Gaming vs Dragon Ranger Gaming,pick,Bind,13581
VCT 2025: EMEA Stage 1,Group Stage,Week 5,Gentle Mates vs KOI,ban,Ascent,12694
VCT 2025: EMEA Stage 1,Group Stage,Week 5,Team Liquid vs Karmine Corp,ban,Pearl,474
VCT 2025: China Stage 1,Group Stage,Week 1,Dragon Ranger Gaming vs Nova Esports,ban,Pearl,11981
VCT 2025: China Stage 1,Group Stage,Week 5,Bilibili Gaming vs Trace Esports,pick,Haven,12010
VCT 2025: China Stage 1,Group Stage,Week 5,EDward Gaming vs FunPlus Phoenix,ban,Lotus,1120
VCT 2025: Americas Kickoff,Main Event,Grand Final,G2 Esports vs Sentinels,ban,Bind,11058
VCT 2025: China Kickoff,Main Event,Lower Round 1,Nova Esports vs Wolves Esports,pick,Abyss,12064
VCT 2025: EMEA Stage 2,Group Stage,Week 2,GIANTX vs BBL Esports,ban,Haven,14419
VCT 2025: EMEA Stage 2,Group Stage,Week 5,GIANTX vs Team Heretics,ban,Corrode,1001
VCT 2025: EMEA Stage 2,Playoffs,Lower Round 3,GIANTX vs Natus Vincere,ban,Ascent,4915
VCT 2025: Pacific Stage 2,Group Stage,Week 1,Paper Rex vs DetonatioN FocusMe,ban,Corrode,624
VCT 2025: China Stage 2,Group Stage,Week 4,All Gamers vs FunPlus Phoenix,pick,Icebox,1119
VCT 2025: EMEA Stage 1,Group Stage,Week 4,Team Liquid vs KOI,pick,Lotus,7035
VCT 2025: Pacific Stage 1,Group Stage,Week 2,Gen.G vs Paper Rex,pick,Fracture,624
VCT 2025: Pacific Stage 1,Group Stage,Week 3,Rex Regum Qeon vs ZETA DIVISION,ban,Icebox,5448
VCT 2025: Americas Stage 1,Group Stage,Week 3,G2 Esports vs NRG,pick,Lotus,
VCT 2025: Americas Stage 1,Group Stage,Week 5,Sentinels vs 2Game Esports,pick,Pearl,2
Valorant Masters Bangkok 2025,Swiss Stage,Round 1,Team Vitality vs T1,ban,Haven,14
Valorant Masters Bangkok 2025,Swiss Stage,Round 2 (0-1),Team Liquid vs Sentinels,ban,Pearl,474
VCT 2025: Pacific Kickoff,Main Event,Lower Round 3,TALON vs Nongshim RedForce,ban,Pearl,8304
VCT 2025: China Kickoff,Main Event,Upper Round 1,All Gamers vs Nova Esports,ban,Lotus,12064
Valorant Champions 2025,Group Stage,Winner's (A),Paper Rex vs GIANTX,ban,Bind,14419
VCT 2025: Americas Stage 2,Group Stage,Week 3,Sentinels vs Cloud9,ban,Sunset,188
VCT 2025: Americas Stage 2,Group Stage,Week 4,LOUD vs 100 Thieves,pick,Bind,120
VCT 2025: Americas Stage 2,Group Stage,Week 5,MIBR vs LOUD,ban,Corrode,7386
VCT 2025: EMEA Stage 2,Playoffs,Upper Final,BBL Esports vs Team Liquid,ban,Icebox,474
VCT 2025: Pacific Stage 2,Group Stage,Week 3,Rex Regum Qeon vs DRX,ban,Icebox,8185
VCT 2025: China Stage 2,Group Stage,Week 2,Dragon Ranger Gaming vs All Gamers,ban,Ascent,1119
VCT 2025: China Stage 2,Group Stage,Week 3,Titan Esports Club vs Bilibili Gaming,pick,Bind,12010
VCT 2025: China Stage 2,Group Stage,Week 3,Bilibili Gaming vs Trace Esports,ban,Lotus,12685
VCT 2025: Pacific Stage 1,Group Stage,Week 1,DetonatioN FocusMe vs Global Esports,ban,Haven,918
VCT 2025: China Stage 1,Group Stage,Week 1,FunPlus Phoenix vs Titan Esports Club,ban,Lotus,11328
VCT 2025: China Stage 1,Playoffs,Upper Round 1,Xi Lai Gaming vs Nova Esports,ban,Pearl,13581
VCT 2025: Americas Stage 1,Group Stage,Week 2,Sentinels vs KRÜ Esports,ban,Ascent,2
VCT 2025: EMEA Kickoff,Main Event,Grand Final,Team Vitality vs Team Liquid,pick,Split,2059
VCT 2025: EMEA Stage 2,Group Stage,Week 2,Team Liquid vs Natus Vincere,ban,Haven,4915
VCT 2025: EMEA Stage 2,Playoffs,Lower Round 1,Natus Vincere vs Team Vitality,ban,Icebox,2059
VCT 2025: Pacific Stage 2,Group Stage,Week 3,BOOM Esports vs DetonatioN FocusMe,pick,Lotus,466
VCT 2025: China Stage 2,Group Stage,Week 3,TYLOO vs EDward Gaming,pick,Corrode,731
VCT 2025: China Stage 2,Playoffs,Lower Round 3,EDward Gaming vs Xi Lai Gaming,ban,Icebox,1120
Valorant Masters Toronto 2025,Swiss Stage,Round 1,Team Heretics vs Paper Rex,ban,Sunset,1001
Valorant Masters Toronto 2025,Playoffs,Upper Quarterfinals,G2 Esports vs Paper Rex,ban,Ascent,624
VCT 2025: EMEA Stage 1,Group Stage,Week 3,Karmine Corp vs Gentle Mates,ban,Fracture,8877
VCT 2025: EMEA Stage 1,Group Stage,Week 5,Team Liquid vs Karmine Corp,ban,Fracture,8877
VCT 2025: EMEA Stage 1,Playoffs,Upper Round 1,FNATIC vs FUT Esports,ban,Icebox,1184
VCT 2025: Pacific Stage 1,Group Stage,Week 5,Nongshim RedForce vs ZETA DIVISION,ban,Icebox,11060
VCT 2025: China Stage 1,Group Stage,Week 1,Trace Esports vs All Gamers,ban,Icebox,12685
VCT 2025: China Stage 1,Group Stage,Week 2,Titan Esports Club vs Dragon Ranger Gaming,pick,Fracture,14137
VCT 2025: China Stage 1,Group Stage,Week 3,Wolves Esports vs Xi Lai Gaming,ban,Pearl,13581
VCT 2025: China Stage 1,Group Stage,Week 4,Bilibili Gaming vs Wolves Esports,pick,Lotus,13790
Valorant Masters Bangkok 2025,Playoffs,Grand Final,G2 Esports vs T1,pick,Lotus,11058
VCT 2025: Americas Kickoff,Main Event,Lower Round 2,NRG vs KRÜ Esports,ban,Split,
VCT 2025: Americas Stage 2,Group Stage,Week 1,Cloud9 vs FURIA,ban,Icebox,188
VCT 2025: Americas Stage 2,Group Stage,Week 2,Cloud9 vs Evil Geniuses,pick,Lotus,5248
VCT 2025: Americas Stage 2,Group Stage,Week 3,Sentinels vs Cloud9,pick,Lotus,2
VCT 2025: EMEA Stage 2,Group Stage,Week 1,Team Vitality vs GIANTX,ban,Corrode,14419
VCT 2025: EMEA Stage 2,Group Stage,Week 3,KOI vs Karmine Corp,pick,Sunset,8877
VCT 2025: EMEA Stage 1,Group Stage,Week 2,Team Liquid vs BBL Esports,pick,Fracture,474
VCT 2025: EMEA Stage 1,Group Stage,Week 2,Team Heretics vs GIANTX,ban,Ascent,14419
VCT 2025: Pacific Stage 1,Group Stage,Week 2,BOOM Esports vs Global Esports,ban,Icebox,918
VCT 2025: China Stage 1,Group Stage,Week 1,JDG Esports vs Wolves Esports,ban,Lotus,13790
VCT 2025: China Kickoff,Main Event,Lower Round 1,Xi Lai Gaming vs All Gamers,pick,Bind,13581
VCT 2025: Pacific Stage 2,Group Stage,Week 2,T1 vs ZETA DIVISION,pick,Corrode,5448
Valorant Masters Toronto 2025,Swiss Stage,Round 1,Team Heretics vs Paper Rex,ban,Ascent,624
Valorant Masters Toronto 2025,Playoffs,Lower Round 1,Xi Lai Gaming vs G2 Esports,pick,Icebox,13581
Valorant Masters Toronto 2025,Playoffs,Lower Round 1,Rex Regum Qeon vs FNATIC,ban,Sunset,2593
Valorant Masters Toronto 2025,Playoffs,Lower Round 2,Gen.G vs G2 Esports,ban,Pearl,17
VCT 2025: Pacific Stage 1,Group Stage,Week 2,BOOM Esports vs Global Esports,ban,Ascent,918
VCT 2025: Pacific Kickoff,Main Event,Lower Round 4,TALON vs Gen.G,ban,Pearl,8304
VCT 2025: Pacific Kickoff,Main Event,Grand Final,DRX vs T1,pick,Fracture,8185
VCT 2025: Americas Kickoff,Main Event,Lower Round 1,FURIA vs Evil Geniuses,pick,Fracture,2406
VCT 2025: Americas Kickoff,Main Event,Lower Final,Sentinels vs MIBR,pick,Pearl,2
VCT 2025: China Kickoff,Main Event,Lower Round 1,Titan Esports Club vs JDG Esports,ban,Lotus,13576
VCT 2025: Americas Stage 2,Playoffs,Upper Round 1,LEVIATÁN vs Cloud9,pick,Haven,2359
VCT 2025: Americas Stage 2,Playoffs,Lower Round 1,100 Thieves vs Evil Geniuses,ban,Sunset,5248
VCT 2025: Pacific Stage 2,Group Stage,Week 3,Rex Regum Qeon vs DRX,pick,Bind,878
VCT 2025: China Stage 2,Group Stage,Week 2,JDG Esports vs Bilibili Gaming,ban,Corrode,12010
Valorant Masters Toronto 2025,Playoffs,Lower Final,Wolves Esports vs FNATIC,ban,Haven,13790
Valorant Masters Toronto 2025,Playoffs,Grand Final,Paper Rex vs FNATIC,pick,Icebox,2593
VCT 2025: EMEA Stage 1,Group Stage,Week 1,Team Heretics vs Apeks,ban,Fracture,11479
VCT 2025: EMEA Stage 1,Group Stage,Week 5,FNATIC vs Team Heretics,pick,Lotus,2593
VCT 2025: EMEA Stage 1,Playoffs,Upper Round 1,BBL Esports vs Natus Vincere,pick,Lotus,397
VCT 2025: Pacific Stage 1,Group Stage,Week 2,TALON vs Rex Regum Qeon,ban,Icebox,8304
VCT 2025: Pacific Stage 1,Group Stage,Week 4,DetonatioN FocusMe vs Paper Rex,ban,Split,278
VCT 2025: China Stage 1,Playoffs,Upper Semifinals,Bilibili Gaming vs Wolves Esports,ban,Pearl,12010
VCT 2025: Americas Stage 1,Group Stage,Week 2,G2 Esports vs MIBR,ban,Split,11058
VCT 2025: Americas Stage 1,Group Stage,Week 4,100 Thieves vs 2Game Esports,pick,Ascent,15072
Valorant Masters Bangkok 2025,Swiss Stage,Round 2 (1-0),EDward Gaming vs G2 Esports,pick,Pearl,11058
VCT 2025: Pacific Kickoff,Main Event,Lower Round 1,Nongshim RedForce vs BOOM Esports,ban,Abyss,11060
VCT 2025: Americas Kickoff,Main Event,Upper Quarterfinals,KRÜ Esports vs LOUD,ban,Abyss,6961
VCT 2025: China Kickoff,Main Event,Upper Quarterfinals,Trace Esports vs Dragon Ranger Gaming,ban,Haven,12685
Valorant Champions 2025,Group Stage,Opening (C),Team Liquid vs DRX,ban,Corrode,8185
VCT 2025: Americas Stage 2,Group Stage,Week 2,MIBR vs LEVIATÁN,ban,Haven,7386
VCT 2025: Americas Stage 2,Group Stage,Week 4,LEVIATÁN vs KRÜ Esports,ban,Lotus,2355
VCT 2025: Americas Stage 2,Playoffs,Lower Final,Sentinels vs NRG,pick,Corrode,
VCT 2025: EMEA Stage 2,Group Stage,Week 1,Team Liquid vs KOI,pick,Bind,474
VCT 2025: Pacific Stage 2,Group Stage,Week 2,T1 vs ZETA DIVISION,ban,Icebox,5448
VCT 2025: Pacific Stage 2,Playoffs,Upper Round 1,Rex Regum Qeon vs T1,ban,Icebox,14
VCT 2025: China Stage 2,Playoffs,Lower Round 1,All Gamers vs FunPlus Phoenix,pick,Sunset,1119
Valorant Masters Toronto 2025,Swiss Stage,Round 2 (1-0),Paper Rex vs Gen.G,ban,Haven,624
VCT 2025: EMEA Stage 1,Group Stage,Week 3,Karmine Corp vs Gentle Mates,pick,Pearl,8877
VCT 2025: EMEA Stage 1,Group Stage,Week 4,Karmine Corp vs FUT Esports,ban,Split,1184
VCT 2025: EMEA Stage 1,Group Stage,Week 5,BBL Esports vs FUT Esports,pick,Ascent,397
VCT 2025: EMEA Stage 1,Playoffs,Lower Round 1,FUT Esports vs Team Vitality,ban,Haven,1184
VCT 2025: Pacific Stage 1,Group Stage,Week 3,Paper Rex vs BOOM Esports,ban,Haven,624
VCT 2025: China Stage 1,Group Stage,Week 4,EDward Gaming vs Titan Esports Club,pick,Icebox,14137
VCT 2025: China Stage 1,Playoffs,Lower Round 2,EDward Gaming vs Dragon Ranger Gaming,pick,Lotus,11981
VCT 2025: Americas Stage 1,Group Stage,Week 3,G2 Esports vs NRG,ban,Icebox,
VCT 2025: Americas Stage 2,Group Stage,Week 4,MIBR vs NRG,pick,Lotus,
VCT 2025: Pacific Stage 2,Group Stage,Week 3,Nongshim RedForce vs Global Esports,ban,Lotus,11060
VCT 2025: Pacific Stage 2,Group Stage,Week 4,DRX vs Global Esports,ban,Ascent,8185
VCT 2025: Pacific Stage 2,Playoffs,Upper Round 1,Rex Regum Qeon vs T1,ban,Corrode,14
VCT 2025: EMEA Stage 1,Group Stage,Week 5,Team Liquid vs Karmine Corp,ban,Haven,474
VCT 2025: EMEA Stage 1,Playoffs,Upper Round 1,FNATIC vs FUT Esports,pick,Lotus,1184
VCT 2025: China Stage 1,Group Stage,Week 2,Xi Lai Gaming vs All Gamers,pick,Fracture,13581
VCT 2025: China Stage 1,Group Stage,Week 3,Dragon Ranger Gaming vs EDward Gaming,pick,Ascent,11981
VCT 2025: China Kickoff,Main Event,Upper Round 1,TYLOO vs Titan Esports Club,ban,Haven,731
VCT 2025: China Kickoff,Main Event,Lower Round 4,Dragon Ranger Gaming vs EDward Gaming,pick,Pearl,1120
Valorant Champions 2025,Group Stage,Opening (A),Paper Rex vs Xi Lai Gaming,pick,Bind,13581
Valorant Champions 2025,Group Stage,Opening (B),Bilibili Gaming vs MIBR,ban,Ascent,12010
Valorant Champions 2025,Playoffs,Lower Round 3,DRX vs Paper Rex,ban,Bind,8185
VCT 2025: Americas Stage 2,Group Stage,Week 3,LOUD vs KRÜ Esports,ban,Lotus,6961
VCT 2025: Americas Stage 2,Group Stage,Week 5,2Game Esports vs Sentinels,ban,Bind,2
VCT 2025: Pacific Stage 2,Group Stage,Week 4,BOOM Esports vs ZETA DIVISION,pick,Corrode,5448
VCT 2025: China Stage 2,Playoffs,Lower Round 2,Xi Lai Gaming vs All Gamers,ban,Sunset,13581
Valorant Masters Toronto 2025,Swiss Stage,Round 1,Gen.G vs MIBR,ban,Icebox,17
VCT 2025: China Stage 1,Group Stage,Week 2,TYLOO vs FunPlus Phoenix,ban,Ascent,731
VCT 2025: China Stage 1,Group Stage,Week 2,Bilibili Gaming vs JDG Esports,pick,Icebox,12010
VCT 2025: Americas Stage 1,Group Stage,Week 1,G2 Esports vs FURIA,ban,Icebox,2406
VCT 2025: Americas Stage 1,Group Stage,Week 2,LOUD vs 2Game Esports,pick,Pearl,15072
VCT 2025: Americas Stage 1,Group Stage,Week 4,NRG vs MIBR,ban,Split,
Valorant Masters Bangkok 2025,Swiss Stage,Round 3,G2 Esports vs Team Liquid,ban,Bind,11058
VCT 2025: Pacific Kickoff,Main Event,Lower Round 3,TALON vs Nongshim RedForce,pick,Bind,8304
Valorant Champions 2025,Playoffs,Lower Round 3,DRX vs Paper Rex,ban,Sunset,8185
Valorant Champions 2025,Playoffs,Grand Final,NRG vs FNATIC,pick,Abyss,
VCT 2025: Americas Stage 2,Group Stage,Week 4,FURIA vs G2 Esports,ban,Haven,2406
VCT 2025: Americas Stage 2,Group Stage,Week 5,2Game Esports vs Sentinels,pick,Sunset,15072
VCT 2025: Americas Stage 2,Playoffs,Grand Final,G2 Esports vs NRG,pick,Haven,
VCT 2025: EMEA Stage 2,Group Stage,Week 4,KOI vs Apeks,ban,Corrode,7035
VCT 2025: EMEA Stage 2,Group Stage,Week 5,Gentle Mates vs Team Vitality,ban,Sunset,12694
VCT 2025: EMEA Stage 2,Group Stage,Week 5,FUT Esports vs BBL Esports,pick,Sunset,397
VCT 2025: Pacific Stage 2,Playoffs,Lower Round 1,Nongshim RedForce vs DetonatioN FocusMe,ban,Bind,278
VCT 2025: China Stage 2,Group Stage,Week 1,All Gamers vs Xi Lai Gaming,ban,Haven,13581
VCT 2025: China Stage 2,Playoffs,Upper Quarterfinals,All Gamers vs TYLOO,pick,Icebox,731
Valorant Masters Toronto 2025,Playoffs,Upper Final,Paper Rex vs Wolves Esports,ban,Icebox,13790
VCT 2025: EMEA Stage 1,Playoffs,Lower Round 3,Team Liquid vs BBL Esports,ban,Lotus,397
VCT 2025: Pacific Stage 1,Group Stage,Week 4,Nongshim RedForce vs Team Secret,ban,Fracture,11060
VCT 2025: China Stage 1,Group Stage,Week 2,Titan Esports Club vs Dragon Ranger Gaming,ban,Ascent,11981
VCT 2025: China Stage 1,Group Stage,Week 4,FunPlus Phoenix vs Dragon Ranger Gaming,ban,Split,11981
VCT 2025: China Stage 1,Playoffs,Upper Round 1,Xi Lai Gaming vs Nova Esports,pick,Lotus,13581
Valorant Masters Bangkok 2025,Swiss Stage,Round 1,EDward Gaming vs Team Liquid,ban,Lotus,474
Valorant Masters Bangkok 2025,Swiss Stage,Round 1,DRX vs Sentinels,pick,Haven,8185
VCT 2025: Pacific Kickoff,Main Event,Upper Quarterfinals,Gen.G vs Rex Regum Qeon,ban,Bind,878
Valorant Champions 2025,Playoffs,Lower Final,FNATIC vs DRX,ban,Lotus,8185
VCT 2025: Pacific Stage 2,Group Stage,Week 4,TALON vs Paper Rex,ban,Corrode,624
Valorant Masters Toronto 2025,Swiss Stage,Round 1,Gen.G vs MIBR,pick,Sunset,7386
VCT 2025: EMEA Stage 1,Playoffs,Lower Round 2,Team Liquid vs Natus Vincere,ban,Haven,474
VCT 2025: Pacific Stage 1,Group Stage,Week 5,T1 vs TALON,pick,Icebox,8304
VCT 2025: Pacific Stage 1,Group Stage,Week 5,DRX vs Gen.G,pick,Lotus,17
VCT 2025: Pacific Stage 1,Playoffs,Lower Round 2,BOOM Esports vs Paper Rex,ban,Haven,624
VCT 2025: China Stage 1,Playoffs,Grand Final,Xi Lai Gaming vs Bilibili Gaming,pick,Lotus,13581
VCT 2025: Americas Stage 1,Playoffs,Lower Round 1,100 Thieves vs NRG,ban,Ascent,
Valorant Masters Bangkok 2025,Playoffs,Upper Semifinals,EDward Gaming vs T1,pick,Bind,1120
VCT 2025: EMEA Kickoff,Main Event,Upper Round 1,Team Liquid vs KOI,ban,Haven,7035
VCT 2025: Americas Stage 2,Group Stage,Week 5,KRÜ Esports vs NRG,ban,Bind,
VCT 2025: EMEA Stage 2,Group Stage,Week 5,Gentle Mates vs Team Vitality,pick,Lotus,2059
VCT 2025: Pacific Stage 2,Group Stage,Week 4,Gen.G vs Nongshim RedForce,ban,Icebox,11060
Valorant Masters Toronto 2025,Playoffs,Upper Quarterfinals,Xi Lai Gaming vs Sentinels,ban,Haven,2
VCT 2025: EMEA Stage 1,Group Stage,Week 5,FNATIC vs Team Heretics,ban,Ascent,2593
VCT 2025: EMEA Stage 1,Playoffs,Lower Round 3,Team Liquid vs BBL Esports,pick,Haven,397
VCT 2025: Pacific Stage 1,Group Stage,Week 4,T1 vs Rex Regum Qeon,ban,Split,878
VCT 2025: Pacific Stage 1,Group Stage,Week 5,Nongshim RedForce vs ZETA DIVISION,pick,Lotus,5448
VCT 2025: Pacific Stage 1,Playoffs,Lower Round 1,T1 vs Paper Rex,ban,Pearl,624
VCT 2025: China Stage 1,Playoffs,Lower Round 2,EDward Gaming vs Dragon Ranger Gaming,ban,Haven,11981
VCT 2025: Americas Stage 1,Group Stage,Week 3,Cloud9 vs MIBR,pick,Pearl,7386
Valorant Masters Bangkok 2025,Playoffs,Lower Round 1,T1 vs Team Vitality,ban,Abyss,14
VCT 2025: EMEA Kickoff,Main Event,Upper Semifinals,FUT Esports vs Team Vitality,pick,Split,2059
Valorant Champions 2025,Group Stage,Winner's (D),Team Heretics vs T1,ban,Abyss,1001
Valorant Champions 2025,Playoffs,Upper Quarterfinals,NRG vs GIANTX,ban,Bind,14419
VCT 2025: China Stage 2,Group Stage,Week 1,Bilibili Gaming vs TYLOO,pick,Bind,731
VCT 2025: China Stage 2,Playoffs,Upper Semifinals,Bilibili Gaming vs TYLOO,ban,Sunset,731
Valorant Masters Toronto 2025,Playoffs,Upper Quarterfinals,Rex Regum Qeon vs Wolves Esports,ban,Pearl,878
VCT 2025: EMEA Stage 1,Group Stage,Week 5,Team Vitality vs Natus Vincere,ban,Fracture,4915
VCT 2025: Pacific Stage 1,Playoffs,Upper Round 1,TALON vs Gen.G,pick,Haven,17
VCT 2025: China Stage 1,Group Stage,Week 4,Nova Esports vs TYLOO,ban,Fracture,12064
VCT 2025: China Stage 1,Playoffs,Lower Round 1,Titan Esports Club vs Dragon Ranger Gaming,pick,Fracture,14137
VCT 2025: Americas Stage 1,Group Stage,Week 1,Cloud9 vs NRG,pick,Fracture,188
VCT 2025: Americas Stage 1,Group Stage,Week 1,MIBR vs LEVIATÁN,ban,Haven,7386
VCT 2025: Americas Stage 1,Group Stage,Week 2,NRG vs FURIA,ban,Ascent,2406
VCT 2025: Americas Stage 1,Group Stage,Week 2,LEVIATÁN vs Cloud9,ban,Pearl,2359
VCT 2025: EMEA Kickoff,Main Event,Lower Round 1,Team Liquid vs Apeks,pick,Abyss,474
VCT 2025: EMEA Kickoff,Main Event,Lower Round 1,Gentle Mates vs KOI,ban,Bind,7035
VCT 2025: Pacific Kickoff,Main Event,Lower Round 1,Rex Regum Qeon vs Team Secret,ban,Split,878
VCT 2025: Americas Kickoff,Main Event,Lower Round 2,NRG vs KRÜ Esports,pick,Haven,
VCT 2025: China Kickoff,Main Event,Upper Round 1,All Gamers vs Nova Esports,ban,Fracture,1119
VCT 2025: China Kickoff,Main Event,Lower Round 1,Dragon Ranger Gaming vs TYLOO,pick,Haven,11981
Valorant Champions 2025,Group Stage,Opening (C),NRG vs EDward Gaming,pick,Abyss,1120
Valorant Champions 2025,Playoffs,Upper Semifinals,MIBR vs NRG,ban,Sunset,
VCT 2025: Americas Stage 2,Group Stage,Week 5,G2 Esports vs Cloud9,ban,Corrode,188
VCT 2025: EMEA Stage 2,Group Stage,Week 4,Team Liquid vs FNATIC,ban,Haven,474
VCT 2025: Pacific Stage 2,Playoffs,Lower Round 2,T1 vs Nongshim RedForce,ban,Bind,11060
VCT 2025: China Stage 2,Group Stage,Week 4,All Gamers vs FunPlus Phoenix,ban,Lotus,11328
VCT 2025: China Stage 2,Playoffs,Lower Round 2,Xi Lai Gaming vs All Gamers,pick,Icebox,1119
Valorant Masters Toronto 2025,Swiss Stage,Round 2 (1-0),Paper Rex vs Gen.G,ban,Lotus,624
VCT 2025: EMEA Stage 1,Group Stage,Week 1,FNATIC vs Natus Vincere,pick,Fracture,4915
VCT 2025: EMEA Stage 1,Group Stage,Week 5,Gentle Mates vs KOI,ban,Lotus,12694
VCT 2025: EMEA Stage 1,Playoffs,Lower Round 1,Natus Vincere vs Karmine Corp,ban,Lotus,8877
VCT 2025: China Stage 1,Group Stage,Week 3,Dragon Ranger Gaming vs EDward Gaming,ban,Haven,11981
VCT 2025: Americas Stage 1,Group Stage,Week 1,Cloud9 vs NRG,ban,Split,
VCT 2025: Americas Stage 1,Group Stage,Week 2,LEVIATÁN vs Cloud9,pick,Split,188
VCT 2025: Americas Stage 1,Group Stage,Week 2,LEVIATÁN vs Cloud9,pick,Ascent,2359
VCT 2025: Americas Stage 1,Group Stage,Week 4,100 Thieves vs 2Game Esports,ban,Lotus,120
VCT 2025: Americas Stage 1,Playoffs,Upper Semifinals,G2 Esports vs Sentinels,ban,Fracture,2
VCT 2025: EMEA Kickoff,Main Event,Lower Round 4,FUT Esports vs Team Liquid,ban,Fracture,1184
Valorant Champions 2025,Group Stage,Elimination (A),Xi Lai Gaming vs Sentinels,ban,Ascent,2
VCT 2025: Americas Stage 2,Group Stage,Week 3,MIBR vs 100 Thieves,ban,Corrode,120
VCT 2025: EMEA Stage 2,Group Stage,Week 1,Natus Vincere vs Apeks,pick,Icebox,4915
VCT 2025: Pacific Stage 2,Group Stage,Week 1,ZETA DIVISION vs DetonatioN FocusMe,ban,Sunset,278
VCT 2025: China Stage 2,Playoffs,Upper Quarterfinals,EDward Gaming vs Dragon Ranger Gaming,pick,Corrode,1120
VCT 2025: EMEA Stage 1,Playoffs,Upper Semifinals,Team Liquid vs FNATIC,ban,Ascent,2593
VCT 2025: EMEA Stage 1,Playoffs,Lower Round 3,Team Liquid vs BBL Esports,ban,Pearl,474
VCT 2025: Pacific Stage 1,Group Stage,Week 5,DetonatioN FocusMe vs BOOM Esports,pick,Fracture,466
VCT 2025: China Stage 1,Playoffs,Lower Round 1,Nova Esports vs Trace Esports,pick,Split,12064
VCT 2025: Americas Stage 1,Group Stage,Week 1,Cloud9 vs NRG,ban,Icebox,
VCT 2025: Americas Stage 1,Group Stage,Week 1,KRÜ Esports vs LOUD,ban,Icebox,6961
VCT 2025: Americas Stage 1,Playoffs,Lower Round 1,100 Thieves vs NRG,pick,Fracture,120
VCT 2025: Americas Stage 1,Playoffs,Upper Final,MIBR vs Sentinels,ban,Icebox,2
VCT 2025: Americas Stage 1,Playoffs,Lower Round 3,G2 Esports vs Evil Geniuses,pick,Lotus,5248
VCT 2025: EMEA Kickoff,Main Event,Upper Round 1,BBL Esports vs GIANTX,pick,Lotus,14419
VCT 2025: Pacific Kickoff,Main Event,Upper Round 1,ZETA DIVISION vs Nongshim RedForce,pick,Split,11060
Valorant Champions 2025,Playoffs,Lower Round 3,DRX vs Paper Rex,pick,Ascent,8185
VCT 2025: Americas Stage 2,Group Stage,Week 4,LEVIATÁN vs KRÜ Esports,ban,Sunset,2355
VCT 2025: Americas Stage 2,Group Stage,Week 5,FURIA vs Evil Geniuses,pick,Corrode,5248
VCT 2025: Americas Stage 2,Group Stage,Week 5,MIBR vs LOUD,ban,Bind,6961
VCT 2025: EMEA Stage 2,Group Stage,Week 3,FUT Esports vs GIANTX,ban,Icebox,1184
VCT 2025: Pacific Stage 2,Group Stage,Week 1,BOOM Esports vs T1,ban,Icebox,466
VCT 2025: Pacific Stage 2,Group Stage,Week 4,DRX vs Global Esports,pick,Lotus,8185
VCT 2025: Pacific Stage 2,Playoffs,Upper Semifinals,Paper Rex vs T1,ban,Lotus,14
VCT 2025: China Stage 2,Group Stage,Week 2,Dragon Ranger Gaming vs All Gamers,pick,Lotus,11981
VCT 2025: EMEA Stage 1,Group Stage,Week 3,KOI vs BBL Esports,ban,Haven,7035
VCT 2025: Pacific Stage 1,Group Stage,Week 3,Gen.G vs DetonatioN FocusMe,ban,Icebox,278
VCT 2025: Americas Kickoff,Main Event,Upper Round 1,NRG vs Cloud9,ban,Abyss,
Valorant Champions 2025,Group Stage,Decider (A),GIANTX vs Xi Lai Gaming,ban,Sunset,13581
VCT 2025: Americas Stage 2,Group Stage,Week 2,NRG vs LOUD,ban,Lotus,6961
VCT 2025: Americas Stage 2,Playoffs,Lower Round 3,NRG vs Cloud9,ban,Sunset,
VCT 2025: EMEA Stage 2,Group Stage,Week 1,FNATIC vs Karmine Corp,ban,Haven,2593
VCT 2025: Pacific Stage 2,Group Stage,Week 2,Rex Regum Qeon vs Nongshim RedForce,ban,Sunset,11060
VCT 2025: Pacific Stage 2,Group Stage,Week 2,DRX vs Team Secret,pick,Corrode,6199
VCT 2025: Pacific Stage 2,Playoffs,Grand Final,Paper Rex vs Rex Regum Qeon,ban,Corrode,624
VCT 2025: China Stage 2,Playoffs,Lower Round 3,EDward Gaming vs Xi Lai Gaming,ban,Ascent,13581
Valorant Masters Toronto 2025,Playoffs,Upper Quarterfinals,FNATIC vs Gen.G,ban,Pearl,2593
Valorant Masters Toronto 2025,Playoffs,Lower Round 1,Rex Regum Qeon vs FNATIC,ban,Split,878
VCT 2025: Pacific Stage 1,Group Stage,Week 4,DRX vs BOOM Esports,ban,Fracture,8185
VCT 2025: Pacific Stage 1,Group Stage,Week 4,DRX vs BOOM Esports,ban,Lotus,466
VCT 2025: China Stage 1,Group Stage,Week 4,Nova Esports vs TYLOO,ban,Haven,12064
VCT 2025: China Stage 1,Group Stage,Week 5,Bilibili Gaming vs Trace Esports,ban,Icebox,12685
Valorant Masters Bangkok 2025,Playoffs,Grand Final,G2 Esports vs T1,pick,Abyss,11058
VCT 2025: EMEA Kickoff,Main Event,Upper Final,Team Vitality vs Team Heretics,pick,Abyss,1001
VCT 2025: Pacific Kickoff,Main Event,Upper Quarterfinals,DRX vs Nongshim RedForce,ban,Split,11060
VCT 2025: Pacific Kickoff,Main Event,Lower Round 4,TALON vs Gen.G,ban,Haven,8304
VCT 2025: Americas Stage 2,Group Stage,Week 4,LOUD vs 100 Thieves,ban,Icebox,120
VCT 2025: Pacific Stage 2,Playoffs,Lower Round 2,DRX vs Rex Regum Qeon,ban,Bind,878
VCT 2025: Pacific Stage 2,Playoffs,Upper Final,TALON vs Paper Rex,ban,Ascent,8304
VCT 2025: China Stage 2,Group Stage,Week 1,Dragon Ranger Gaming vs Nova Esports,ban,Sunset,12064
VCT 2025: EMEA Stage 1,Group Stage,Week 2,KOI vs Karmine Corp,ban,Fracture,8877
VCT 2025: Pacific Stage 1,Group Stage,Week 5,Paper Rex vs Global Esports,ban,Haven,624
VCT 2025: EMEA Kickoff,Main Event,Upper Round 1,Apeks vs Gentle Mates,ban,Split,11479
VCT 2025: China Kickoff,Main Event,Lower Final,Bilibili Gaming vs EDward Gaming,ban,Abyss,1120
Valorant Champions 2025,Group Stage,Winner's (D),Team Heretics vs T1,ban,Bind,1001
VCT 2025: Americas Stage 2,Group Stage,Week 4,LEVIATÁN vs KRÜ Esports,ban,Corrode,2359
VCT 2025: Pacific Stage 2,Group Stage,Week 1,BOOM Esports vs TALON,ban,Lotus,466
Valorant Masters Toronto 2025,Swiss Stage,Round 2 (1-0),Paper Rex vs Gen.G,ban,Pearl,17
Valorant Masters Toronto 2025,Swiss Stage,Round 2 (0-1),Team Liquid vs MIBR,pick,Icebox,7386
Valorant Masters Toronto 2025,Playoffs,Upper Quarterfinals,Rex Regum Qeon vs Wolves Esports,pick,Ascent,13790
VCT 2025: Pacific Stage 1,Group Stage,Week 2,Gen.G vs Paper Rex,ban,Split,17
VCT 2025: Pacific Stage 1,Playoffs,Upper Round 1,TALON vs Gen.G,ban,Lotus,8304
VCT 2025: China Stage 1,Group Stage,Week 1,Dragon Ranger Gaming vs Nova Esports,pick,Fracture,12064
VCT 2025: China Stage 1,Group Stage,Week 2,Wolves Esports vs Trace Esports,ban,Icebox,12685
VCT 2025: China Stage 1,Group Stage,Week 4,Nova Esports vs TYLOO,ban,Ascent,731
VCT 2025: China Stage 1,Playoffs,Upper Round 1,Titan Esports Club vs Wolves Esports,pick,Icebox,13790
VCT 2025: Americas Stage 1,Playoffs,Lower Final,MIBR vs G2 Esports,pick,Haven,7386
Valorant Masters Bangkok 2025,Playoffs,Upper Semifinals,Team Vitality vs G2 Esports,pick,Bind,2059
VCT 2025: Americas Kickoff,Main Event,Lower Round 3,LOUD vs KRÜ Esports,pick,Haven,6961
Valorant Champions 2025,Playoffs,Lower Round 1,Team Heretics vs GIANTX,ban,Corrode,14419
VCT 2025: Pacific Stage 2,Group Stage,Week 1,Rex Regum Qeon vs Gen.G,pick,Ascent,878
VCT 2025: Pacific Stage 2,Playoffs,Lower Round 3,T1 vs Rex Regum Qeon,ban,Icebox,14
VCT 2025: China Stage 2,Group Stage,Week 3,FunPlus Phoenix vs Dragon Ranger Gaming,ban,Lotus,11328
Valorant Masters Toronto 2025,Playoffs,Lower Final,Wolves Esports vs FNATIC,pick,Ascent,13790
VCT 2025: EMEA Stage 1,Group Stage,Week 4,GIANTX vs FNATIC,ban,Fracture,2593
VCT 2025: Pacific Stage 1,Group Stage,Week 3,Gen.G vs DetonatioN FocusMe,ban,Split,278
VCT 2025: Pacific Stage 1,Playoffs,Lower Round 3,DRX vs Paper Rex,ban,Ascent,624
VCT 2025: China Stage 1,Group Stage,Week 4,FunPlus Phoenix vs Dragon Ranger Gaming,ban,Icebox,11981
VCT 2025: EMEA Kickoff,Main Event,Lower Round 1,Karmine Corp vs GIANTX,ban,Haven,8877
VCT 2025: Pacific Kickoff,Main Event,Lower Round 2,Nongshim RedForce vs Rex Regum Qeon,pick,Fracture,878
VCT 2025: Americas Kickoff,Main Event,Upper Round 1,NRG vs Cloud9,ban,Pearl,
Valorant Champions 2025,Playoffs,Lower Round 1,Team Heretics vs GIANTX,ban,Abyss,1001
VCT 2025: Americas Stage 2,Group Stage,Week 1,100 Thieves vs NRG,ban,Lotus,120
VCT 2025: Americas Stage 2,Group Stage,Week 3,2Game Esports vs FURIA,pick,Corrode,2406
VCT 2025: Americas Stage 2,Group Stage,Week 4,MIBR vs NRG,ban,Icebox,
VCT 2025: Americas Stage 2,Playoffs,Upper Semifinals,NRG vs G2 Esports,pick,Corrode,
VCT 2025: EMEA Stage 2,Group Stage,Week 3,Natus Vincere vs FNATIC,ban,Haven,2593
VCT 2025: EMEA Stage 2,Group Stage,Week 4,FUT Esports vs Team Heretics,pick,Haven,1001
VCT 2025: China Stage 2,Group Stage,Week 2,JDG Esports vs Bilibili Gaming,ban,Lotus,13576
VCT 2025: China Stage 2,Group Stage,Week 3,Nova Esports vs All Gamers,pick,Corrode,1119
VCT 2025: EMEA Stage 1,Group Stage,Week 1,Team Liquid vs Gentle Mates,ban,Lotus,474
VCT 2025: EMEA Stage 1,Playoffs,Upper Final,Team Heretics vs FNATIC,ban,Split,1001
VCT 2025: Pacific Stage 1,Group Stage,Week 3,TALON vs Nongshim RedForce,ban,Split,8304
VCT 2025: Pacific Stage 1,Playoffs,Lower Round 2,BOOM Esports vs Paper Rex,ban,Icebox,466
VCT 2025: Pacific Stage 1,Playoffs,Lower Final,Rex Regum Qeon vs Paper Rex,pick,Pearl,878
VCT 2025: China Stage 1,Group Stage,Week 3,All Gamers vs Bilibili Gaming,ban,Icebox,12010
VCT 2025: China Stage 1,Group Stage,Week 4,EDward Gaming vs Titan Esports Club,ban,Ascent,14137
VCT 2025: China Stage 1,Playoffs,Lower Round 1,Titan Esports Club vs Dragon Ranger Gaming,ban,Icebox,11981
VCT 2025: Americas Stage 1,Group Stage,Week 2,NRG vs FURIA,pick,Pearl,2406
VCT 2025: Americas Stage 1,Playoffs,Upper Round 1,MIBR vs 100 Thieves,pick,Icebox,7386
VCT 2025: Americas Kickoff,Main Event,Lower Round 4,MIBR vs KRÜ Esports,pick,Bind,2355
Valorant Champions 2025,Group Stage,Opening (B),Rex Regum Qeon vs FNATIC,ban,Sunset,2593
VCT 2025: Americas Stage 2,Playoffs,Lower Round 2,Cloud9 vs 100 Thieves,ban,Lotus,120
VCT 2025: EMEA Stage 2,Group Stage,Week 2,GIANTX vs BBL Esports,ban,Sunset,397
VCT 2025: EMEA Stage 2,Group Stage,Week 5,Gentle Mates vs Team Vitality,ban,Haven,12694
VCT 2025: EMEA Stage 2,Group Stage,Week 5,Gentle Mates vs Team Vitality,ban,Bind,2059
VCT 2025: EMEA Stage 2,Playoffs,Upper Semifinals,Team Heretics vs BBL Esports,ban,Sunset,1001
VCT 2025: Pacific Stage 2,Group Stage,Week 4,DRX vs Global Esports,ban,Haven,918
Valorant Masters Toronto 2025,Swiss Stage,Round 3 (1-1),Bilibili Gaming vs Wolves Esports,ban,Sunset,13790
VCT 2025: EMEA Stage 1,Group Stage,Week 2,KOI vs Karmine Corp,pick,Lotus,7035
VCT 2025: EMEA Stage 1,Playoffs,Upper Round 1,BBL Esports vs Natus Vincere,ban,Icebox,397
VCT 2025: Pacific Stage 1,Group Stage,Week 1,DRX vs Paper Rex,pick,Haven,8185
VCT 2025: Pacific Stage 1,Group Stage,Week 1,DRX vs Paper Rex,ban,Fracture,8185
VCT 2025: China Stage 1,Group Stage,Week 1,Trace Esports vs All Gamers,ban,Ascent,1119
VCT 2025: Americas Stage 1,Group Stage,Week 3,Evil Geniuses vs Sentinels,ban,Fracture,2
VCT 2025: Americas Stage 1,Group Stage,Week 4,Sentinels vs LOUD,ban,Pearl,6961
Valorant Masters Bangkok 2025,Swiss Stage,Round 2 (1-0),DRX vs Team Vitality,pick,Abyss,8185
Valorant Masters Bangkok 2025,Swiss Stage,Round 2 (0-1),Team Liquid vs Sentinels,pick,Abyss,474
Valorant Masters Bangkok 2025,Swiss Stage,Round 3,T1 vs DRX,ban,Bind,14
VCT 2025: EMEA Kickoff,Main Event,Grand Final,Team Vitality vs Team Liquid,ban,Pearl,2059
VCT 2025: China Kickoff,Main Event,Grand Final,Trace Esports vs EDward Gaming,ban,Haven,12685
VCT 2025: Americas Stage 2,Group Stage,Week 1,Evil Geniuses vs 2Game Esports,ban,Icebox,15072
VCT 2025: EMEA Stage 2,Group Stage,Week 1,FUT Esports vs Gentle Mates,ban,Haven,1184
VCT 2025: EMEA Stage 2,Group Stage,Week 1,FNATIC vs Karmine Corp,pick,Lotus,2593
VCT 2025: EMEA Stage 2,Playoffs,Lower Round 3,GIANTX vs Natus Vincere,pick,Icebox,4915
VCT 2025: Pacific Stage 2,Group Stage,Week 1,Rex Regum Qeon vs Global Esports,pick,Corrode,918
VCT 2025: Pacific Stage 2,Group Stage,Week 4,TALON vs Paper Rex,pick,Icebox,624
VCT 2025: Pacific Stage 2,Playoffs,Lower Round 2,T1 vs Nongshim RedForce,ban,Sunset,11060
VCT 2025: China Stage 2,Group Stage,Week 3,TYLOO vs EDward Gaming,ban,Icebox,1120
VCT 2025: China Stage 2,Group Stage,Week 4,Dragon Ranger Gaming vs Xi Lai Gaming,ban,Corrode,13581
Valorant Masters Toronto 2025,Swiss Stage,Round 3 (1-1),Bilibili Gaming vs Wolves Esports,pick,Split,13790
VCT 2025: EMEA Stage 1,Group Stage,Week 3,Team Vitality vs Team Heretics,pick,Haven,1001
VCT 2025: EMEA Stage 1,Playoffs,Lower Round 2,Team Liquid vs Natus Vincere,ban,Lotus,4915
VCT 2025: China Stage 1,Group Stage,Week 5,Dragon Ranger Gaming vs TYLOO,pick,Haven,11981
VCT 2025: Americas Stage 1,Group Stage,Week 3,2Game Esports vs KRÜ Esports,ban,Haven,2355
VCT 2025: Americas Stage 1,Group Stage,Week 4,Sentinels vs LOUD,ban,Fracture,2
VCT 2025: Americas Stage 1,Playoffs,Grand Final,Sentinels vs G2 Esports,pick,Ascent,11058
Valorant Masters Bangkok 2025,Playoffs,Upper Semifinals,EDward Gaming vs T1,ban,Fracture,14
VCT 2025: EMEA Kickoff,Main Event,Upper Final,Team Vitality vs Team Heretics,ban,Split,1001
VCT 2025: Pacific Kickoff,Main Event,Upper Round 1,BOOM Esports vs T1,ban,Lotus,14
VCT 2025: Pacific Kickoff,Main Event,Upper Final,T1 vs DRX,pick,Haven,14
Valorant Champions 2025,Group Stage,Winner's (A),Paper Rex vs GIANTX,pick,Lotus,624
Valorant Champions 2025,Playoffs,Upper Quarterfinals,Paper Rex vs G2 Esports,pick,Lotus,624
Valorant Champions 2025,Playoffs,Lower Round 2,MIBR vs DRX,pick,Sunset,7386
VCT 2025: Americas Stage 2,Group Stage,Week 2,MIBR vs LEVIATÁN,pick,Lotus,7386
VCT 2025: Americas Stage 2,Group Stage,Week 4,FURIA vs G2 Esports,pick,Ascent,11058
VCT 2025: Americas Stage 2,Group Stage,Week 5,G2 Esports vs Cloud9,ban,Icebox,11058
VCT 2025: Americas Stage 2,Playoffs,Lower Round 3,NRG vs Cloud9,ban,Bind,
VCT 2025: EMEA Stage 2,Group Stage,Week 1,Team Liquid vs KOI,ban,Haven,474
VCT 2025: Pacific Stage 2,Group Stage,Week 3,Nongshim RedForce vs Global Esports,pick,Bind,11060
VCT 2025: China Stage 1,Playoffs,Lower Final,Wolves Esports vs Bilibili Gaming,pick,Pearl,12010
VCT 2025: EMEA Kickoff,Main Event,Lower Round 1,Karmine Corp vs GIANTX,ban,Pearl,14419
VCT 2025: Pacific Kickoff,Main Event,Lower Round 1,Rex Regum Qeon vs Team Secret,ban,Abyss,878
VCT 2025: Pacific Kickoff,Main Event,Lower Round 3,Gen.G vs DetonatioN FocusMe,pick,Abyss,278
Valorant Champions 2025,Group Stage,Elimination (D),G2 Esports vs Dragon Ranger Gaming,ban,Sunset,11058
VCT 2025: Americas Stage 2,Group Stage,Week 2,Cloud9 vs Evil Geniuses,pick,Haven,188
VCT 2025: Americas Stage 2,Group Stage,Week 3,Sentinels vs Cloud9,ban,Icebox,188
VCT 2025: Americas Stage 2,Group Stage,Week 5,100 Thieves vs LEVIATÁN,ban,Ascent,120
VCT 2025: Americas Stage 2,Group Stage,Week 5,G2 Esports vs Cloud9,pick,Ascent,11058
VCT 2025: Americas Stage 2,Playoffs,Lower Round 1,100 Thieves vs Evil Geniuses,ban,Haven,5248
VCT 2025: Americas Stage 2,Playoffs,Lower Round 2,NRG vs LEVIATÁN,ban,Lotus,2359
VCT 2025: Pacific Stage 2,Group Stage,Week 1,DRX vs Gen.G,ban,Lotus,8185
VCT 2025: Pacific Stage 2,Group Stage,Week 1,BOOM Esports vs T1,pick,Ascent,14
VCT 2025: EMEA Stage 1,Group Stage,Week 5,GIANTX vs Apeks,pick,Ascent,14419
VCT 2025: China Stage 1,Group Stage,Week 2,Nova Esports vs EDward Gaming,ban,Lotus,1120
VCT 2025: Americas Stage 1,Group Stage,Week 2,Sentinels vs KRÜ Esports,pick,Lotus,2
VCT 2025: EMEA Kickoff,Main Event,Upper Quarterfinals,FNATIC vs BBL Esports,ban,Lotus,2593
Valorant Champions 2025,Group Stage,Elimination (B),Bilibili Gaming vs Rex Regum Qeon,ban,Ascent,878
VCT 2025: Americas Stage 2,Group Stage,Week 1,100 Thieves vs NRG,ban,Icebox,120
VCT 2025: EMEA Stage 2,Group Stage,Week 4,Gentle Mates vs GIANTX,ban,Lotus,14419
VCT 2025: EMEA Stage 2,Playoffs,Upper Final,BBL Esports vs Team Liquid,pick,Ascent,397
VCT 2025: Pacific Stage 2,Group Stage,Week 3,Gen.G vs Team Secret,ban,Sunset,17
VCT 2025: Pacific Stage 2,Group Stage,Week 3,TALON vs T1,ban,Ascent,8304
VCT 2025: Pacific Stage 2,Group Stage,Week 3,Paper Rex vs ZETA DIVISION,ban,Icebox,5448
VCT 2025: China Stage 2,Group Stage,Week 3,Wolves Esports vs Dragon Ranger Gaming,pick,Lotus,11981
VCT 2025: China Stage 2,Playoffs,Lower Round 1,All Gamers vs FunPlus Phoenix,ban,Ascent,1119
Valorant Masters Toronto 2025,Swiss Stage,Round 2 (0-1),Team Heretics vs Wolves Esports,ban,Icebox,1001
VCT 2025: EMEA Stage 1,Group Stage,Week 1,Team Vitality vs GIANTX,pick,Split,2059
VCT 2025: EMEA Stage 1,Group Stage,Week 1,Team Liquid vs Gentle Mates,ban,Ascent,12694
VCT 2025: EMEA Stage 1,Group Stage,Week 5,FNATIC vs Team Heretics,ban,Fracture,1001
VCT 2025: EMEA Stage 1,Playoffs,Lower Final,Team Heretics vs Team Liquid,pick,Ascent,474
VCT 2025: Pacific Stage 1,Playoffs,Upper Final,Gen.G vs Rex Regum Qeon,ban,Pearl,17
VCT 2025: China Stage 1,Group Stage,Week 3,All Gamers vs Bilibili Gaming,ban,Haven,1119
VCT 2025: China Stage 1,Group Stage,Week 5,JDG Esports vs Xi Lai Gaming,pick,Lotus,13581
VCT 2025: China Stage 1,Group Stage,Week 5,EDward Gaming vs FunPlus Phoenix,ban,Haven,11328
VCT 2025: EMEA Kickoff,Main Event,Lower Round 1,Gentle Mates vs KOI,ban,Fracture,12694
VCT 2025: Americas Kickoff,Main Event,Upper Round 1,2Game Esports vs FURIA,ban,Abyss,15072
VCT 2025: China Kickoff,Main Event,Upper Quarterfinals,Bilibili Gaming vs Xi Lai Gaming,pick,Haven,13581
VCT 2025: China Kickoff,Main Event,Lower Round 3,EDward Gaming vs Xi Lai Gaming,ban,Split,1120
VCT 2025: Americas Stage 2,Group Stage,Week 5,100 Thieves vs LEVIATÁN,pick,Haven,120
VCT 2025: Americas Stage 2,Playoffs,Upper Semifinals,Sentinels vs Cloud9,ban,Bind,2
VCT 2025: Americas Stage 2,Playoffs,Lower Round 1,LEVIATÁN vs KRÜ Esports,ban,Ascent,2355
VCT 2025: Pacific Stage 2,Group Stage,Week 2,Rex Regum Qeon vs Nongshim RedForce,pick,Corrode,11060
VCT 2025: Pacific Stage 2,Group Stage,Week 2,Rex Regum Qeon vs Nongshim RedForce,ban,Ascent,878
VCT 2025: China Stage 2,Group Stage,Week 4,EDward Gaming vs JDG Esports,ban,Ascent,1120
VCT 2025: China Stage 2,Playoffs,Lower Round 1,EDward Gaming vs Trace Esports,pick,Lotus,12685
Valorant Masters Toronto 2025,Playoffs,Lower Round 3,G2 Esports vs FNATIC,pick,Split,2593
VCT 2025: EMEA Stage 1,Group Stage,Week 4,Team Liquid vs KOI,ban,Haven,7035
VCT 2025: Pacific Stage 1,Group Stage,Week 2,T1 vs Nongshim RedForce,ban,Fracture,11060
VCT 2025: Pacific Stage 1,Group Stage,Week 5,Nongshim RedForce vs ZETA DIVISION,pick,Pearl,11060
VCT 2025: Pacific Stage 1,Group Stage,Week 5,Rex Regum Qeon vs Team Secret,pick,Haven,878
VCT 2025: China Stage 1,Group Stage,Week 5,Titan Esports Club vs Nova Esports,ban,Icebox,12064
Valorant Masters Bangkok 2025,Swiss Stage,Round 2 (0-1),Team Liquid vs Sentinels,ban,Split,474
VCT 2025: EMEA Kickoff,Main Event,Lower Final,Team Heretics vs Team Liquid,ban,Pearl,474
VCT 2025: Pacific Kickoff,Main Event,Lower Round 1,Paper Rex vs ZETA DIVISION,pick,Fracture,624
VCT 2025: Americas Kickoff,Main Event,Upper Round 1,NRG vs Cloud9,ban,Haven,188
VCT 2025: EMEA Stage 2,Group Stage,Week 1,FNATIC vs Karmine Corp,ban,Sunset,8877
VCT 2025: China Stage 2,Group Stage,Week 1,Wolves Esports vs FunPlus Phoenix,ban,Icebox,11328
VCT 2025: EMEA Stage 1,Group Stage,Week 3,Apeks vs FNATIC,pick,Lotus,11479
VCT 2025: Pacific Stage 1,Group Stage,Week 3,Paper Rex vs BOOM Esports,ban,Lotus,466
VCT 2025: Pacific Stage 1,Group Stage,Week 5,Paper Rex vs Global Esports,pick,Split,918
VCT 2025: China Stage 1,Group Stage,Week 1,Dragon Ranger Gaming vs Nova Esports,pick,Lotus,11981
VCT 2025: China Stage 1,Group Stage,Week 1,FunPlus Phoenix vs Titan Esports Club,ban,Pearl,14137
VCT 2025: Americas Stage 1,Group Stage,Week 2,G2 Esports vs MIBR,pick,Pearl,7386
VCT 2025: Americas Stage 1,Group Stage,Week 2,LOUD vs 2Game Esports,ban,Fracture,15072
Valorant Masters Bangkok 2025,Swiss Stage,Round 1,DRX vs Sentinels,ban,Fracture,2
VCT 2025: Pacific Kickoff,Main Event,Lower Round 3,Gen.G vs DetonatioN FocusMe,ban,Pearl,17
VCT 2025: Americas Kickoff,Main Event,Lower Round 1,FURIA vs Evil Geniuses,ban,Split,2406
VCT 2025: China Kickoff,Main Event,Upper Quarterfinals,Trace Esports vs Dragon Ranger Gaming,ban,Split,12685
Valorant Champions 2025,Group Stage,Decider (C),DRX vs Team Liquid,ban,Lotus,474
Valorant Champions 2025,Playoffs,Upper Quarterfinals,FNATIC vs DRX,pick,Haven,8185
VCT 2025: Americas Stage 2,Group Stage,Week 1,100 Thieves vs NRG,ban,Haven,
VCT 2025: Americas Stage 2,Playoffs,Upper Round 1,LEVIATÁN vs Cloud9,ban,Icebox,2359
VCT 2025: EMEA Stage 2,Group Stage,Week 2,GIANTX vs BBL Esports,ban,Ascent,14419
VCT 2025: EMEA Stage 2,Playoffs,Upper Semifinals,Team Heretics vs BBL Esports,ban,Lotus,397
VCT 2025: EMEA Stage 2,Playoffs,Upper Final,BBL Esports vs Team Liquid,ban,Haven,397
VCT 2025: EMEA Stage 2,Playoffs,Lower Round 3,GIANTX vs Natus Vincere,pick,Sunset,14419
VCT 2025: China Stage 2,Group Stage,Week 1,EDward Gaming vs Titan Esports Club,ban,Ascent,14137
VCT 2025: China Stage 2,Group Stage,Week 4,Trace Esports vs Titan Esports Club,ban,Corrode,12685
Valorant Masters Toronto 2025,Playoffs,Upper Semifinals,Wolves Esports vs Gen.G,ban,Icebox,13790
VCT 2025: Pacific Stage 1,Group Stage,Week 3,DRX vs Global Esports,pick,Split,918
VCT 2025: China Stage 1,Playoffs,Upper Semifinals,Bilibili Gaming vs Wolves Esports,ban,Lotus,12010
VCT 2025: China Stage 1,Playoffs,Lower Round 2,EDward Gaming vs Dragon Ranger Gaming,ban,Fracture,1120
VCT 2025: Americas Stage 1,Group Stage,Week 1,KRÜ Esports vs LOUD,pick,Fracture,2355
VCT 2025: Americas Stage 1,Playoffs,Lower Round 1,Cloud9 vs Evil Geniuses,pick,Fracture,5248
VCT 2025: Pacific Kickoff,Main Event,Upper Quarterfinals,DRX vs Nongshim RedForce,ban,Bind,8185
VCT 2025: Pacific Kickoff,Main Event,Grand Final,DRX vs T1,ban,Haven,8185
VCT 2025: China Kickoff,Main Event,Lower Round 3,EDward Gaming vs Xi Lai Gaming,pick,Lotus,1120
VCT 2025: Americas Stage 2,Group Stage,Week 1,Cloud9 vs FURIA,ban,Ascent,188
VCT 2025: Americas Stage 2,Playoffs,Upper Semifinals,NRG vs G2 Esports,ban,Haven,11058
VCT 2025: Americas Stage 2,Playoffs,Upper Final,Sentinels vs G2 Esports,pick,Bind,11058
VCT 2025: EMEA Stage 2,Playoffs,Lower Final,BBL Esports vs GIANTX,pick,Ascent,397
VCT 2025: Pacific Stage 2,Group Stage,Week 2,BOOM Esports vs Paper Rex,ban,Haven,624
VCT 2025: China Stage 2,Group Stage,Week 1,Wolves Esports vs FunPlus Phoenix,ban,Lotus,11328
Valorant Masters Toronto 2025,Playoffs,Lower Round 3,G2 Esports vs FNATIC,ban,Pearl,2593
VCT 2025: EMEA Stage 1,Group Stage,Week 2,Team Liquid vs BBL Esports,ban,Lotus,397
VCT 2025: EMEA Stage 1,Playoffs,Lower Round 1,FUT Esports vs Team Vitality,ban,Lotus,2059
VCT 2025: Pacific Stage 1,Group Stage,Week 5,T1 vs TALON,ban,Split,8304
VCT 2025: China Stage 1,Group Stage,Week 1,Trace Esports vs All Gamers,ban,Fracture,1119
VCT 2025: China Stage 1,Group Stage,Week 5,Dragon Ranger Gaming vs TYLOO,ban,Ascent,731
VCT 2025: China Stage 1,Group Stage,Week 5,Bilibili Gaming vs Trace Esports,ban,Lotus,12010
VCT 2025: China Stage 1,Group Stage,Week 5,Titan Esports Club vs Nova Esports,ban,Haven,12064
Valorant Masters Bangkok 2025,Swiss Stage,Round 2 (1-0),EDward Gaming vs G2 Esports,ban,Split,11058
VCT 2025: Pacific Kickoff,Main Event,Upper Quarterfinals,Paper Rex vs T1,ban,Lotus,14
VCT 2025: Americas Stage 2,Group Stage,Week 1,Sentinels vs G2 Esports,ban,Icebox,2
VCT 2025: Americas Stage 2,Playoffs,Lower Round 3,NRG vs Cloud9,ban,Icebox,188
VCT 2025: China Stage 2,Group Stage,Week 1,EDward Gaming vs Titan Esports Club,pick,Corrode,14137
VCT 2025: China Stage 2,Playoffs,Lower Round 1,All Gamers vs FunPlus Phoenix,ban,Bind,11328
VCT 2025: EMEA Stage 1,Group Stage,Week 2,KOI vs Karmine Corp,pick,Icebox,8877
VCT 2025: EMEA Stage 1,Playoffs,Grand Final,FNATIC vs Team Heretics,pick,Lotus,1001
VCT 2025: China Stage 1,Group Stage,Week 5,Bilibili Gaming vs Trace Esports,ban,Pearl,12685
VCT 2025: Pacific Kickoff,Main Event,Lower Round 1,Paper Rex vs ZETA DIVISION,ban,Bind,5448
VCT 2025: Pacific Kickoff,Main Event,Upper Semifinals,Gen.G vs DRX,ban,Pearl,17
VCT 2025: Pacific Kickoff,Main Event,Grand Final,DRX vs T1,pick,Lotus,14
VCT 2025: China Kickoff,Main Event,Upper Semifinals,Trace Esports vs EDward Gaming,ban,Split,12685
Valorant Champions 2025,Playoffs,Upper Quarterfinals,Paper Rex vs G2 Esports,ban,Abyss,624
Valorant Champions 2025,Playoffs,Upper Quarterfinals,Team Heretics vs MIBR,ban,Abyss,1001
VCT 2025: EMEA Stage 2,Group Stage,Week 2,Team Liquid vs Natus Vincere,pick,Sunset,474
VCT 2025: Pacific Stage 2,Group Stage,Week 3,Gen.G vs Team Secret,pick,Lotus,17
VCT 2025: EMEA Stage 1,Group Stage,Week 3,Team Vitality vs Team Heretics,ban,Ascent,2059
VCT 2025: China Stage 1,Playoffs,Lower Round 1,Nova Esports vs Trace Esports,ban,Fracture,12064
VCT 2025: Americas Stage 1,Group Stage,Week 3,Evil Geniuses vs Sentinels,pick,Pearl,2
VCT 2025: Americas Kickoff,Main Event,Lower Final,Sentinels vs MIBR,ban,Haven,2
VCT 2025: China Kickoff,Main Event,Upper Quarterfinals,Bilibili Gaming vs Xi Lai Gaming,pick,Lotus,12010
VCT 2025: China Kickoff,Main Event,Lower Round 1,Titan Esports Club vs JDG Esports,pick,Fracture,13576
Valorant Champions 2025,Group Stage,Opening (B),Bilibili Gaming vs MIBR,ban,Lotus,7386
Valorant Champions 2025,Playoffs,Lower Round 2,MIBR vs DRX,ban,Abyss,7386
VCT 2025: Americas Stage 2,Group Stage,Week 2,100 Thieves vs KRÜ Esports,pick,Bind,120
VCT 2025: Americas Stage 2,Playoffs,Lower Round 2,Cloud9 vs 100 Thieves,pick,Icebox,188
VCT 2025: Pacific Stage 2,Playoffs,Upper Final,TALON vs Paper Rex,ban,Icebox,624
VCT 2025: China Stage 2,Group Stage,Week 1,EDward Gaming vs Titan Esports Club,ban,Lotus,1120
VCT 2025: China Stage 2,Group Stage,Week 2,FunPlus Phoenix vs Nova Esports,ban,Corrode,12064
VCT 2025: China Stage 2,Group Stage,Week 3,FunPlus Phoenix vs Dragon Ranger Gaming,ban,Bind,11981
VCT 2025: China Stage 2,Playoffs,Lower Round 2,TYLOO vs EDward Gaming,ban,Sunset,731
VCT 2025: China Stage 1,Group Stage,Week 3,Wolves Esports vs Xi Lai Gaming,ban,Split,13790
VCT 2025: China Stage 1,Group Stage,Week 3,All Gamers vs Bilibili Gaming,ban,Lotus,12010
VCT 2025: China Stage 1,Group Stage,Week 5,JDG Esports vs Xi Lai Gaming,pick,Icebox,13576
VCT 2025: Americas Stage 1,Playoffs,Lower Final,MIBR vs G2 Esports,ban,Pearl,7386
VCT 2025: EMEA Kickoff,Main Event,Lower Round 3,FUT Esports vs FNATIC,ban,Haven,1184
VCT 2025: Pacific Kickoff,Main Event,Lower Round 1,Nongshim RedForce vs BOOM Esports,ban,Haven,466
VCT 2025: Americas Kickoff,Main Event,Lower Round 2,Evil Geniuses vs MIBR,ban,Haven,5248
VCT 2025: China Kickoff,Main Event,Grand Final,Trace Esports vs EDward Gaming,pick,Lotus,12685
Valorant Champions 2025,Group Stage,Decider (B),MIBR vs Rex Regum Qeon,pick,Abyss,7386
Valorant Champions 2025,Playoffs,Upper Quarterfinals,NRG vs GIANTX,pick,Lotus,
VCT 2025: China Stage 2,Group Stage,Week 2,Dragon Ranger Gaming vs All Gamers,ban,Bind,11981
VCT 2025: China Stage 2,Playoffs,Upper Quarterfinals,All Gamers vs TYLOO,ban,Bind,731
Valorant Masters Toronto 2025,Swiss Stage,Round 1,Bilibili Gaming vs Team Liquid,pick,Haven,474
Valorant Masters Toronto 2025,Swiss Stage,Round 2 (1-0),Paper Rex vs Gen.G,pick,Ascent,17
Valorant Masters Toronto 2025,Playoffs,Upper Quarterfinals,G2 Esports vs Paper Rex,pick,Lotus,11058
VCT 2025: EMEA Stage 1,Group Stage,Week 2,FUT Esports vs Gentle Mates,ban,Haven,1184
VCT 2025: EMEA Stage 1,Playoffs,Lower Round 2,BBL Esports vs FUT Esports,ban,Fracture,397
VCT 2025: Pacific Stage 1,Group Stage,Week 3,Paper Rex vs BOOM Esports,pick,Pearl,624
VCT 2025: China Stage 1,Group Stage,Week 1,TYLOO vs EDward Gaming,ban,Pearl,1120
VCT 2025: China Stage 1,Group Stage,Week 3,TYLOO vs Titan Esports Club,pick,Fracture,14137
VCT 2025: China Kickoff,Main Event,Grand Final,Trace Esports vs EDward Gaming,pick,Abyss,12685
Valorant Champions 2025,Group Stage,Winner's (B),MIBR vs FNATIC,ban,Lotus,7386
VCT 2025: Americas Stage 2,Playoffs,Grand Final,G2 Esports vs NRG,pick,Ascent,11058
VCT 2025: Pacific Stage 2,Group Stage,Week 1,Global Esports vs Team Secret,ban,Icebox,6199
VCT 2025: Pacific Stage 2,Group Stage,Week 3,Gen.G vs Team Secret,ban,Bind,17
VCT 2025: China Stage 2,Group Stage,Week 4,Nova Esports vs Xi Lai Gaming,ban,Icebox,13581
Valorant Masters Toronto 2025,Swiss Stage,Round 1,Sentinels vs Wolves Esports,pick,Lotus,2
Valorant Masters Toronto 2025,Playoffs,Upper Quarterfinals,G2 Esports vs Paper Rex,ban,Sunset,11058
VCT 2025: EMEA Stage 1,Playoffs,Lower Round 1,Natus Vincere vs Karmine Corp,ban,Pearl,4915
VCT 2025: Americas Stage 1,Playoffs,Upper Semifinals,G2 Esports vs Sentinels,ban,Lotus,2
VCT 2025: Pacific Kickoff,Main Event,Lower Round 1,Paper Rex vs ZETA DIVISION,ban,Haven,624
Valorant Champions 2025,Group Stage,Opening (C),Team Liquid vs DRX,pick,Abyss,8185
VCT 2025: Americas Stage 2,Group Stage,Week 4,Cloud9 vs 2Game Esports,ban,Corrode,15072
VCT 2025: EMEA Stage 2,Group Stage,Week 4,KOI vs Apeks,ban,Icebox,11479
VCT 2025: Pacific Stage 2,Group Stage,Week 1,Global Esports vs Team Secret,ban,Ascent,918
VCT 2025: Pacific Stage 2,Group Stage,Week 3,Paper Rex vs ZETA DIVISION,pick,Lotus,5448
VCT 2025: Pacific Stage 2,Playoffs,Grand Final,Paper Rex vs Rex Regum Qeon,pick,Lotus,624
Valorant Masters Toronto 2025,Swiss Stage,Round 2 (1-0),Bilibili Gaming vs Sentinels,ban,Haven,12010
VCT 2025: China Stage 1,Group Stage,Week 5,Wolves Esports vs All Gamers,pick,Pearl,13790
VCT 2025: China Stage 1,Playoffs,Lower Round 2,EDward Gaming vs Dragon Ranger Gaming,pick,Split,1120
VCT 2025: Pacific Kickoff,Main Event,Lower Round 1,Global Esports vs DetonatioN FocusMe,ban,Pearl,278
VCT 2025: Pacific Kickoff,Main Event,Lower Round 2,DetonatioN FocusMe vs Paper Rex,ban,Bind,278
VCT 2025: Americas Stage 2,Group Stage,Week 4,MIBR vs NRG,ban,Corrode,7386
VCT 2025: Americas Stage 2,Group Stage,Week 4,Sentinels vs Evil Geniuses,ban,Ascent,2
Valorant Masters Toronto 2025,Swiss Stage,Round 2 (1-0),Paper Rex vs Gen.G,pick,Icebox,624
Valorant Masters Toronto 2025,Playoffs,Lower Round 1,Rex Regum Qeon vs FNATIC,ban,Icebox,878
Valorant Masters Toronto 2025,Playoffs,Lower Round 2,Gen.G vs G2 Esports,ban,Sunset,11058
VCT 2025: EMEA Stage 1,Group Stage,Week 4,Karmine Corp vs FUT Esports,ban,Fracture,8877
VCT 2025: EMEA Stage 1,Group Stage,Week 5,BBL Esports vs FUT Esports,pick,Icebox,1184
VCT 2025: EMEA Stage 1,Group Stage,Week 5,Team Vitality vs Natus Vincere,pick,Icebox,4915
VCT 2025: Pacific Stage 1,Group Stage,Week 3,Gen.G vs DetonatioN FocusMe,pick,Fracture,278
VCT 2025: Pacific Stage 1,Group Stage,Week 3,DRX vs Global Esports,ban,Pearl,8185
VCT 2025: Pacific Stage 1,Playoffs,Grand Final,Gen.G vs Rex Regum Qeon,pick,Ascent,878
VCT 2025: Americas Stage 1,Group Stage,Week 1,Cloud9 vs NRG,ban,Haven,188
VCT 2025: Americas Stage 1,Group Stage,Week 3,100 Thieves vs LOUD,ban,Fracture,6961
Valorant Masters Bangkok 2025,Playoffs,Upper Semifinals,EDward Gaming vs T1,ban,Abyss,14
Valorant Masters Bangkok 2025,Playoffs,Upper Semifinals,Team Vitality vs G2 Esports,ban,Abyss,2059
VCT 2025: Americas Kickoff,Main Event,Upper Quarterfinals,LEVIATÁN vs FURIA,ban,Bind,2359
VCT 2025: China Kickoff,Main Event,Lower Round 2,JDG Esports vs Xi Lai Gaming,ban,Split,13576
VCT 2025: Pacific Stage 2,Group Stage,Week 1,T1 vs Paper Rex,ban,Corrode,624
VCT 2025: EMEA Stage 1,Group Stage,Week 2,Team Vitality vs FNATIC,pick,Lotus,2059
VCT 2025: EMEA Stage 1,Group Stage,Week 2,KOI vs Karmine Corp,ban,Split,8877
VCT 2025: EMEA Stage 1,Group Stage,Week 4,Team Vitality vs Apeks,ban,Icebox,11479
VCT 2025: Pacific Stage 1,Group Stage,Week 2,TALON vs Rex Regum Qeon,ban,Split,878
VCT 2025: China Stage 1,Playoffs,Upper Round 1,Titan Esports Club vs Wolves Esports,ban,Lotus,14137
VCT 2025: China Stage 1,Playoffs,Upper Semifinals,EDward Gaming vs Xi Lai Gaming,pick,Haven,1120
VCT 2025: EMEA Kickoff,Main Event,Upper Quarterfinals,FUT Esports vs Team Liquid,pick,Fracture,474
VCT 2025: EMEA Kickoff,Main Event,Lower Round 2,GIANTX vs Team Liquid,ban,Haven,14419
VCT 2025: Pacific Kickoff,Main Event,Lower Round 2,DetonatioN FocusMe vs Paper Rex,pick,Abyss,278
VCT 2025: EMEA Stage 2,Group Stage,Week 5,GIANTX vs Team Heretics,ban,Icebox,14419
VCT 2025: China Stage 2,Group Stage,Week 2,Trace Esports vs TYLOO,ban,Ascent,731
VCT 2025: China Stage 2,Playoffs,Upper Semifinals,Xi Lai Gaming vs Dragon Ranger Gaming,ban,Haven,11981
VCT 2025: China Stage 2,Playoffs,Upper Final,Dragon Ranger Gaming vs Bilibili Gaming,ban,Icebox,11981
VCT 2025: Pacific Stage 1,Group Stage,Week 5,DetonatioN FocusMe vs BOOM Esports,ban,Split,466
VCT 2025: China Stage 1,Group Stage,Week 2,Titan Esports Club vs Dragon Ranger Gaming,ban,Haven,11981
VCT 2025: Americas Stage 1,Group Stage,Week 3,FURIA vs LEVIATÁN,pick,Pearl,2359
VCT 2025: Americas Stage 1,Group Stage,Week 4,Sentinels vs LOUD,ban,Ascent,6961
VCT 2025: EMEA Kickoff,Main Event,Upper Quarterfinals,FUT Esports vs Team Liquid,ban,Lotus,474
VCT 2025: Americas Kickoff,Main Event,Upper Quarterfinals,LEVIATÁN vs FURIA,pick,Split,2359
Valorant Champions 2025,Group Stage,Opening (A),GIANTX vs Sentinels,ban,Abyss,14419
Valorant Champions 2025,Playoffs,Lower Round 2,Paper Rex vs Team Heretics,ban,Corrode,624
VCT 2025: Americas Stage 2,Group Stage,Week 1,LEVIATÁN vs LOUD,ban,Sunset,2359
VCT 2025: EMEA Stage 2,Group Stage,Week 2,Apeks vs Karmine Corp,ban,Corrode,8877
VCT 2025: EMEA Stage 2,Playoffs,Lower Round 1,Natus Vincere vs Team Vitality,ban,Lotus,4915
VCT 2025: EMEA Stage 1,Playoffs,Grand Final,FNATIC vs Team Heretics,pick,Icebox,1001
VCT 2025: Pacific Stage 1,Group Stage,Week 2,BOOM Esports vs Global Esports,pick,Haven,466
VCT 2025: Pacific Stage 1,Playoffs,Upper Semifinals,BOOM Esports vs Gen.G,pick,Split,17
VCT 2025: China Stage 1,Group Stage,Week 4,EDward Gaming vs Titan Esports Club,ban,Split,1120
VCT 2025: China Stage 1,Playoffs,Lower Round 2,Bilibili Gaming vs Trace Esports,ban,Icebox,12685
VCT 2025: Americas Stage 1,Group Stage,Week 3,Cloud9 vs MIBR,ban,Icebox,188
Valorant Masters Bangkok 2025,Playoffs,Upper Final,EDward Gaming vs G2 Esports,pick,Split,1120
VCT 2025: Pacific Kickoff,Main Event,Upper Round 1,Global Esports vs Team Secret,ban,Fracture,918
VCT 2025: Americas Stage 2,Group Stage,Week 1,Sentinels vs G2 Esports,ban,Bind,2
VCT 2025: Americas Stage 2,Group Stage,Week 2,FURIA vs Sentinels,ban,Ascent,2
VCT 2025: Americas Stage 2,Group Stage,Week 2,Cloud9 vs Evil Geniuses,ban,Corrode,5248
VCT 2025: Americas Stage 2,Group Stage,Week 5,FURIA vs Evil Geniuses,ban,Bind,2406
VCT 2025: Americas Stage 2,Playoffs,Upper Round 1,LEVIATÁN vs Cloud9,ban,Bind,2359
VCT 2025: Pacific Stage 2,Group Stage,Week 3,Nongshim RedForce vs Global Esports,ban,Sunset,918
VCT 2025: China Stage 2,Group Stage,Week 4,All Gamers vs FunPlus Phoenix,pick,Bind,11328
Valorant Masters Toronto 2025,Playoffs,Grand Final,Paper Rex vs FNATIC,pick,Lotus,2593
VCT 2025: EMEA Stage 1,Group Stage,Week 2,Team Vitality vs FNATIC,ban,Ascent,2059
VCT 2025: EMEA Stage 1,Group Stage,Week 4,Gentle Mates vs BBL Esports,pick,Haven,12694
VCT 2025: EMEA Stage 1,Group Stage,Week 5,Gentle Mates vs KOI,ban,Haven,7035
VCT 2025: EMEA Stage 1,Playoffs,Upper Final,Team Heretics vs FNATIC,ban,Pearl,2593
VCT 2025: Pacific Stage 1,Group Stage,Week 1,DRX vs Paper Rex,ban,Ascent,624
VCT 2025: Pacific Stage 1,Group Stage,Week 1,Gen.G vs BOOM Esports,ban,Icebox,17
VCT 2025: Pacific Stage 1,Group Stage,Week 2,Team Secret vs ZETA DIVISION,ban,Pearl,5448
VCT 2025: Pacific Stage 1,Group Stage,Week 5,DRX vs Gen.G,ban,Pearl,8185
VCT 2025: China Stage 1,Group Stage,Week 1,TYLOO vs EDward Gaming,ban,Ascent,731
VCT 2025: China Stage 1,Group Stage,Week 1,TYLOO vs EDward Gaming,pick,Fracture,731
VCT 2025: China Stage 1,Group Stage,Week 2,Xi Lai Gaming vs All Gamers,ban,Icebox,1119
VCT 2025: China Stage 1,Playoffs,Upper Round 1,Xi Lai Gaming vs Nova Esports,ban,Fracture,12064
VCT 2025: Americas Stage 1,Group Stage,Week 4,100 Thieves vs 2Game Esports,ban,Pearl,120
VCT 2025: Americas Stage 1,Group Stage,Week 4,KRÜ Esports vs Evil Geniuses,ban,Haven,5248
Valorant Masters Bangkok 2025,Playoffs,Upper Semifinals,Team Vitality vs G2 Esports,ban,Pearl,2059
VCT 2025: EMEA Kickoff,Main Event,Upper Round 1,Team Liquid vs KOI,ban,Pearl,474
VCT 2025: EMEA Kickoff,Main Event,Upper Quarterfinals,FNATIC vs BBL Esports,ban,Haven,397
VCT 2025: EMEA Kickoff,Main Event,Lower Round 3,BBL Esports vs Team Liquid,pick,Bind,474
VCT 2025: China Kickoff,Main Event,Upper Round 1,Xi Lai Gaming vs Wolves Esports,pick,Split,13790
VCT 2025: China Kickoff,Main Event,Upper Round 1,JDG Esports vs Dragon Ranger Gaming,ban,Fracture,11981
VCT 2025: China Kickoff,Main Event,Upper Quarterfinals,FunPlus Phoenix vs Titan Esports Club,ban,Bind,11328
VCT 2025: China Kickoff,Main Event,Lower Round 2,JDG Esports vs Xi Lai Gaming,pick,Pearl,13576
Valorant Champions 2025,Playoffs,Upper Quarterfinals,FNATIC vs DRX,ban,Sunset,8185
VCT 2025: Americas Stage 2,Group Stage,Week 1,Evil Geniuses vs 2Game Esports,ban,Bind,15072
VCT 2025: Americas Stage 2,Group Stage,Week 4,MIBR vs NRG,ban,Ascent,7386
VCT 2025: EMEA Stage 2,Playoffs,Upper Semifinals,Team Heretics vs BBL Esports,pick,Icebox,397
VCT 2025: Pacific Stage 2,Group Stage,Week 1,Paper Rex vs DetonatioN FocusMe,pick,Haven,278
Valorant Masters Toronto 2025,Swiss Stage,Round 2 (0-1),Team Liquid vs MIBR,pick,Sunset,474
VCT 2025: EMEA Stage 1,Group Stage,Week 1,FUT Esports vs KOI,ban,Icebox,7035
VCT 2025: Pacific Stage 1,Playoffs,Lower Round 2,DRX vs TALON,ban,Split,8304
VCT 2025: China Stage 1,Group Stage,Week 2,Titan Esports Club vs Dragon Ranger Gaming,ban,Pearl,14137
VCT 2025: China Stage 1,Group Stage,Week 3,Nova Esports vs FunPlus Phoenix,ban,Haven,12064
VCT 2025: Americas Stage 1,Group Stage,Week 3,100 Thieves vs LOUD,ban,Ascent,6961
VCT 2025: EMEA Kickoff,Main Event,Upper Round 1,Team Liquid vs KOI,ban,Lotus,474
VCT 2025: EMEA Kickoff,Main Event,Lower Round 3,FUT Esports vs FNATIC,ban,Lotus,2593
VCT 2025: Pacific Kickoff,Main Event,Upper Final,T1 vs DRX,ban,Bind,8185
Valorant Champions 2025,Group Stage,Opening (A),Paper Rex vs Xi Lai Gaming,pick,Sunset,624
VCT 2025: Americas Stage 2,Group Stage,Week 1,MIBR vs KRÜ Esports,pick,Ascent,7386
VCT 2025: Americas Stage 2,Group Stage,Week 5,KRÜ Esports vs NRG,ban,Ascent,
VCT 2025: EMEA Stage 2,Group Stage,Week 3,Gentle Mates vs BBL Esports,ban,Icebox,12694
VCT 2025: China Stage 2,Group Stage,Week 1,Bilibili Gaming vs TYLOO,pick,Lotus,12010
Valorant Masters Toronto 2025,Swiss Stage,Round 2 (1-0),Bilibili Gaming vs Sentinels,pick,Sunset,2
VCT 2025: EMEA Stage 1,Playoffs,Lower Final,Team Heretics vs Team Liquid,ban,Pearl,474
VCT 2025: China Stage 1,Playoffs,Upper Round 1,Titan Esports Club vs Wolves Esports,ban,Ascent,13790
VCT 2025: Americas Stage 1,Group Stage,Week 2,Sentinels vs KRÜ Esports,ban,Fracture,2
VCT 2025: Americas Kickoff,Main Event,Upper Round 1,Evil Geniuses vs LOUD,ban,Abyss,6961
VCT 2025: Americas Kickoff,Main Event,Upper Final,Sentinels vs G2 Esports,ban,Haven,11058
VCT 2025: China Kickoff,Main Event,Upper Quarterfinals,FunPlus Phoenix vs Titan Esports Club,pick,Abyss,14137
Valorant Champions 2025,Group Stage,Elimination (B),Bilibili Gaming vs Rex Regum Qeon,pick,Lotus,12010
VCT 2025: Americas Stage 2,Group Stage,Week 4,FURIA vs G2 Esports,ban,Lotus,2406
VCT 2025: EMEA Stage 2,Playoffs,Upper Semifinals,Team Liquid vs GIANTX,pick,Sunset,14419
VCT 2025: China Stage 2,Playoffs,Lower Round 1,EDward Gaming vs Trace Esports,pick,Sunset,1120
Valorant Masters Toronto 2025,Playoffs,Lower Round 2,Sentinels vs FNATIC,ban,Haven,2
VCT 2025: EMEA Stage 1,Group Stage,Week 1,Team Heretics vs Apeks,ban,Pearl,1001
VCT 2025: China Stage 1,Group Stage,Week 1,FunPlus Phoenix vs Titan Esports Club,pick,Icebox,14137
VCT 2025: China Stage 1,Playoffs,Grand Final,Xi Lai Gaming vs Bilibili Gaming,ban,Icebox,13581
VCT 2025: Americas Stage 1,Playoffs,Upper Round 1,MIBR vs 100 Thieves,ban,Ascent,7386
VCT 2025: Americas Stage 1,Playoffs,Lower Round 2,G2 Esports vs 100 Thieves,ban,Ascent,120
VCT 2025: Pacific Kickoff,Main Event,Lower Final,T1 vs Gen.G,ban,Fracture,17
VCT 2025: China Kickoff,Main Event,Lower Round 2,Nova Esports vs Dragon Ranger Gaming,ban,Fracture,11981
Valorant Champions 2025,Group Stage,Winner's (D),Team Heretics vs T1,pick,Sunset,14
VCT 2025: Americas Stage 2,Group Stage,Week 4,LOUD vs 100 Thieves,pick,Sunset,6961
VCT 2025: EMEA Stage 2,Group Stage,Week 2,FUT Esports vs Team Vitality,ban,Sunset,2059
VCT 2025: Pacific Stage 2,Playoffs,Upper Final,TALON vs Paper Rex,ban,Sunset,8304
VCT 2025: Pacific Stage 1,Group Stage,Week 1,DetonatioN FocusMe vs Global Esports,ban,Icebox,278
VCT 2025: Americas Stage 1,Playoffs,Lower Round 3,G2 Esports vs Evil Geniuses,ban,Icebox,5248
VCT 2025: EMEA Kickoff,Main Event,Lower Round 2,GIANTX vs Team Liquid,ban,Pearl,474
VCT 2025: Americas Stage 2,Group Stage,Week 1,LEVIATÁN vs LOUD,ban,Corrode,2359
VCT 2025: Americas Stage 2,Group Stage,Week 5,100 Thieves vs LEVIATÁN,ban,Bind,2359
VCT 2025: Americas Stage 2,Group Stage,Week 5,100 Thieves vs LEVIATÁN,ban,Corrode,2359
VCT 2025: Pacific Stage 2,Group Stage,Week 1,TALON vs ZETA DIVISION,ban,Lotus,8304
VCT 2025: Pacific Stage 2,Group Stage,Week 4,Gen.G vs Nongshim RedForce,pick,Lotus,17
VCT 2025: China Stage 2,Group Stage,Week 4,Nova Esports vs Wolves Esports,ban,Icebox,13790
VCT 2025: EMEA Stage 1,Group Stage,Week 1,FUT Esports vs KOI,ban,Fracture,1184
VCT 2025: EMEA Stage 1,Group Stage,Week 2,Apeks vs Natus Vincere,ban,Pearl,4915
VCT 2025: EMEA Stage 1,Group Stage,Week 3,Natus Vincere vs GIANTX,ban,Lotus,4915
VCT 2025: Pacific Stage 1,Group Stage,Week 3,Rex Regum Qeon vs ZETA DIVISION,pick,Split,5448
VCT 2025: Pacific Stage 1,Playoffs,Lower Round 3,DRX vs Paper Rex,ban,Split,8185
VCT 2025: China Stage 1,Group Stage,Week 3,TYLOO vs Titan Esports Club,ban,Pearl,14137
Valorant Masters Bangkok 2025,Swiss Stage,Round 2 (1-0),DRX vs Team Vitality,ban,Pearl,2059
Valorant Masters Bangkok 2025,Swiss Stage,Round 2 (1-0),DRX vs Team Vitality,ban,Haven,8185
VCT 2025: EMEA Kickoff,Main Event,Upper Quarterfinals,Team Vitality vs Karmine Corp,pick,Haven,2059
VCT 2025: Pacific Kickoff,Main Event,Grand Final,DRX vs T1,pick,Bind,14
VCT 2025: Americas Kickoff,Main Event,Lower Round 3,LOUD vs KRÜ Esports,ban,Abyss,6961
VCT 2025: Americas Stage 2,Group Stage,Week 4,Cloud9 vs 2Game Esports,pick,Bind,188
VCT 2025: Americas Stage 2,Playoffs,Upper Semifinals,Sentinels vs Cloud9,ban,Sunset,188
VCT 2025: EMEA Stage 2,Playoffs,Lower Final,BBL Esports vs GIANTX,ban,Corrode,397
VCT 2025: EMEA Stage 2,Playoffs,Grand Final,Team Liquid vs GIANTX,pick,Bind,474
VCT 2025: Pacific Stage 2,Playoffs,Upper Round 1,TALON vs Nongshim RedForce,ban,Haven,11060
VCT 2025: China Stage 2,Group Stage,Week 3,FunPlus Phoenix vs Dragon Ranger Gaming,ban,Corrode,11981
Valorant Masters Toronto 2025,Playoffs,Upper Quarterfinals,Rex Regum Qeon vs Wolves Esports,ban,Haven,13790
VCT 2025: Pacific Kickoff,Main Event,Upper Round 1,Global Esports vs Team Secret,pick,Split,918
VCT 2025: Pacific Kickoff,Main Event,Upper Quarterfinals,DRX vs Nongshim RedForce,ban,Abyss,11060
VCT 2025: China Kickoff,Main Event,Upper Round 1,TYLOO vs Titan Esports Club,ban,Bind,14137
VCT 2025: China Kickoff,Main Event,Upper Semifinals,Bilibili Gaming vs FunPlus Phoenix,ban,Haven,11328
Valorant Champions 2025,Group Stage,Winner's (D),Team Heretics vs T1,ban,Haven,14
Valorant Champions 2025,Playoffs,Upper Quarterfinals,Paper Rex vs G2 Esports,ban,Bind,11058
Valorant Champions 2025,Playoffs,Upper Quarterfinals,NRG vs GIANTX,pick,Haven,14419
VCT 2025: EMEA Stage 2,Group Stage,Week 3,Team Vitality vs Team Heretics,ban,Bind,2059
VCT 2025: Pacific Stage 2,Group Stage,Week 1,BOOM Esports vs TALON,pick,Bind,466
VCT 2025: Pacific Stage 2,Group Stage,Week 1,DRX vs Gen.G,pick,Corrode,8185
VCT 2025: Pacific Stage 2,Group Stage,Week 4,T1 vs DetonatioN FocusMe,ban,Lotus,278
Valorant Masters Toronto 2025,Swiss Stage,Round 2 (0-1),Team Heretics vs Wolves Esports,pick,Lotus,1001
VCT 2025: Pacific Stage 1,Playoffs,Lower Round 3,DRX vs Paper Rex,pick,Icebox,8185
VCT 2025: China Stage 1,Group Stage,Week 2,Bilibili Gaming vs JDG Esports,ban,Split,12010
VCT 2025: China Stage 1,Group Stage,Week 5,Bilibili Gaming vs Trace Esports,ban,Fracture,12010
VCT 2025: Americas Stage 1,Group Stage,Week 5,Evil Geniuses vs LOUD,ban,Ascent,6961
VCT 2025: Americas Stage 1,Playoffs,Lower Final,MIBR vs G2 Esports,pick,Split,7386
VCT 2025: Pacific Kickoff,Main Event,Upper Quarterfinals,Gen.G vs Rex Regum Qeon,pick,Lotus,17
VCT 2025: Americas Kickoff,Main Event,Upper Quarterfinals,LEVIATÁN vs FURIA,pick,Haven,2406
VCT 2025: Americas Kickoff,Main Event,Lower Round 3,LEVIATÁN vs MIBR,pick,Pearl,7386
VCT 2025: Americas Kickoff,Main Event,Grand Final,G2 Esports vs Sentinels,ban,Lotus,11058
VCT 2025: EMEA Stage 2,Playoffs,Lower Round 2,Team Heretics vs Natus Vincere,ban,Corrode,1001
VCT 2025: Pacific Stage 2,Group Stage,Week 2,T1 vs ZETA DIVISION,ban,Bind,14
VCT 2025: China Stage 2,Group Stage,Week 2,Xi Lai Gaming vs Wolves Esports,pick,Haven,13581
VCT 2025: EMEA Stage 1,Group Stage,Week 5,Team Liquid vs Karmine Corp,ban,Ascent,8877
VCT 2025: Pacific Stage 1,Group Stage,Week 4,Nongshim RedForce vs Team Secret,ban,Ascent,6199
VCT 2025: China Stage 1,Group Stage,Week 5,Dragon Ranger Gaming vs TYLOO,ban,Lotus,731
VCT 2025: Americas Stage 1,Group Stage,Week 2,Sentinels vs KRÜ Esports,ban,Pearl,2355
Valorant Masters Bangkok 2025,Playoffs,Upper Final,EDward Gaming vs G2 Esports,ban,Fracture,11058
Valorant Masters Bangkok 2025,Playoffs,Upper Final,EDward Gaming vs G2 Esports,ban,Pearl,1120
VCT 2025: China Kickoff,Main Event,Upper Semifinals,Trace Esports vs EDward Gaming,ban,Pearl,1120
VCT 2025: EMEA Stage 2,Group Stage,Week 5,KOI vs Natus Vincere,ban,Lotus,4915
VCT 2025: Pacific Stage 2,Group Stage,Week 1,DRX vs Nongshim RedForce,ban,Sunset,8185
VCT 2025: Pacific Stage 2,Group Stage,Week 4,Rex Regum Qeon vs Team Secret,ban,Bind,878
VCT 2025: Pacific Stage 2,Playoffs,Lower Round 1,Nongshim RedForce vs DetonatioN FocusMe,ban,Icebox,11060
VCT 2025: China Stage 2,Group Stage,Week 1,JDG Esports vs Trace Esports,ban,Sunset,13576
VCT 2025: China Stage 2,Playoffs,Upper Quarterfinals,EDward Gaming vs Dragon Ranger Gaming,ban,Icebox,1120
Valorant Masters Toronto 2025,Playoffs,Lower Round 3,G2 Esports vs FNATIC,pick,Lotus,11058
VCT 2025: EMEA Stage 1,Playoffs,Upper Round 1,FNATIC vs FUT Esports,ban,Pearl,2593
VCT 2025: China Stage 1,Playoffs,Lower Round 3,EDward Gaming vs Bilibili Gaming,ban,Split,12010
VCT 2025: Americas Stage 1,Playoffs,Lower Round 2,KRÜ Esports vs Evil Geniuses,ban,Ascent,5248
VCT 2025: Americas Stage 1,Playoffs,Upper Final,MIBR vs Sentinels,ban,Fracture,2
VCT 2025: EMEA Kickoff,Main Event,Upper Quarterfinals,Team Heretics vs Gentle Mates,ban,Bind,12694
VCT 2025: EMEA Kickoff,Main Event,Lower Round 2,Gentle Mates vs FNATIC,pick,Abyss,12694
VCT 2025: EMEA Kickoff,Main Event,Lower Round 4,FUT Esports vs Team Liquid,pick,Bind,474
VCT 2025: China Kickoff,Main Event,Upper Semifinals,Trace Esports vs EDward Gaming,pick,Bind,1120
Valorant Champions 2025,Group Stage,Winner's (A),Paper Rex vs GIANTX,pick,Ascent,14419
Valorant Champions 2025,Playoffs,Upper Quarterfinals,FNATIC vs DRX,ban,Abyss,2593
VCT 2025: Americas Stage 2,Group Stage,Week 2,NRG vs LOUD,pick,Haven,6961
VCT 2025: Americas Stage 2,Group Stage,Week 4,LOUD vs 100 Thieves,ban,Ascent,120
VCT 2025: EMEA Stage 2,Group Stage,Week 2,Team Liquid vs Natus Vincere,ban,Ascent,474
VCT 2025: EMEA Stage 2,Group Stage,Week 5,Team Liquid vs Karmine Corp,ban,Ascent,8877
VCT 2025: China Stage 2,Playoffs,Lower Round 2,TYLOO vs EDward Gaming,ban,Bind,1120
VCT 2025: EMEA Stage 1,Group Stage,Week 1,BBL Esports vs Karmine Corp,ban,Lotus,397
VCT 2025: EMEA Stage 1,Group Stage,Week 4,Team Vitality vs Apeks,ban,Split,2059
VCT 2025: EMEA Stage 1,Playoffs,Lower Round 2,BBL Esports vs FUT Esports,pick,Haven,397
VCT 2025: Pacific Stage 1,Group Stage,Week 3,DRX vs Global Esports,ban,Icebox,918
VCT 2025: Pacific Stage 1,Playoffs,Grand Final,Gen.G vs Rex Regum Qeon,pick,Icebox,878
VCT 2025: Pacific Kickoff,Main Event,Upper Quarterfinals,TALON vs Global Esports,ban,Pearl,8304
VCT 2025: Americas Kickoff,Main Event,Lower Round 2,Evil Geniuses vs MIBR,ban,Fracture,7386
VCT 2025: China Kickoff,Main Event,Lower Round 2,Nova Esports vs Dragon Ranger Gaming,ban,Haven,12064
VCT 2025: China Kickoff,Main Event,Lower Final,Bilibili Gaming vs EDward Gaming,pick,Haven,1120
Valorant Champions 2025,Group Stage,Opening (B),Rex Regum Qeon vs FNATIC,pick,Ascent,2593
Valorant Champions 2025,Playoffs,Lower Round 2,Paper Rex vs Team Heretics,ban,Sunset,1001
VCT 2025: Americas Stage 2,Group Stage,Week 4,FURIA vs G2 Esports,ban,Bind,11058
VCT 2025: Americas Stage 2,Playoffs,Upper Semifinals,NRG vs G2 Esports,ban,Lotus,
VCT 2025: EMEA Stage 2,Group Stage,Week 1,Team Heretics vs BBL Esports,pick,Icebox,397
VCT 2025: EMEA Stage 2,Group Stage,Week 2,Apeks vs Karmine Corp,pick,Sunset,11479
VCT 2025: EMEA Stage 2,Group Stage,Week 4,Team Vitality vs BBL Esports,ban,Corrode,397
VCT 2025: EMEA Stage 2,Group Stage,Week 5,Apeks vs FNATIC,ban,Sunset,2593
VCT 2025: EMEA Stage 2,Playoffs,Upper Round 1,GIANTX vs Natus Vincere,pick,Bind,4915
VCT 2025: Pacific Stage 2,Group Stage,Week 3,Paper Rex vs ZETA DIVISION,ban,Bind,624
VCT 2025: Pacific Stage 2,Group Stage,Week 4,T1 vs DetonatioN FocusMe,ban,Bind,278
VCT 2025: China Stage 2,Group Stage,Week 2,TYLOO vs Titan Esports Club,ban,Sunset,731
VCT 2025: China Stage 2,Group Stage,Week 2,Dragon Ranger Gaming vs All Gamers,ban,Haven,11981
VCT 2025: China Stage 2,Group Stage,Week 3,TYLOO vs EDward Gaming,ban,Bind,731
Valorant Masters Toronto 2025,Swiss Stage,Round 1,Bilibili Gaming vs Team Liquid,ban,Split,12010
VCT 2025: Pacific Stage 1,Group Stage,Week 4,T1 vs Rex Regum Qeon,pick,Pearl,14
VCT 2025: China Stage 1,Group Stage,Week 4,Nova Esports vs TYLOO,ban,Lotus,731
VCT 2025: China Stage 1,Playoffs,Lower Round 1,Nova Esports vs Trace Esports,ban,Icebox,12685
VCT 2025: Americas Stage 1,Group Stage,Week 1,Sentinels vs 100 Thieves,pick,Pearl,2
VCT 2025: Americas Stage 1,Group Stage,Week 2,G2 Esports vs MIBR,ban,Lotus,7386
VCT 2025: Americas Stage 1,Group Stage,Week 3,2Game Esports vs KRÜ Esports,pick,Ascent,15072
VCT 2025: Americas Stage 1,Group Stage,Week 5,Evil Geniuses vs LOUD,ban,Icebox,5248
VCT 2025: Americas Stage 1,Playoffs,Upper Round 1,Sentinels vs Cloud9,ban,Fracture,2
VCT 2025: Pacific Kickoff,Main Event,Lower Round 1,Nongshim RedForce vs BOOM Esports,pick,Pearl,466
VCT 2025: Pacific Kickoff,Main Event,Lower Round 2,Nongshim RedForce vs Rex Regum Qeon,ban,Split,878
VCT 2025: Pacific Kickoff,Main Event,Lower Final,T1 vs Gen.G,pick,Pearl,14
Valorant Champions 2025,Playoffs,Upper Quarterfinals,Team Heretics vs MIBR,ban,Ascent,7386
VCT 2025: Americas Stage 2,Playoffs,Upper Round 1,LEVIATÁN vs Cloud9,ban,Ascent,188
VCT 2025: EMEA Stage 2,Group Stage,Week 5,Team Liquid vs Karmine Corp,ban,Corrode,8877
VCT 2025: Pacific Stage 2,Playoffs,Lower Round 2,T1 vs Nongshim RedForce,pick,Lotus,11060
VCT 2025: China Stage 2,Group Stage,Week 2,TYLOO vs Titan Esports Club,pick,Lotus,14137
VCT 2025: EMEA Stage 1,Group Stage,Week 1,Team Liquid vs Gentle Mates,ban,Pearl,474
VCT 2025: Pacific Stage 1,Group Stage,Week 4,Nongshim RedForce vs Team Secret,pick,Split,6199
VCT 2025: Pacific Stage 1,Playoffs,Upper Round 1,TALON vs Gen.G,pick,Icebox,8304
VCT 2025: China Stage 1,Group Stage,Week 1,TYLOO vs EDward Gaming,ban,Icebox,731
VCT 2025: Americas Stage 1,Group Stage,Week 1,Sentinels vs 100 Thieves,pick,Haven,120
VCT 2025: China Kickoff,Main Event,Upper Quarterfinals,FunPlus Phoenix vs Titan Esports Club,pick,Fracture,11328
Valorant Champions 2025,Playoffs,Upper Quarterfinals,Paper Rex vs G2 Esports,ban,Sunset,11058
Valorant Champions 2025,Playoffs,Lower Round 1,DRX vs G2 Esports,ban,Sunset,8185
VCT 2025: EMEA Stage 2,Playoffs,Lower Round 1,FNATIC vs Karmine Corp,pick,Corrode,2593
VCT 2025: China Stage 2,Group Stage,Week 4,All Gamers vs FunPlus Phoenix,ban,Haven,1119
Valorant Masters Toronto 2025,Playoffs,Upper Quarterfinals,Xi Lai Gaming vs Sentinels,ban,Split,13581
VCT 2025: EMEA Stage 1,Group Stage,Week 1,FUT Esports vs KOI,ban,Haven,7035
VCT 2025: EMEA Stage 1,Group Stage,Week 2,Team Vitality vs FNATIC,ban,Fracture,2593
VCT 2025: EMEA Stage 1,Playoffs,Grand Final,FNATIC vs Team Heretics,ban,Haven,2593
VCT 2025: Pacific Stage 1,Group Stage,Week 3,TALON vs Nongshim RedForce,ban,Icebox,11060
VCT 2025: Pacific Stage 1,Group Stage,Week 5,Rex Regum Qeon vs Team Secret,ban,Split,878
VCT 2025: Americas Stage 1,Playoffs,Upper Round 1,Sentinels vs Cloud9,ban,Split,188
VCT 2025: Pacific Kickoff,Main Event,Grand Final,DRX vs T1,ban,Pearl,8185
VCT 2025: Americas Kickoff,Main Event,Lower Round 4,MIBR vs KRÜ Esports,ban,Lotus,7386
VCT 2025: China Kickoff,Main Event,Lower Round 3,FunPlus Phoenix vs Dragon Ranger Gaming,pick,Abyss,11981
VCT 2025: Americas Stage 2,Playoffs,Upper Semifinals,Sentinels vs Cloud9,pick,Icebox,188
VCT 2025: EMEA Stage 2,Group Stage,Week 1,FUT Esports vs Gentle Mates,pick,Bind,1184
VCT 2025: EMEA Stage 2,Group Stage,Week 2,KOI vs FNATIC,pick,Haven,7035
VCT 2025: EMEA Stage 2,Group Stage,Week 5,Team Liquid vs Karmine Corp,pick,Lotus,474
VCT 2025: EMEA Stage 2,Playoffs,Upper Round 1,GIANTX vs Natus Vincere,ban,Sunset,4915
VCT 2025: EMEA Stage 2,Playoffs,Lower Round 2,GIANTX vs FNATIC,ban,Ascent,2593
VCT 2025: Pacific Stage 2,Group Stage,Week 1,Nongshim RedForce vs Team Secret,pick,Sunset,11060
VCT 2025: Pacific Stage 2,Group Stage,Week 1,Paper Rex vs DetonatioN FocusMe,ban,Bind,278
VCT 2025: Pacific Stage 2,Group Stage,Week 4,Rex Regum Qeon vs Team Secret,ban,Corrode,6199
VCT 2025: China Stage 2,Group Stage,Week 2,FunPlus Phoenix vs Nova Esports,ban,Icebox,11328
VCT 2025: China Stage 2,Group Stage,Week 2,Trace Esports vs EDward Gaming,ban,Lotus,12685
VCT 2025: China Stage 2,Group Stage,Week 4,Bilibili Gaming vs EDward Gaming,ban,Corrode,1120
VCT 2025: EMEA Stage 1,Group Stage,Week 5,FNATIC vs Team Heretics,ban,Pearl,2593
VCT 2025: EMEA Stage 1,Playoffs,Upper Final,Team Heretics vs FNATIC,pick,Icebox,1001
VCT 2025: EMEA Kickoff,Main Event,Lower Round 2,GIANTX vs Team Liquid,pick,Fracture,14419
VCT 2025: EMEA Kickoff,Main Event,Lower Final,Team Heretics vs Team Liquid,pick,Haven,474
Valorant Champions 2025,Group Stage,Opening (B),Rex Regum Qeon vs FNATIC,ban,Lotus,878
VCT 2025: Americas Stage 2,Group Stage,Week 4,LOUD vs 100 Thieves,ban,Haven,6961
VCT 2025: Americas Stage 2,Group Stage,Week 5,2Game Esports vs Sentinels,ban,Corrode,15072
VCT 2025: Americas Stage 2,Playoffs,Lower Round 2,NRG vs LEVIATÁN,ban,Corrode,2359
VCT 2025: Pacific Stage 2,Group Stage,Week 4,BOOM Esports vs ZETA DIVISION,ban,Haven,466
VCT 2025: China Stage 2,Group Stage,Week 2,JDG Esports vs Bilibili Gaming,pick,Ascent,13576
VCT 2025: China Stage 2,Playoffs,Lower Round 1,EDward Gaming vs Trace Esports,ban,Icebox,1120
Valorant Masters Toronto 2025,Swiss Stage,Round 3 (1-1),Bilibili Gaming vs Wolves Esports,ban,Haven,12010
VCT 2025: EMEA Stage 1,Group Stage,Week 1,FUT Esports vs KOI,pick,Pearl,1184
VCT 2025: EMEA Stage 1,Group Stage,Week 5,GIANTX vs Apeks,pick,Lotus,11479
VCT 2025: Pacific Stage 1,Group Stage,Week 4,Nongshim RedForce vs Team Secret,ban,Haven,6199
VCT 2025: Pacific Stage 1,Group Stage,Week 5,Rex Regum Qeon vs Team Secret,pick,Ascent,6199
VCT 2025: Americas Stage 1,Group Stage,Week 2,100 Thieves vs Evil Geniuses,ban,Pearl,120
VCT 2025: EMEA Kickoff,Main Event,Lower Round 3,FUT Esports vs FNATIC,ban,Bind,2593
VCT 2025: Americas Kickoff,Main Event,Lower Round 1,100 Thieves vs NRG,pick,Pearl,
VCT 2025: China Kickoff,Main Event,Upper Final,Bilibili Gaming vs Trace Esports,pick,Haven,12010
VCT 2025: China Kickoff,Main Event,Grand Final,Trace Esports vs EDward Gaming,pick,Fracture,1120
Valorant Champions 2025,Group Stage,Opening (C),Team Liquid vs DRX,ban,Sunset,8185
Valorant Champions 2025,Group Stage,Decider (B),MIBR vs Rex Regum Qeon,ban,Ascent,7386
VCT 2025: Americas Stage 2,Group Stage,Week 3,MIBR vs 100 Thieves,ban,Lotus,120
VCT 2025: Americas Stage 2,Group Stage,Week 3,G2 Esports vs Evil Geniuses,pick,Corrode,11058
VCT 2025: Americas Stage 2,Group Stage,Week 5,MIBR vs LOUD,pick,Sunset,6961
VCT 2025: EMEA Stage 2,Group Stage,Week 4,FUT Esports vs Team Heretics,ban,Corrode,1001
VCT 2025: Pacific Stage 2,Playoffs,Grand Final,Paper Rex vs Rex Regum Qeon,ban,Icebox,624
VCT 2025: China Stage 2,Playoffs,Upper Final,Dragon Ranger Gaming vs Bilibili Gaming,pick,Haven,12010
VCT 2025: EMEA Stage 1,Group Stage,Week 1,Team Liquid vs Gentle Mates,pick,Split,474
VCT 2025: EMEA Stage 1,Group Stage,Week 1,Team Liquid vs Gentle Mates,ban,Fracture,12694
VCT 2025: Pacific Stage 1,Group Stage,Week 3,DRX vs Global Esports,ban,Lotus,918
VCT 2025: Pacific Stage 1,Playoffs,Upper Final,Gen.G vs Rex Regum Qeon,pick,Icebox,878
VCT 2025: Americas Stage 1,Playoffs,Upper Semifinals,KRÜ Esports vs MIBR,ban,Split,7386
VCT 2025: Pacific Kickoff,Main Event,Upper Round 1,DetonatioN FocusMe vs Rex Regum Qeon,pick,Pearl,278
Valorant Champions 2025,Group Stage,Opening (D),Dragon Ranger Gaming vs T1,ban,Haven,14
VCT 2025: Pacific Stage 2,Group Stage,Week 1,Rex Regum Qeon vs Global Esports,ban,Icebox,878
VCT 2025: China Stage 2,Group Stage,Week 4,TYLOO vs JDG Esports,ban,Lotus,731
VCT 2025: China Stage 2,Playoffs,Upper Semifinals,Bilibili Gaming vs TYLOO,ban,Ascent,12010
Valorant Masters Toronto 2025,Swiss Stage,Round 1,Gen.G vs MIBR,ban,Pearl,7386
VCT 2025: EMEA Stage 1,Group Stage,Week 1,BBL Esports vs Karmine Corp,ban,Ascent,8877
VCT 2025: Pacific Stage 1,Group Stage,Week 2,BOOM Esports vs Global Esports,ban,Pearl,466
VCT 2025: Americas Stage 1,Group Stage,Week 4,KRÜ Esports vs Evil Geniuses,pick,Pearl,5248
VCT 2025: Americas Stage 1,Group Stage,Week 5,LEVIATÁN vs NRG,ban,Pearl,2359
VCT 2025: EMEA Kickoff,Main Event,Upper Quarterfinals,Team Vitality vs Karmine Corp,ban,Fracture,8877
VCT 2025: EMEA Kickoff,Main Event,Lower Round 1,Team Liquid vs Apeks,ban,Bind,11479
VCT 2025: Pacific Kickoff,Main Event,Upper Quarterfinals,TALON vs Global Esports,pick,Split,918
VCT 2025: Americas Kickoff,Main Event,Upper Semifinals,G2 Esports vs LEVIATÁN,ban,Lotus,11058
VCT 2025: China Kickoff,Main Event,Lower Final,Bilibili Gaming vs EDward Gaming,pick,Lotus,12010
Valorant Champions 2025,Group Stage,Opening (A),GIANTX vs Sentinels,ban,Ascent,2
VCT 2025: Americas Stage 2,Group Stage,Week 1,MIBR vs KRÜ Esports,ban,Lotus,2355
VCT 2025: China Stage 2,Group Stage,Week 3,TYLOO vs EDward Gaming,ban,Sunset,731
VCT 2025: China Stage 2,Group Stage,Week 4,EDward Gaming vs JDG Esports,ban,Sunset,13576
Valorant Masters Toronto 2025,Playoffs,Upper Semifinals,Wolves Esports vs Gen.G,ban,Haven,13790
VCT 2025: Pacific Stage 1,Group Stage,Week 1,T1 vs ZETA DIVISION,ban,Icebox,5448
VCT 2025: Pacific Stage 1,Group Stage,Week 1,TALON vs Team Secret,pick,Fracture,8304
VCT 2025: Pacific Stage 1,Group Stage,Week 4,Gen.G vs Global Esports,pick,Pearl,918
VCT 2025: China Stage 1,Group Stage,Week 2,Nova Esports vs EDward Gaming,ban,Split,1120
VCT 2025: Americas Kickoff,Main Event,Lower Round 1,KRÜ Esports vs 2Game Esports,ban,Fracture,15072
VCT 2025: EMEA Stage 2,Group Stage,Week 2,FUT Esports vs Team Vitality,ban,Icebox,1184
VCT 2025: EMEA Stage 2,Group Stage,Week 5,Team Liquid vs Karmine Corp,ban,Icebox,474
VCT 2025: Pacific Stage 2,Playoffs,Grand Final,Paper Rex vs Rex Regum Qeon,pick,Ascent,878
VCT 2025: Pacific Stage 1,Group Stage,Week 1,DRX vs Paper Rex,ban,Pearl,8185
VCT 2025: China Stage 1,Group Stage,Week 3,JDG Esports vs Trace Esports,ban,Split,13576
VCT 2025: China Stage 1,Playoffs,Upper Semifinals,Bilibili Gaming vs Wolves Esports,pick,Haven,12010
VCT 2025: Pacific Kickoff,Main Event,Upper Round 1,BOOM Esports vs T1,ban,Split,466
VCT 2025: China Kickoff,Main Event,Lower Round 3,FunPlus Phoenix vs Dragon Ranger Gaming,ban,Fracture,11981
Valorant Champions 2025,Group Stage,Winner's (C),DRX vs NRG,pick,Corrode,
Valorant Champions 2025,Playoffs,Upper Quarterfinals,FNATIC vs DRX,ban,Bind,8185
VCT 2025: Americas Stage 2,Group Stage,Week 3,MIBR vs 100 Thieves,ban,Sunset,7386
VCT 2025: EMEA Stage 2,Group Stage,Week 2,Team Liquid vs Natus Vincere,pick,Corrode,4915
VCT 2025: Pacific Stage 2,Group Stage,Week 3,TALON vs T1,ban,Haven,8304
VCT 2025: China Stage 2,Playoffs,Lower Round 1,All Gamers vs FunPlus Phoenix,ban,Lotus,11328
VCT 2025: EMEA Stage 1,Group Stage,Week 2,FUT Esports vs Gentle Mates,ban,Split,12694
VCT 2025: EMEA Stage 1,Playoffs,Grand Final,FNATIC vs Team Heretics,pick,Split,2593
VCT 2025: Pacific Stage 1,Group Stage,Week 1,T1 vs ZETA DIVISION,ban,Ascent,14
VCT 2025: Americas Stage 1,Group Stage,Week 3,Cloud9 vs MIBR,ban,Ascent,188
VCT 2025: Americas Stage 1,Playoffs,Lower Round 2,G2 Esports vs 100 Thieves,ban,Lotus,120
VCT 2025: EMEA Kickoff,Main Event,Upper Round 1,Karmine Corp vs Natus Vincere,pick,Bind,8877
VCT 2025: EMEA Kickoff,Main Event,Upper Round 1,Apeks vs Gentle Mates,ban,Abyss,11479
VCT 2025: Americas Kickoff,Main Event,Upper Round 1,MIBR vs 100 Thieves,ban,Fracture,7386
VCT 2025: China Kickoff,Main Event,Lower Round 1,Xi Lai Gaming vs All Gamers,pick,Abyss,1119
Valorant Champions 2025,Playoffs,Lower Round 2,Paper Rex vs Team Heretics,ban,Abyss,1001
VCT 2025: Americas Stage 2,Group Stage,Week 3,2Game Esports vs FURIA,pick,Sunset,15072
VCT 2025: Americas Stage 2,Group Stage,Week 3,MIBR vs 100 Thieves,pick,Icebox,7386
VCT 2025: EMEA Stage 2,Group Stage,Week 4,Team Vitality vs BBL Esports,ban,Ascent,2059
VCT 2025: Pacific Stage 2,Group Stage,Week 1,DRX vs Gen.G,pick,Haven,17
VCT 2025: Pacific Stage 2,Group Stage,Week 3,TALON vs T1,pick,Corrode,8304
VCT 2025: China Stage 2,Playoffs,Lower Round 1,EDward Gaming vs Trace Esports,ban,Haven,12685
Valorant Masters Toronto 2025,Playoffs,Lower Round 2,Gen.G vs G2 Esports,ban,Ascent,17
VCT 2025: EMEA Stage 1,Group Stage,Week 4,Gentle Mates vs BBL Esports,ban,Icebox,397
VCT 2025: Americas Kickoff,Main Event,Upper Round 1,2Game Esports vs FURIA,ban,Pearl,2406
VCT 2025: Americas Kickoff,Main Event,Upper Final,Sentinels vs G2 Esports,pick,Pearl,2
Valorant Champions 2025,Playoffs,Upper Final,FNATIC vs NRG,ban,Corrode,2593
VCT 2025: Americas Stage 2,Playoffs,Upper Final,Sentinels vs G2 Esports,ban,Lotus,11058
VCT 2025: EMEA Stage 2,Group Stage,Week 2,Apeks vs Karmine Corp,pick,Icebox,8877
VCT 2025: EMEA Stage 2,Group Stage,Week 5,Apeks vs FNATIC,ban,Haven,2593
VCT 2025: Pacific Stage 2,Group Stage,Week 1,T1 vs Paper Rex,pick,Haven,14
VCT 2025: Pacific Stage 2,Group Stage,Week 4,DRX vs Global Esports,pick,Icebox,918
VCT 2025: China Stage 2,Group Stage,Week 2,All Gamers vs Wolves Esports,ban,Sunset,13790
VCT 2025: China Stage 2,Group Stage,Week 2,All Gamers vs Wolves Esports,pick,Bind,13790
VCT 2025: China Stage 2,Group Stage,Week 3,Nova Esports vs All Gamers,ban,Bind,12064
Valorant Masters Toronto 2025,Swiss Stage,Round 1,Gen.G vs MIBR,ban,Lotus,7386
VCT 2025: EMEA Stage 1,Group Stage,Week 4,Natus Vincere vs Team Heretics,ban,Lotus,4915
VCT 2025: EMEA Stage 1,Playoffs,Lower Round 1,Natus Vincere vs Karmine Corp,pick,Icebox,8877
VCT 2025: Pacific Stage 1,Group Stage,Week 5,DRX vs Gen.G,ban,Icebox,17
VCT 2025: China Stage 1,Group Stage,Week 2,Titan Esports Club vs Dragon Ranger Gaming,pick,Lotus,11981
VCT 2025: Americas Stage 1,Group Stage,Week 2,NRG vs FURIA,pick,Lotus,
VCT 2025: Pacific Kickoff,Main Event,Lower Round 2,DetonatioN FocusMe vs Paper Rex,ban,Lotus,624
VCT 2025: Americas Stage 2,Group Stage,Week 1,Evil Geniuses vs 2Game Esports,ban,Haven,5248
VCT 2025: EMEA Stage 2,Group Stage,Week 5,GIANTX vs Team Heretics,ban,Bind,14419
VCT 2025: Pacific Stage 2,Group Stage,Week 1,TALON vs ZETA DIVISION,ban,Corrode,5448
VCT 2025: Pacific Stage 2,Group Stage,Week 3,Nongshim RedForce vs Global Esports,ban,Haven,918
VCT 2025: Pacific Stage 2,Playoffs,Upper Round 1,Rex Regum Qeon vs T1,pick,Bind,14
VCT 2025: EMEA Stage 1,Group Stage,Week 3,Team Liquid vs FUT Esports,ban,Fracture,1184
VCT 2025: Americas Stage 1,Group Stage,Week 1,G2 Esports vs FURIA,pick,Ascent,2406
VCT 2025: Americas Stage 1,Group Stage,Week 5,KRÜ Esports vs 100 Thieves,ban,Pearl,120
VCT 2025: Pacific Kickoff,Main Event,Upper Round 1,BOOM Esports vs T1,ban,Haven,466
VCT 2025: Pacific Kickoff,Main Event,Upper Quarterfinals,TALON vs Global Esports,ban,Fracture,918
VCT 2025: China Kickoff,Main Event,Lower Round 4,Dragon Ranger Gaming vs EDward Gaming,ban,Split,1120
Valorant Champions 2025,Group Stage,Winner's (C),DRX vs NRG,ban,Sunset,8185
Valorant Champions 2025,Playoffs,Lower Round 2,MIBR vs DRX,ban,Corrode,8185
VCT 2025: Americas Stage 2,Group Stage,Week 3,LEVIATÁN vs NRG,pick,Lotus,
VCT 2025: EMEA Stage 2,Group Stage,Week 3,FUT Esports vs GIANTX,ban,Corrode,14419
VCT 2025: EMEA Stage 2,Group Stage,Week 4,KOI vs Apeks,pick,Lotus,7035
VCT 2025: EMEA Stage 2,Playoffs,Upper Round 1,FNATIC vs BBL Esports,ban,Sunset,2593
VCT 2025: China Stage 2,Group Stage,Week 2,JDG Esports vs Bilibili Gaming,ban,Haven,12010
VCT 2025: China Stage 2,Group Stage,Week 3,Titan Esports Club vs JDG Esports,pick,Haven,14137
Valorant Masters Toronto 2025,Playoffs,Lower Round 1,Xi Lai Gaming vs G2 Esports,ban,Sunset,11058
Valorant Masters Toronto 2025,Playoffs,Lower Round 2,Sentinels vs FNATIC,ban,Pearl,2593
VCT 2025: EMEA Stage 1,Playoffs,Lower Round 1,FUT Esports vs Team Vitality,ban,Pearl,2059
VCT 2025: EMEA Stage 1,Playoffs,Grand Final,FNATIC vs Team Heretics,ban,Pearl,2593
VCT 2025: China Stage 1,Group Stage,Week 1,JDG Esports vs Wolves Esports,ban,Ascent,13576
VCT 2025: China Stage 1,Group Stage,Week 2,Nova Esports vs EDward Gaming,ban,Haven,12064
VCT 2025: China Stage 1,Group Stage,Week 2,Wolves Esports vs Trace Esports,pick,Fracture,12685
VCT 2025: China Stage 1,Group Stage,Week 4,Bilibili Gaming vs Wolves Esports,pick,Haven,12010
VCT 2025: Americas Stage 1,Group Stage,Week 4,FURIA vs Cloud9,ban,Ascent,188
VCT 2025: EMEA Kickoff,Main Event,Lower Round 2,Gentle Mates vs FNATIC,ban,Lotus,12694
VCT 2025: Americas Kickoff,Main Event,Upper Quarterfinals,LEVIATÁN vs FURIA,ban,Lotus,2359
VCT 2025: China Kickoff,Main Event,Lower Round 1,Nova Esports vs Wolves Esports,ban,Pearl,12064
Valorant Champions 2025,Group Stage,Decider (B),MIBR vs Rex Regum Qeon,ban,Bind,878
VCT 2025: Americas Stage 2,Group Stage,Week 1,Sentinels vs G2 Esports,ban,Haven,11058
VCT 2025: Americas Stage 2,Group Stage,Week 2,NRG vs LOUD,ban,Icebox,6961
VCT 2025: EMEA Stage 2,Group Stage,Week 1,FUT Esports vs Gentle Mates,ban,Ascent,12694
VCT 2025: EMEA Stage 2,Group Stage,Week 3,Team Liquid vs Apeks,ban,Bind,11479
VCT 2025: Pacific Stage 1,Playoffs,Upper Round 1,DRX vs T1,ban,Icebox,14
VCT 2025: Pacific Stage 1,Playoffs,Upper Semifinals,BOOM Esports vs Gen.G,ban,Lotus,466
VCT 2025: China Stage 1,Group Stage,Week 2,Nova Esports vs EDward Gaming,ban,Icebox,12064
VCT 2025: Americas Stage 1,Group Stage,Week 5,Sentinels vs 2Game Esports,ban,Fracture,15072
VCT 2025: Americas Stage 1,Playoffs,Lower Round 1,100 Thieves vs NRG,ban,Split,
VCT 2025: Pacific Kickoff,Main Event,Upper Semifinals,T1 vs TALON,ban,Split,8304
VCT 2025: Americas Kickoff,Main Event,Lower Round 1,FURIA vs Evil Geniuses,ban,Pearl,2406
VCT 2025: Americas Kickoff,Main Event,Lower Round 1,Cloud9 vs MIBR,ban,Haven,188
Valorant Champions 2025,Group Stage,Opening (D),G2 Esports vs Team Heretics,ban,Bind,1001
Valorant Champions 2025,Playoffs,Grand Final,NRG vs FNATIC,ban,Haven,
VCT 2025: Americas Stage 2,Group Stage,Week 3,LOUD vs KRÜ Esports,ban,Sunset,2355
VCT 2025: Americas Stage 2,Group Stage,Week 4,Sentinels vs Evil Geniuses,ban,Haven,5248
VCT 2025: Americas Stage 2,Playoffs,Upper Semifinals,Sentinels vs Cloud9,ban,Ascent,2
VCT 2025: Americas Stage 2,Playoffs,Upper Final,Sentinels vs G2 Esports,ban,Ascent,2
VCT 2025: EMEA Stage 2,Playoffs,Upper Round 1,GIANTX vs Natus Vincere,ban,Lotus,4915
VCT 2025: Pacific Stage 2,Group Stage,Week 1,BOOM Esports vs T1,ban,Haven,14
VCT 2025: Pacific Stage 2,Group Stage,Week 1,TALON vs ZETA DIVISION,pick,Bind,5448
VCT 2025: Pacific Stage 2,Playoffs,Upper Semifinals,DRX vs TALON,ban,Ascent,8304
VCT 2025: Pacific Stage 2,Playoffs,Lower Round 2,DRX vs Rex Regum Qeon,ban,Lotus,878
VCT 2025: China Stage 2,Group Stage,Week 3,Xi Lai Gaming vs FunPlus Phoenix,ban,Corrode,13581
VCT 2025: China Stage 2,Playoffs,Grand Final,Dragon Ranger Gaming vs Bilibili Gaming,ban,Bind,11981
Valorant Masters Toronto 2025,Swiss Stage,Round 1,Sentinels vs Wolves Esports,ban,Pearl,13790
VCT 2025: EMEA Stage 1,Group Stage,Week 4,Team Liquid vs KOI,ban,Fracture,7035
VCT 2025: Pacific Stage 1,Group Stage,Week 1,TALON vs Team Secret,ban,Split,8304
VCT 2025: Pacific Stage 1,Group Stage,Week 5,DRX vs Gen.G,ban,Haven,8185
VCT 2025: Americas Stage 1,Group Stage,Week 1,2Game Esports vs Evil Geniuses,ban,Icebox,5248
VCT 2025: Americas Stage 1,Group Stage,Week 5,Sentinels vs 2Game Esports,pick,Haven,15072
VCT 2025: Americas Stage 1,Playoffs,Lower Round 3,G2 Esports vs Evil Geniuses,ban,Ascent,11058
VCT 2025: EMEA Kickoff,Main Event,Upper Quarterfinals,Team Heretics vs Gentle Mates,ban,Split,1001
VCT 2025: EMEA Kickoff,Main Event,Upper Semifinals,FUT Esports vs Team Vitality,ban,Haven,1184
Valorant Champions 2025,Playoffs,Lower Final,FNATIC vs DRX,pick,Sunset,2593
VCT 2025: EMEA Stage 2,Group Stage,Week 2,Gentle Mates vs Team Heretics,ban,Haven,12694
VCT 2025: EMEA Stage 2,Group Stage,Week 3,FUT Esports vs GIANTX,pick,Haven,14419
VCT 2025: EMEA Stage 2,Group Stage,Week 5,FUT Esports vs BBL Esports,pick,Ascent,1184
VCT 2025: EMEA Stage 2,Playoffs,Lower Round 1,FNATIC vs Karmine Corp,ban,Lotus,2593
VCT 2025: EMEA Stage 2,Playoffs,Lower Final,BBL Esports vs GIANTX,pick,Lotus,14419
VCT 2025: Pacific Stage 2,Group Stage,Week 4,TALON vs Paper Rex,ban,Sunset,8304
VCT 2025: Pacific Stage 2,Playoffs,Lower Round 2,DRX vs Rex Regum Qeon,pick,Corrode,8185
VCT 2025: China Stage 2,Group Stage,Week 3,Titan Esports Club vs Bilibili Gaming,ban,Haven,14137
Valorant Masters Toronto 2025,Playoffs,Upper Quarterfinals,FNATIC vs Gen.G,pick,Haven,17
VCT 2025: EMEA Stage 1,Group Stage,Week 5,Gentle Mates vs KOI,ban,Pearl,7035
VCT 2025: Americas Stage 1,Group Stage,Week 3,G2 Esports vs NRG,ban,Split,
VCT 2025: Pacific Kickoff,Main Event,Grand Final,DRX vs T1,pick,Abyss,8185
VCT 2025: Americas Kickoff,Main Event,Upper Quarterfinals,G2 Esports vs Cloud9,ban,Fracture,11058
VCT 2025: Americas Kickoff,Main Event,Lower Round 2,Evil Geniuses vs MIBR,ban,Lotus,7386
VCT 2025: Americas Kickoff,Main Event,Lower Round 3,LOUD vs KRÜ Esports,pick,Bind,2355
VCT 2025: Americas Kickoff,Main Event,Lower Round 3,LOUD vs KRÜ Esports,ban,Split,6961
VCT 2025: China Kickoff,Main Event,Lower Round 1,Dragon Ranger Gaming vs TYLOO,ban,Bind,11981
VCT 2025: China Kickoff,Main Event,Lower Round 1,Nova Esports vs Wolves Esports,ban,Lotus,13790
VCT 2025: EMEA Stage 2,Group Stage,Week 1,Team Heretics vs BBL Esports,ban,Ascent,397
VCT 2025: Pacific Stage 2,Group Stage,Week 3,Rex Regum Qeon vs DRX,ban,Sunset,8185
VCT 2025: China Stage 2,Playoffs,Upper Final,Dragon Ranger Gaming vs Bilibili Gaming,ban,Corrode,12010
Valorant Masters Toronto 2025,Playoffs,Lower Round 1,Xi Lai Gaming vs G2 Esports,ban,Split,13581
VCT 2025: Pacific Stage 1,Group Stage,Week 4,Gen.G vs Global Esports,ban,Fracture,17
VCT 2025: China Stage 1,Playoffs,Lower Round 2,Bilibili Gaming vs Trace Esports,ban,Split,12010
VCT 2025: Americas Stage 1,Group Stage,Week 1,G2 Esports vs FURIA,ban,Pearl,2406
VCT 2025: Americas Stage 1,Playoffs,Lower Round 1,100 Thieves vs NRG,pick,Haven,
VCT 2025: Americas Stage 1,Playoffs,Upper Semifinals,KRÜ Esports vs MIBR,ban,Pearl,2355
VCT 2025: China Kickoff,Main Event,Upper Round 1,TYLOO vs Titan Esports Club,ban,Lotus,731
Valorant Champions 2025,Group Stage,Opening (A),Paper Rex vs Xi Lai Gaming,ban,Corrode,13581
Valorant Champions 2025,Group Stage,Opening (A),GIANTX vs Sentinels,ban,Bind,2
VCT 2025: Americas Stage 2,Group Stage,Week 1,LEVIATÁN vs LOUD,pick,Ascent,6961
VCT 2025: EMEA Stage 2,Group Stage,Week 4,KOI vs Apeks,pick,Ascent,11479
VCT 2025: Pacific Stage 2,Group Stage,Week 1,Nongshim RedForce vs Team Secret,pick,Ascent,6199
VCT 2025: Pacific Stage 2,Group Stage,Week 2,Gen.G vs Global Esports,ban,Sunset,918
VCT 2025: Pacific Stage 2,Playoffs,Upper Round 1,TALON vs Nongshim RedForce,ban,Ascent,8304
VCT 2025: China Stage 2,Group Stage,Week 3,Wolves Esports vs Dragon Ranger Gaming,pick,Icebox,13790
VCT 2025: EMEA Stage 1,Group Stage,Week 3,Team Liquid vs FUT Esports,ban,Pearl,474
VCT 2025: EMEA Stage 1,Group Stage,Week 4,Team Liquid vs KOI,ban,Pearl,474
VCT 2025: Pacific Stage 1,Group Stage,Week 3,DRX vs Global Esports,ban,Haven,8185
VCT 2025: Pacific Stage 1,Playoffs,Lower Round 1,TALON vs Nongshim RedForce,ban,Lotus,8304
VCT 2025: China Stage 1,Group Stage,Week 3,All Gamers vs Bilibili Gaming,ban,Split,1119
VCT 2025: China Stage 1,Playoffs,Lower Round 2,Bilibili Gaming vs Trace Esports,ban,Pearl,12010
VCT 2025: Americas Stage 1,Playoffs,Grand Final,Sentinels vs G2 Esports,ban,Lotus,2
VCT 2025: Pacific Kickoff,Main Event,Upper Semifinals,Gen.G vs DRX,ban,Fracture,17
VCT 2025: Americas Kickoff,Main Event,Upper Semifinals,LOUD vs Sentinels,pick,Pearl,2
Valorant Champions 2025,Group Stage,Opening (C),Team Liquid vs DRX,pick,Bind,474
Valorant Champions 2025,Group Stage,Winner's (B),MIBR vs FNATIC,ban,Sunset,2593
Valorant Champions 2025,Group Stage,Elimination (A),Xi Lai Gaming vs Sentinels,pick,Lotus,2
Valorant Champions 2025,Playoffs,Upper Semifinals,FNATIC vs Paper Rex,pick,Bind,624
VCT 2025: Americas Stage 2,Group Stage,Week 5,2Game Esports vs Sentinels,ban,Icebox,15072
VCT 2025: Americas Stage 2,Group Stage,Week 5,G2 Esports vs Cloud9,pick,Lotus,188
VCT 2025: EMEA Stage 2,Playoffs,Lower Round 1,FNATIC vs Karmine Corp,pick,Haven,8877
Valorant Masters Toronto 2025,Playoffs,Lower Round 3,G2 Esports vs FNATIC,ban,Ascent,11058
Valorant Masters Toronto 2025,Playoffs,Lower Final,Wolves Esports vs FNATIC,pick,Icebox,13790
VCT 2025: EMEA Stage 1,Group Stage,Week 1,Team Vitality vs GIANTX,pick,Lotus,14419
VCT 2025: EMEA Stage 1,Playoffs,Upper Semifinals,Team Heretics vs BBL Esports,ban,Split,397
VCT 2025: Pacific Stage 1,Group Stage,Week 4,DRX vs BOOM Esports,ban,Split,466
VCT 2025: Pacific Stage 1,Group Stage,Week 4,T1 vs Rex Regum Qeon,ban,Haven,878
VCT 2025: Pacific Stage 1,Group Stage,Week 4,TALON vs ZETA DIVISION,pick,Lotus,8304
VCT 2025: China Stage 1,Group Stage,Week 4,All Gamers vs JDG Esports,pick,Split,1119
Valorant Champions 2025,Group Stage,Decider (D),T1 vs G2 Esports,pick,Lotus,11058
VCT 2025: Americas Stage 2,Group Stage,Week 4,Cloud9 vs 2Game Esports,pick,Lotus,15072
VCT 2025: Americas Stage 2,Group Stage,Week 5,2Game Esports vs Sentinels,pick,Lotus,2
VCT 2025: EMEA Stage 2,Playoffs,Upper Final,BBL Esports vs Team Liquid,ban,Lotus,474
VCT 2025: Pacific Stage 2,Group Stage,Week 1,Global Esports vs Team Secret,pick,Corrode,6199
VCT 2025: China Stage 2,Group Stage,Week 4,Trace Esports vs Titan Esports Club,ban,Ascent,14137
VCT 2025: China Stage 2,Playoffs,Upper Final,Dragon Ranger Gaming vs Bilibili Gaming,ban,Ascent,12010
Valorant Masters Toronto 2025,Swiss Stage,Round 3 (1-1),Paper Rex vs Team Liquid,ban,Haven,624
VCT 2025: EMEA Stage 1,Group Stage,Week 3,Team Vitality vs Team Heretics,ban,Fracture,1001
VCT 2025: EMEA Stage 1,Group Stage,Week 5,BBL Esports vs FUT Esports,ban,Haven,1184
VCT 2025: Pacific Stage 1,Group Stage,Week 5,T1 vs TALON,ban,Fracture,14
VCT 2025: Pacific Stage 1,Group Stage,Week 5,Rex Regum Qeon vs Team Secret,ban,Fracture,6199
VCT 2025: Americas Stage 1,Group Stage,Week 3,2Game Esports vs KRÜ Esports,ban,Lotus,15072
VCT 2025: Pacific Kickoff,Main Event,Lower Round 2,Nongshim RedForce vs Rex Regum Qeon,ban,Haven,11060
VCT 2025: Americas Kickoff,Main Event,Lower Round 1,FURIA vs Evil Geniuses,ban,Bind,5248
VCT 2025: China Kickoff,Main Event,Upper Round 1,All Gamers vs Nova Esports,ban,Pearl,1119
VCT 2025: China Kickoff,Main Event,Lower Round 4,Dragon Ranger Gaming vs EDward Gaming,ban,Bind,11981
VCT 2025: Americas Stage 2,Group Stage,Week 3,Sentinels vs Cloud9,ban,Bind,2
VCT 2025: Americas Stage 2,Group Stage,Week 4,Cloud9 vs 2Game Esports,ban,Sunset,188
VCT 2025: Americas Stage 2,Playoffs,Lower Round 1,LEVIATÁN vs KRÜ Esports,pick,Sunset,2355
VCT 2025: EMEA Stage 2,Group Stage,Week 5,Gentle Mates vs Team Vitality,ban,Icebox,2059
VCT 2025: Pacific Stage 2,Group Stage,Week 1,T1 vs Paper Rex,ban,Ascent,624
Valorant Masters Toronto 2025,Playoffs,Upper Quarterfinals,G2 Esports vs Paper Rex,ban,Pearl,11058
VCT 2025: Pacific Stage 1,Group Stage,Week 5,Nongshim RedForce vs ZETA DIVISION,ban,Ascent,5448
VCT 2025: China Stage 1,Group Stage,Week 3,Wolves Esports vs Xi Lai Gaming,pick,Fracture,13581
VCT 2025: China Stage 1,Group Stage,Week 4,Trace Esports vs Xi Lai Gaming,pick,Split,12685
VCT 2025: Americas Stage 1,Group Stage,Week 1,Sentinels vs 100 Thieves,ban,Ascent,2
VCT 2025: Americas Stage 1,Group Stage,Week 4,100 Thieves vs 2Game Esports,pick,Icebox,120
VCT 2025: EMEA Kickoff,Main Event,Upper Round 1,Karmine Corp vs Natus Vincere,ban,Split,8877
VCT 2025: EMEA Kickoff,Main Event,Upper Round 1,Karmine Corp vs Natus Vincere,ban,Pearl,8877
VCT 2025: EMEA Kickoff,Main Event,Upper Final,Team Vitality vs Team Heretics,ban,Fracture,1001
VCT 2025: Pacific Kickoff,Main Event,Lower Round 1,Global Esports vs DetonatioN FocusMe,ban,Haven,918
VCT 2025: Pacific Kickoff,Main Event,Upper Semifinals,Gen.G vs DRX,pick,Bind,17
VCT 2025: Americas Kickoff,Main Event,Upper Final,Sentinels vs G2 Esports,ban,Lotus,11058
VCT 2025: China Kickoff,Main Event,Upper Round 1,TYLOO vs Titan Esports Club,ban,Split,14137
VCT 2025: China Kickoff,Main Event,Lower Round 1,Titan Esports Club vs JDG Esports,ban,Haven,14137
VCT 2025: China Kickoff,Main Event,Upper Semifinals,Bilibili Gaming vs FunPlus Phoenix,pick,Bind,12010
Valorant Champions 2025,Group Stage,Opening (C),NRG vs EDward Gaming,pick,Corrode,
VCT 2025: Americas Stage 2,Group Stage,Week 1,LEVIATÁN vs LOUD,ban,Haven,6961
VCT 2025: Americas Stage 2,Group Stage,Week 2,MIBR vs LEVIATÁN,ban,Icebox,2359
VCT 2025: Americas Stage 2,Group Stage,Week 2,MIBR vs LEVIATÁN,ban,Corrode,2359
VCT 2025: EMEA Stage 2,Group Stage,Week 3,FUT Esports vs GIANTX,ban,Lotus,1184
VCT 2025: EMEA Stage 2,Group Stage,Week 3,Natus Vincere vs FNATIC,pick,Bind,4915
VCT 2025: Pacific Stage 2,Group Stage,Week 2,DRX vs Team Secret,ban,Haven,6199
VCT 2025: Pacific Stage 2,Playoffs,Upper Round 1,TALON vs Nongshim RedForce,ban,Icebox,11060
VCT 2025: Pacific Stage 1,Group Stage,Week 2,T1 vs Nongshim RedForce,ban,Lotus,14
VCT 2025: Pacific Stage 1,Playoffs,Upper Round 1,DRX vs T1,pick,Lotus,14
VCT 2025: China Stage 1,Group Stage,Week 3,Dragon Ranger Gaming vs EDward Gaming,pick,Icebox,1120
VCT 2025: Americas Stage 1,Group Stage,Week 5,G2 Esports vs Cloud9,ban,Ascent,11058
Valorant Masters Bangkok 2025,Swiss Stage,Round 1,Team Vitality vs T1,ban,Lotus,2059
Valorant Masters Bangkok 2025,Swiss Stage,Round 1,G2 Esports vs Trace Esports,ban,Split,11058
VCT 2025: Pacific Kickoff,Main Event,Upper Semifinals,Gen.G vs DRX,ban,Lotus,8185
VCT 2025: Pacific Kickoff,Main Event,Lower Round 3,TALON vs Nongshim RedForce,ban,Fracture,8304
Valorant Champions 2025,Group Stage,Opening (B),Bilibili Gaming vs MIBR,pick,Corrode,7386
VCT 2025: Americas Stage 2,Group Stage,Week 1,MIBR vs KRÜ Esports,ban,Sunset,7386
VCT 2025: EMEA Stage 2,Group Stage,Week 2,FUT Esports vs Team Vitality,ban,Corrode,1184
VCT 2025: EMEA Stage 2,Playoffs,Upper Semifinals,Team Heretics vs BBL Esports,ban,Bind,397
VCT 2025: Pacific Stage 2,Group Stage,Week 4,BOOM Esports vs ZETA DIVISION,pick,Lotus,466
VCT 2025: China Stage 2,Playoffs,Upper Quarterfinals,All Gamers vs TYLOO,ban,Ascent,1119
VCT 2025: China Stage 2,Playoffs,Lower Round 2,Xi Lai Gaming vs All Gamers,ban,Bind,1119
VCT 2025: China Stage 1,Group Stage,Week 2,TYLOO vs FunPlus Phoenix,ban,Fracture,11328
VCT 2025: Americas Stage 1,Group Stage,Week 3,2Game Esports vs KRÜ Esports,ban,Fracture,15072
VCT 2025: EMEA Kickoff,Main Event,Upper Quarterfinals,FUT Esports vs Team Liquid,ban,Bind,1184
VCT 2025: China Kickoff,Main Event,Upper Quarterfinals,EDward Gaming vs Nova Esports,ban,Lotus,1120
VCT 2025: Americas Stage 2,Playoffs,Grand Final,G2 Esports vs NRG,pick,Lotus,
VCT 2025: EMEA Stage 2,Group Stage,Week 4,Natus Vincere vs Karmine Corp,ban,Lotus,4915
VCT 2025: EMEA Stage 2,Playoffs,Lower Round 2,Team Heretics vs Natus Vincere,pick,Icebox,4915
VCT 2025: EMEA Stage 2,Playoffs,Lower Final,BBL Esports vs GIANTX,pick,Sunset,14419
VCT 2025: Pacific Stage 2,Group Stage,Week 1,Rex Regum Qeon vs Gen.G,ban,Icebox,878
VCT 2025: Pacific Stage 2,Group Stage,Week 3,Gen.G vs Team Secret,ban,Icebox,6199
VCT 2025: Pacific Stage 2,Group Stage,Week 4,Gen.G vs Nongshim RedForce,ban,Haven,11060
VCT 2025: Pacific Stage 2,Playoffs,Lower Round 3,T1 vs Rex Regum Qeon,pick,Ascent,14
VCT 2025: China Stage 2,Playoffs,Upper Quarterfinals,All Gamers vs TYLOO,ban,Corrode,1119
VCT 2025: EMEA Stage 1,Group Stage,Week 5,GIANTX vs Apeks,ban,Fracture,11479
VCT 2025: Pacific Stage 1,Group Stage,Week 5,DRX vs Gen.G,pick,Split,8185
VCT 2025: Pacific Stage 1,Playoffs,Lower Round 1,TALON vs Nongshim RedForce,ban,Fracture,11060
VCT 2025: China Stage 1,Group Stage,Week 1,Xi Lai Gaming vs Bilibili Gaming,ban,Split,12010
VCT 2025: China Stage 1,Group Stage,Week 5,EDward Gaming vs FunPlus Phoenix,pick,Split,1120
VCT 2025: Americas Stage 1,Group Stage,Week 1,MIBR vs LEVIATÁN,pick,Icebox,7386
VCT 2025: Americas Stage 1,Group Stage,Week 4,G2 Esports vs LEVIATÁN,ban,Split,2359
Valorant Masters Bangkok 2025,Swiss Stage,Round 3,T1 vs DRX,pick,Fracture,8185
VCT 2025: China Kickoff,Main Event,Upper Quarterfinals,Trace Esports vs Dragon Ranger Gaming,ban,Fracture,11981
VCT 2025: Pacific Stage 2,Playoffs,Upper Semifinals,DRX vs TALON,pick,Bind,8304
VCT 2025: China Stage 2,Playoffs,Grand Final,Dragon Ranger Gaming vs Bilibili Gaming,ban,Icebox,11981
VCT 2025: Americas Stage 1,Group Stage,Week 3,Evil Geniuses vs Sentinels,ban,Ascent,2
VCT 2025: Americas Stage 1,Group Stage,Week 3,100 Thieves vs LOUD,pick,Icebox,6961
Valorant Masters Bangkok 2025,Swiss Stage,Round 1,DRX vs Sentinels,ban,Pearl,8185
VCT 2025: Americas Kickoff,Main Event,Upper Quarterfinals,G2 Esports vs Cloud9,pick,Abyss,11058
VCT 2025: China Kickoff,Main Event,Upper Quarterfinals,EDward Gaming vs Nova Esports,ban,Haven,12064
VCT 2025: Americas Stage 2,Group Stage,Week 3,2Game Esports vs FURIA,ban,Bind,15072
VCT 2025: EMEA Stage 2,Playoffs,Lower Final,BBL Esports vs GIANTX,pick,Bind,397
VCT 2025: Pacific Stage 2,Group Stage,Week 1,BOOM Esports vs T1,ban,Lotus,466
VCT 2025: China Stage 2,Group Stage,Week 2,TYLOO vs Titan Esports Club,ban,Corrode,14137
VCT 2025: Pacific Stage 1,Group Stage,Week 1,TALON vs Team Secret,ban,Lotus,8304
VCT 2025: Pacific Stage 1,Playoffs,Upper Round 1,TALON vs Gen.G,ban,Split,8304
VCT 2025: China Stage 1,Group Stage,Week 3,Dragon Ranger Gaming vs EDward Gaming,ban,Lotus,1120
VCT 2025: China Stage 1,Group Stage,Week 4,Bilibili Gaming vs Wolves Esports,ban,Fracture,13790
VCT 2025: China Stage 1,Playoffs,Lower Round 1,Titan Esports Club vs Dragon Ranger Gaming,ban,Haven,14137
VCT 2025: Americas Stage 1,Group Stage,Week 4,FURIA vs Cloud9,ban,Icebox,2406
VCT 2025: Americas Stage 1,Group Stage,Week 5,MIBR vs FURIA,ban,Lotus,7386
VCT 2025: Americas Stage 1,Playoffs,Lower Round 2,KRÜ Esports vs Evil Geniuses,ban,Haven,5248
Valorant Masters Bangkok 2025,Swiss Stage,Round 2 (1-0),DRX vs Team Vitality,ban,Fracture,2059
VCT 2025: Pacific Kickoff,Main Event,Upper Round 1,ZETA DIVISION vs Nongshim RedForce,ban,Fracture,5448
VCT 2025: Pacific Kickoff,Main Event,Upper Quarterfinals,DRX vs Nongshim RedForce,ban,Haven,8185
VCT 2025: Americas Kickoff,Main Event,Lower Round 1,KRÜ Esports vs 2Game Esports,ban,Lotus,15072
VCT 2025: Americas Stage 2,Group Stage,Week 1,Sentinels vs G2 Esports,ban,Sunset,11058
VCT 2025: Americas Stage 2,Playoffs,Upper Round 1,G2 Esports vs 100 Thieves,ban,Bind,11058
VCT 2025: EMEA Stage 2,Group Stage,Week 3,KOI vs Karmine Corp,ban,Corrode,8877
VCT 2025: Pacific Stage 2,Group Stage,Week 1,DRX vs Nongshim RedForce,ban,Corrode,11060
VCT 2025: China Stage 2,Group Stage,Week 2,Trace Esports vs TYLOO,ban,Lotus,12685
VCT 2025: China Stage 2,Group Stage,Week 2,Trace Esports vs EDward Gaming,pick,Bind,12685
Valorant Masters Toronto 2025,Playoffs,Upper Final,Paper Rex vs Wolves Esports,ban,Haven,624
VCT 2025: EMEA Stage 1,Playoffs,Upper Semifinals,Team Heretics vs BBL Esports,pick,Ascent,397
VCT 2025: Pacific Stage 1,Group Stage,Week 2,Gen.G vs Paper Rex,ban,Icebox,17
VCT 2025: Pacific Stage 1,Playoffs,Lower Round 1,TALON vs Nongshim RedForce,pick,Pearl,11060
VCT 2025: Pacific Stage 1,Playoffs,Lower Round 1,T1 vs Paper Rex,pick,Fracture,624
VCT 2025: Pacific Stage 1,Playoffs,Lower Final,Rex Regum Qeon vs Paper Rex,ban,Haven,624
VCT 2025: Americas Stage 1,Group Stage,Week 3,FURIA vs LEVIATÁN,pick,Ascent,2406
VCT 2025: Americas Stage 1,Group Stage,Week 4,Sentinels vs LOUD,ban,Icebox,2
VCT 2025: Americas Stage 1,Group Stage,Week 5,G2 Esports vs Cloud9,pick,Icebox,188
VCT 2025: EMEA Kickoff,Main Event,Upper Final,Team Vitality vs Team Heretics,ban,Pearl,2059
VCT 2025: Americas Kickoff,Main Event,Upper Semifinals,LOUD vs Sentinels,ban,Haven,2
VCT 2025: China Kickoff,Main Event,Lower Round 1,Titan Esports Club vs JDG Esports,ban,Bind,13576
VCT 2025: Americas Stage 1,Group Stage,Week 4,NRG vs MIBR,pick,Haven,
VCT 2025: Americas Stage 2,Group Stage,Week 3,LEVIATÁN vs NRG,pick,Haven,2359
VCT 2025: Americas Stage 2,Group Stage,Week 4,Sentinels vs Evil Geniuses,ban,Icebox,2
VCT 2025: Americas Stage 2,Group Stage,Week 5,G2 Esports vs Cloud9,ban,Sunset,188
VCT 2025: EMEA Stage 2,Group Stage,Week 2,Team Liquid vs Natus Vincere,ban,Lotus,4915
VCT 2025: EMEA Stage 2,Group Stage,Week 4,Natus Vincere vs Karmine Corp,pick,Sunset,8877
VCT 2025: Pacific Stage 2,Group Stage,Week 1,Global Esports vs Team Secret,ban,Haven,6199
VCT 2025: Pacific Stage 2,Group Stage,Week 2,Rex Regum Qeon vs Nongshim RedForce,ban,Bind,11060
VCT 2025: Pacific Stage 2,Group Stage,Week 3,BOOM Esports vs DetonatioN FocusMe,ban,Sunset,466
VCT 2025: China Stage 2,Group Stage,Week 4,Nova Esports vs Xi Lai Gaming,ban,Corrode,13581
Valorant Masters Toronto 2025,Playoffs,Upper Quarterfinals,Rex Regum Qeon vs Wolves Esports,pick,Icebox,878
VCT 2025: EMEA Stage 1,Group Stage,Week 2,Apeks vs Natus Vincere,ban,Fracture,11479
VCT 2025: Pacific Stage 1,Group Stage,Week 1,T1 vs ZETA DIVISION,pick,Split,14
VCT 2025: Pacific Stage 1,Group Stage,Week 1,T1 vs ZETA DIVISION,ban,Lotus,14
VCT 2025: Pacific Stage 1,Group Stage,Week 2,Gen.G vs Paper Rex,pick,Lotus,17
VCT 2025: China Stage 1,Playoffs,Upper Final,Wolves Esports vs Xi Lai Gaming,ban,Split,13581
VCT 2025: EMEA Kickoff,Main Event,Upper Round 1,BBL Esports vs GIANTX,ban,Abyss,14419
VCT 2025: EMEA Kickoff,Main Event,Lower Round 1,FNATIC vs Natus Vincere,pick,Pearl,4915
VCT 2025: EMEA Kickoff,Main Event,Lower Round 3,FUT Esports vs FNATIC,pick,Fracture,2593
VCT 2025: EMEA Kickoff,Main Event,Lower Round 3,BBL Esports vs Team Liquid,ban,Haven,397
VCT 2025: Pacific Kickoff,Main Event,Lower Round 1,Nongshim RedForce vs BOOM Esports,ban,Split,466
Valorant Champions 2025,Group Stage,Decider (C),DRX vs Team Liquid,ban,Haven,474
Valorant Champions 2025,Playoffs,Upper Semifinals,FNATIC vs Paper Rex,ban,Ascent,624
VCT 2025: Americas Stage 2,Group Stage,Week 2,100 Thieves vs KRÜ Esports,ban,Icebox,2355
VCT 2025: Americas Stage 2,Playoffs,Lower Final,Sentinels vs NRG,pick,Sunset,2
VCT 2025: EMEA Stage 2,Group Stage,Week 1,FNATIC vs Karmine Corp,ban,Ascent,8877
VCT 2025: EMEA Stage 2,Group Stage,Week 4,Team Liquid vs FNATIC,ban,Sunset,2593
VCT 2025: Pacific Stage 2,Group Stage,Week 4,BOOM Esports vs ZETA DIVISION,ban,Icebox,466
VCT 2025: China Stage 2,Group Stage,Week 1,JDG Esports vs Trace Esports,pick,Lotus,12685
VCT 2025: China Stage 2,Group Stage,Week 2,All Gamers vs Wolves Esports,ban,Icebox,1119
VCT 2025: China Stage 2,Group Stage,Week 3,Bilibili Gaming vs Trace Esports,pick,Icebox,12010
Valorant Masters Toronto 2025,Swiss Stage,Round 1,Bilibili Gaming vs Team Liquid,ban,Pearl,474
VCT 2025: EMEA Stage 1,Group Stage,Week 4,GIANTX vs FNATIC,ban,Icebox,14419
VCT 2025: EMEA Stage 1,Playoffs,Upper Semifinals,Team Liquid vs FNATIC,ban,Pearl,474
VCT 2025: EMEA Stage 1,Playoffs,Lower Round 2,Team Liquid vs Natus Vincere,pick,Icebox,4915
VCT 2025: China Stage 1,Playoffs,Upper Semifinals,EDward Gaming vs Xi Lai Gaming,pick,Lotus,13581
VCT 2025: Americas Stage 1,Group Stage,Week 3,FURIA vs LEVIATÁN,ban,Icebox,2406
VCT 2025: Americas Stage 1,Group Stage,Week 4,KRÜ Esports vs Evil Geniuses,ban,Icebox,5248
VCT 2025: Americas Stage 1,Playoffs,Lower Round 2,G2 Esports vs 100 Thieves,ban,Icebox,11058
VCT 2025: Pacific Kickoff,Main Event,Upper Semifinals,Gen.G vs DRX,pick,Abyss,8185
VCT 2025: China Kickoff,Main Event,Upper Final,Bilibili Gaming vs Trace Esports,ban,Split,12010
Valorant Champions 2025,Playoffs,Lower Round 2,MIBR vs DRX,pick,Ascent,8185
VCT 2025: Americas Stage 2,Group Stage,Week 2,100 Thieves vs KRÜ Esports,ban,Haven,2355
VCT 2025: Americas Stage 2,Group Stage,Week 3,2Game Esports vs FURIA,ban,Haven,2406
VCT 2025: Americas Stage 2,Group Stage,Week 3,LEVIATÁN vs NRG,ban,Corrode,2359
VCT 2025: Americas Stage 2,Group Stage,Week 3,LOUD vs KRÜ Esports,ban,Corrode,2355
VCT 2025: Americas Stage 2,Playoffs,Upper Round 1,G2 Esports vs 100 Thieves,pick,Haven,11058
VCT 2025: Americas Stage 2,Playoffs,Upper Semifinals,Sentinels vs Cloud9,ban,Haven,188
VCT 2025: EMEA Stage 2,Group Stage,Week 2,FUT Esports vs Team Vitality,pick,Haven,1184
VCT 2025: EMEA Stage 2,Playoffs,Upper Round 1,FNATIC vs BBL Esports,ban,Icebox,2593
VCT 2025: Pacific Stage 2,Playoffs,Lower Round 1,Rex Regum Qeon vs Gen.G,ban,Bind,17
VCT 2025: China Stage 2,Group Stage,Week 2,Trace Esports vs TYLOO,pick,Bind,12685
VCT 2025: China Stage 2,Group Stage,Week 2,All Gamers vs Wolves Esports,pick,Corrode,1119
VCT 2025: EMEA Stage 1,Group Stage,Week 5,BBL Esports vs FUT Esports,ban,Split,1184
VCT 2025: EMEA Stage 1,Playoffs,Upper Semifinals,Team Heretics vs BBL Esports,pick,Icebox,1001
VCT 2025: EMEA Stage 1,Playoffs,Upper Semifinals,Team Heretics vs BBL Esports,ban,Pearl,1001
VCT 2025: Pacific Stage 1,Group Stage,Week 4,Nongshim RedForce vs Team Secret,ban,Icebox,11060
VCT 2025: China Stage 1,Group Stage,Week 3,All Gamers vs Bilibili Gaming,pick,Fracture,1119
VCT 2025: China Stage 1,Playoffs,Lower Round 3,EDward Gaming vs Bilibili Gaming,ban,Ascent,1120
VCT 2025: EMEA Kickoff,Main Event,Upper Round 1,Team Liquid vs KOI,ban,Split,7035
VCT 2025: EMEA Kickoff,Main Event,Lower Round 4,FUT Esports vs Team Liquid,ban,Split,1184
VCT 2025: Americas Kickoff,Main Event,Lower Round 1,KRÜ Esports vs 2Game Esports,ban,Haven,2355
Valorant Champions 2025,Group Stage,Opening (D),Dragon Ranger Gaming vs T1,pick,Sunset,14
VCT 2025: Americas Stage 2,Group Stage,Week 2,MIBR vs LEVIATÁN,pick,Sunset,2359
VCT 2025: EMEA Stage 2,Group Stage,Week 1,Team Vitality vs GIANTX,pick,Sunset,2059
VCT 2025: EMEA Stage 2,Group Stage,Week 4,Gentle Mates vs GIANTX,ban,Bind,12694
VCT 2025: EMEA Stage 2,Group Stage,Week 4,Gentle Mates vs GIANTX,ban,Icebox,14419
VCT 2025: EMEA Stage 2,Group Stage,Week 5,Apeks vs FNATIC,ban,Corrode,11479
VCT 2025: EMEA Stage 2,Playoffs,Lower Round 3,GIANTX vs Natus Vincere,ban,Bind,14419
VCT 2025: Pacific Stage 2,Playoffs,Lower Round 1,Nongshim RedForce vs DetonatioN FocusMe,pick,Ascent,11060
VCT 2025: China Stage 1,Group Stage,Week 4,EDward Gaming vs Titan Esports Club,ban,Fracture,1120
VCT 2025: China Stage 1,Group Stage,Week 5,Wolves Esports vs All Gamers,ban,Split,13790
VCT 2025: Americas Stage 1,Group Stage,Week 1,KRÜ Esports vs LOUD,ban,Ascent,2355
VCT 2025: EMEA Kickoff,Main Event,Upper Quarterfinals,FUT Esports vs Team Liquid,ban,Haven,474
VCT 2025: Pacific Kickoff,Main Event,Upper Quarterfinals,Paper Rex vs T1,ban,Haven,624
VCT 2025: China Kickoff,Main Event,Upper Semifinals,Trace Esports vs EDward Gaming,ban,Haven,12685
VCT 2025: Americas Stage 2,Playoffs,Upper Round 1,G2 Esports vs 100 Thieves,ban,Icebox,11058
VCT 2025: EMEA Stage 2,Group Stage,Week 3,Team Liquid vs Apeks,ban,Icebox,11479
VCT 2025: Pacific Stage 2,Group Stage,Week 2,Gen.G vs Global Esports,pick,Haven,17
VCT 2025: Pacific Stage 2,Group Stage,Week 4,Gen.G vs Nongshim RedForce,pick,Ascent,11060
VCT 2025: Pacific Stage 2,Playoffs,Lower Round 3,T1 vs Rex Regum Qeon,pick,Sunset,878
VCT 2025: China Stage 2,Group Stage,Week 1,JDG Esports vs Trace Esports,pick,Icebox,13576
VCT 2025: China Stage 2,Playoffs,Upper Semifinals,Xi Lai Gaming vs Dragon Ranger Gaming,pick,Lotus,11981
Valorant Masters Toronto 2025,Swiss Stage,Round 1,Gen.G vs MIBR,pick,Haven,17
Valorant Masters Toronto 2025,Swiss Stage,Round 2 (1-0),Paper Rex vs Gen.G,ban,Sunset,17
VCT 2025: Pacific Stage 1,Group Stage,Week 4,Nongshim RedForce vs Team Secret,pick,Pearl,11060
VCT 2025: Pacific Stage 1,Group Stage,Week 5,T1 vs TALON,ban,Ascent,14
VCT 2025: Americas Stage 1,Group Stage,Week 5,Sentinels vs 2Game Esports,ban,Lotus,15072
VCT 2025: EMEA Kickoff,Main Event,Lower Round 3,BBL Esports vs Team Liquid,pick,Pearl,397
VCT 2025: Americas Kickoff,Main Event,Lower Round 1,100 Thieves vs NRG,ban,Abyss,120
VCT 2025: China Kickoff,Main Event,Upper Round 1,JDG Esports vs Dragon Ranger Gaming,ban,Lotus,13576
Valorant Champions 2025,Group Stage,Winner's (C),DRX vs NRG,pick,Haven,8185
VCT 2025: EMEA Stage 2,Group Stage,Week 5,Gentle Mates vs Team Vitality,pick,Corrode,12694
VCT 2025: China Stage 2,Group Stage,Week 2,JDG Esports vs Bilibili Gaming,ban,Bind,13576
Valorant Masters Toronto 2025,Swiss Stage,Round 2 (0-1),Team Liquid vs MIBR,ban,Lotus,7386
VCT 2025: EMEA Stage 1,Group Stage,Week 1,BBL Esports vs Karmine Corp,ban,Split,397
VCT 2025: EMEA Stage 1,Group Stage,Week 3,Team Liquid vs FUT Esports,ban,Icebox,474
VCT 2025: EMEA Stage 1,Group Stage,Week 5,Team Vitality vs Natus Vincere,ban,Lotus,4915
VCT 2025: EMEA Kickoff,Main Event,Upper Round 1,Karmine Corp vs Natus Vincere,ban,Fracture,4915
VCT 2025: Pacific Kickoff,Main Event,Lower Round 4,TALON vs Gen.G,pick,Lotus,17
VCT 2025: Americas Stage 2,Group Stage,Week 2,NRG vs LOUD,ban,Ascent,
VCT 2025: EMEA Stage 2,Group Stage,Week 3,Team Vitality vs Team Heretics,ban,Sunset,2059
VCT 2025: EMEA Stage 2,Group Stage,Week 4,FUT Esports vs Team Heretics,pick,Bind,1184
VCT 2025: EMEA Stage 2,Group Stage,Week 5,GIANTX vs Team Heretics,pick,Abyss,14419
VCT 2025: EMEA Stage 2,Playoffs,Lower Round 2,Team Heretics vs Natus Vincere,ban,Ascent,4915
VCT 2025: Pacific Stage 2,Group Stage,Week 1,TALON vs ZETA DIVISION,ban,Ascent,8304
VCT 2025: Pacific Stage 2,Group Stage,Week 2,T1 vs ZETA DIVISION,ban,Ascent,5448
VCT 2025: China Stage 2,Group Stage,Week 3,Nova Esports vs All Gamers,pick,Haven,12064
VCT 2025: EMEA Stage 1,Group Stage,Week 1,BBL Esports vs Karmine Corp,pick,Icebox,8877
VCT 2025: EMEA Stage 1,Group Stage,Week 1,FUT Esports vs KOI,ban,Ascent,1184
VCT 2025: Pacific Stage 1,Group Stage,Week 3,Paper Rex vs BOOM Esports,pick,Ascent,466
VCT 2025: Americas Stage 1,Group Stage,Week 3,100 Thieves vs LOUD,ban,Lotus,120
VCT 2025: Americas Stage 1,Group Stage,Week 3,Cloud9 vs MIBR,ban,Fracture,7386
VCT 2025: Americas Stage 1,Group Stage,Week 5,LEVIATÁN vs NRG,pick,Icebox,2359
VCT 2025: EMEA Kickoff,Main Event,Upper Quarterfinals,Team Vitality vs Karmine Corp,ban,Pearl,2059
VCT 2025: Pacific Kickoff,Main Event,Upper Quarterfinals,Paper Rex vs T1,ban,Pearl,14
VCT 2025: Americas Kickoff,Main Event,Grand Final,G2 Esports vs Sentinels,pick,Fracture,2
Valorant Champions 2025,Group Stage,Decider (C),DRX vs Team Liquid,pick,Abyss,8185
Valorant Champions 2025,Playoffs,Upper Semifinals,FNATIC vs Paper Rex,ban,Abyss,624
VCT 2025: Americas Stage 2,Group Stage,Week 2,2Game Esports vs G2 Esports,ban,Icebox,15072
VCT 2025: EMEA Stage 2,Group Stage,Week 5,KOI vs Natus Vincere,pick,Icebox,7035
VCT 2025: Pacific Stage 2,Group Stage,Week 2,T1 vs ZETA DIVISION,ban,Lotus,14
VCT 2025: Pacific Stage 2,Group Stage,Week 3,Rex Regum Qeon vs DRX,ban,Corrode,878
VCT 2025: China Stage 2,Group Stage,Week 1,Wolves Esports vs FunPlus Phoenix,ban,Haven,13790
VCT 2025: China Stage 2,Group Stage,Week 2,Trace Esports vs TYLOO,pick,Corrode,731
VCT 2025: China Stage 2,Group Stage,Week 3,Nova Esports vs All Gamers,ban,Sunset,12064
VCT 2025: China Stage 2,Playoffs,Lower Final,Bilibili Gaming vs EDward Gaming,pick,Bind,12010
VCT 2025: EMEA Stage 1,Group Stage,Week 2,Apeks vs Natus Vincere,ban,Icebox,11479
VCT 2025: EMEA Stage 1,Group Stage,Week 2,FUT Esports vs Gentle Mates,pick,Fracture,1184
VCT 2025: EMEA Stage 1,Group Stage,Week 4,Gentle Mates vs BBL Esports,pick,Lotus,397
VCT 2025: EMEA Stage 1,Playoffs,Lower Round 2,Team Liquid vs Natus Vincere,ban,Pearl,474
VCT 2025: Pacific Stage 1,Group Stage,Week 1,Gen.G vs BOOM Esports,pick,Ascent,466
VCT 2025: Pacific Stage 1,Group Stage,Week 5,DetonatioN FocusMe vs BOOM Esports,pick,Ascent,278
VCT 2025: Pacific Stage 1,Group Stage,Week 5,Rex Regum Qeon vs Team Secret,ban,Pearl,878
VCT 2025: Americas Stage 1,Group Stage,Week 2,100 Thieves vs Evil Geniuses,pick,Fracture,5248
VCT 2025: Americas Stage 1,Group Stage,Week 3,FURIA vs LEVIATÁN,ban,Lotus,2359
Valorant Masters Bangkok 2025,Swiss Stage,Round 1,EDward Gaming vs Team Liquid,pick,Split,474
VCT 2025: EMEA Kickoff,Main Event,Upper Quarterfinals,Team Heretics vs Gentle Mates,pick,Abyss,12694
VCT 2025: Pacific Kickoff,Main Event,Lower Round 3,Gen.G vs DetonatioN FocusMe,ban,Fracture,17
VCT 2025: China Kickoff,Main Event,Upper Quarterfinals,EDward Gaming vs Nova Esports,ban,Abyss,1120
VCT 2025: Americas Stage 2,Group Stage,Week 4,FURIA vs G2 Esports,ban,Icebox,11058
VCT 2025: Pacific Stage 2,Group Stage,Week 2,TALON vs DetonatioN FocusMe,ban,Bind,278
VCT 2025: Pacific Stage 2,Group Stage,Week 4,DRX vs Global Esports,ban,Bind,918
VCT 2025: Pacific Stage 2,Playoffs,Upper Round 1,Rex Regum Qeon vs T1,ban,Ascent,878
VCT 2025: China Stage 2,Playoffs,Upper Semifinals,Bilibili Gaming vs TYLOO,pick,Icebox,731
VCT 2025: EMEA Stage 1,Group Stage,Week 1,Team Heretics vs Apeks,ban,Haven,11479
VCT 2025: Pacific Stage 1,Group Stage,Week 1,T1 vs ZETA DIVISION,pick,Fracture,5448
VCT 2025: Pacific Stage 1,Group Stage,Week 3,T1 vs Team Secret,pick,Icebox,6199
VCT 2025: Pacific Stage 1,Group Stage,Week 4,Gen.G vs Global Esports,ban,Lotus,918
VCT 2025: Pacific Stage 1,Playoffs,Lower Round 2,DRX vs TALON,ban,Pearl,8185
VCT 2025: China Stage 1,Playoffs,Upper Final,Wolves Esports vs Xi Lai Gaming,ban,Icebox,13581
VCT 2025: Americas Stage 1,Group Stage,Week 5,KRÜ Esports vs 100 Thieves,ban,Haven,2355
Valorant Masters Bangkok 2025,Swiss Stage,Round 3,G2 Esports vs Team Liquid,ban,Pearl,474
VCT 2025: EMEA Kickoff,Main Event,Lower Round 1,Karmine Corp vs GIANTX,pick,Bind,8877
VCT 2025: Americas Kickoff,Main Event,Upper Round 1,MIBR vs 100 Thieves,ban,Split,7386
VCT 2025: China Kickoff,Main Event,Lower Round 1,Xi Lai Gaming vs All Gamers,ban,Fracture,13581
Valorant Champions 2025,Group Stage,Decider (A),GIANTX vs Xi Lai Gaming,pick,Ascent,14419
Valorant Champions 2025,Playoffs,Upper Semifinals,MIBR vs NRG,pick,Abyss,7386
VCT 2025: Pacific Stage 2,Group Stage,Week 1,Global Esports vs Team Secret,pick,Bind,918
VCT 2025: China Stage 2,Group Stage,Week 1,Bilibili Gaming vs TYLOO,ban,Haven,12010
VCT 2025: China Stage 2,Group Stage,Week 3,Wolves Esports vs Dragon Ranger Gaming,ban,Sunset,13790
VCT 2025: China Stage 2,Group Stage,Week 4,Nova Esports vs Xi Lai Gaming,ban,Ascent,12064
VCT 2025: China Stage 2,Playoffs,Lower Round 2,TYLOO vs EDward Gaming,pick,Haven,731
VCT 2025: EMEA Stage 1,Group Stage,Week 4,Karmine Corp vs FUT Esports,pick,Pearl,1184
VCT 2025: EMEA Stage 1,Group Stage,Week 4,Natus Vincere vs Team Heretics,ban,Ascent,1001
VCT 2025: Pacific Stage 1,Group Stage,Week 3,Rex Regum Qeon vs ZETA DIVISION,ban,Ascent,5448
VCT 2025: Pacific Stage 1,Group Stage,Week 3,DRX vs Global Esports,pick,Ascent,8185
VCT 2025: China Stage 1,Group Stage,Week 5,Bilibili Gaming vs Trace Esports,pick,Ascent,12685
VCT 2025: Americas Stage 1,Playoffs,Lower Round 3,G2 Esports vs Evil Geniuses,ban,Fracture,11058
VCT 2025: Pacific Kickoff,Main Event,Upper Round 1,ZETA DIVISION vs Nongshim RedForce,ban,Bind,5448
VCT 2025: Pacific Kickoff,Main Event,Upper Quarterfinals,Paper Rex vs T1,pick,Fracture,624
VCT 2025: Americas Kickoff,Main Event,Lower Round 3,LOUD vs KRÜ Esports,ban,Pearl,2355
VCT 2025: China Kickoff,Main Event,Lower Final,Bilibili Gaming vs EDward Gaming,pick,Pearl,12010
Valorant Champions 2025,Playoffs,Lower Round 1,Team Heretics vs GIANTX,pick,Ascent,14419
VCT 2025: EMEA Stage 2,Group Stage,Week 3,Team Liquid vs Apeks,pick,Ascent,11479
VCT 2025: China Stage 2,Group Stage,Week 1,EDward Gaming vs Titan Esports Club,ban,Haven,14137
VCT 2025: China Stage 2,Group Stage,Week 3,Bilibili Gaming vs Trace Esports,ban,Corrode,12010
VCT 2025: China Stage 2,Group Stage,Week 4,Trace Esports vs Titan Esports Club,pick,Sunset,12685
VCT 2025: EMEA Stage 1,Group Stage,Week 2,Team Heretics vs GIANTX,ban,Pearl,1001
VCT 2025: EMEA Stage 1,Group Stage,Week 2,Team Vitality vs FNATIC,ban,Icebox,2593
VCT 2025: China Stage 1,Group Stage,Week 2,Bilibili Gaming vs JDG Esports,ban,Haven,12010
VCT 2025: Americas Stage 1,Group Stage,Week 5,Sentinels vs 2Game Esports,ban,Ascent,2
VCT 2025: EMEA Kickoff,Main Event,Upper Round 1,Karmine Corp vs Natus Vincere,ban,Haven,4915
VCT 2025: Pacific Kickoff,Main Event,Upper Round 1,BOOM Esports vs T1,ban,Abyss,14
VCT 2025: Pacific Kickoff,Main Event,Upper Round 1,Global Esports vs Team Secret,ban,Lotus,6199
VCT 2025: Pacific Kickoff,Main Event,Upper Round 1,DetonatioN FocusMe vs Rex Regum Qeon,ban,Fracture,278
VCT 2025: Pacific Kickoff,Main Event,Lower Round 3,Gen.G vs DetonatioN FocusMe,ban,Bind,278
VCT 2025: Americas Kickoff,Main Event,Upper Round 1,MIBR vs 100 Thieves,ban,Abyss,120
VCT 2025: Americas Kickoff,Main Event,Upper Quarterfinals,LEVIATÁN vs FURIA,ban,Abyss,2406
VCT 2025: Americas Kickoff,Main Event,Lower Round 1,Cloud9 vs MIBR,ban,Bind,188
VCT 2025: Americas Kickoff,Main Event,Lower Round 2,Evil Geniuses vs MIBR,pick,Split,5248
VCT 2025: China Kickoff,Main Event,Upper Round 1,Xi Lai Gaming vs Wolves Esports,pick,Lotus,13581
Valorant Champions 2025,Group Stage,Opening (A),Paper Rex vs Xi Lai Gaming,ban,Abyss,624
Valorant Champions 2025,Playoffs,Upper Quarterfinals,Team Heretics vs MIBR,ban,Lotus,7386
Valorant Champions 2025,Playoffs,Lower Round 1,Team Heretics vs GIANTX,pick,Lotus,1001
Valorant Champions 2025,Playoffs,Lower Round 3,DRX vs Paper Rex,ban,Abyss,624
VCT 2025: Pacific Stage 2,Group Stage,Week 1,T1 vs Paper Rex,ban,Icebox,14
VCT 2025: Pacific Stage 2,Group Stage,Week 1,ZETA DIVISION vs DetonatioN FocusMe,ban,Ascent,5448
VCT 2025: Pacific Stage 2,Playoffs,Upper Final,TALON vs Paper Rex,pick,Bind,624
VCT 2025: China Stage 2,Group Stage,Week 1,Bilibili Gaming vs TYLOO,ban,Sunset,731
VCT 2025: China Stage 2,Group Stage,Week 4,Bilibili Gaming vs EDward Gaming,ban,Bind,12010
Valorant Masters Toronto 2025,Playoffs,Upper Semifinals,Wolves Esports vs Gen.G,pick,Sunset,17
Valorant Masters Toronto 2025,Playoffs,Upper Final,Paper Rex vs Wolves Esports,pick,Ascent,13790
VCT 2025: EMEA Stage 1,Group Stage,Week 3,Team Vitality vs Team Heretics,ban,Pearl,2059
VCT 2025: China Stage 1,Group Stage,Week 1,JDG Esports vs Wolves Esports,ban,Fracture,13576
VCT 2025: Americas Stage 1,Group Stage,Week 4,100 Thieves vs 2Game Esports,ban,Fracture,15072
VCT 2025: Americas Stage 1,Group Stage,Week 5,G2 Esports vs Cloud9,ban,Split,188
VCT 2025: EMEA Kickoff,Main Event,Upper Semifinals,FUT Esports vs Team Vitality,ban,Abyss,2059
VCT 2025: EMEA Kickoff,Main Event,Lower Final,Team Heretics vs Team Liquid,pick,Fracture,1001
VCT 2025: Pacific Kickoff,Main Event,Upper Quarterfinals,DRX vs Nongshim RedForce,pick,Pearl,8185
VCT 2025: China Kickoff,Main Event,Upper Quarterfinals,EDward Gaming vs Nova Esports,pick,Fracture,1120
Valorant Champions 2025,Group Stage,Winner's (B),MIBR vs FNATIC,ban,Corrode,2593
VCT 2025: EMEA Stage 2,Group Stage,Week 1,Team Heretics vs BBL Esports,ban,Corrode,1001
VCT 2025: Pacific Stage 2,Group Stage,Week 1,Rex Regum Qeon vs Gen.G,pick,Sunset,17
VCT 2025: EMEA Stage 1,Group Stage,Week 3,Team Liquid vs FUT Esports,pick,Split,474
VCT 2025: Pacific Stage 1,Group Stage,Week 1,DetonatioN FocusMe vs Global Esports,pick,Pearl,278
VCT 2025: Pacific Stage 1,Playoffs,Upper Semifinals,Rex Regum Qeon vs DRX,ban,Ascent,878
VCT 2025: China Stage 1,Group Stage,Week 3,Dragon Ranger Gaming vs EDward Gaming,ban,Fracture,1120
VCT 2025: Americas Stage 1,Group Stage,Week 2,LOUD vs 2Game Esports,ban,Haven,6961
VCT 2025: Americas Stage 1,Group Stage,Week 4,KRÜ Esports vs Evil Geniuses,ban,Ascent,2355
VCT 2025: Americas Stage 1,Group Stage,Week 5,Evil Geniuses vs LOUD,pick,Pearl,5248
VCT 2025: Americas Kickoff,Main Event,Upper Quarterfinals,Sentinels vs 100 Thieves,pick,Bind,120
VCT 2025: Americas Kickoff,Main Event,Upper Final,Sentinels vs G2 Esports,ban,Bind,2
VCT 2025: China Kickoff,Main Event,Upper Round 1,All Gamers vs Nova Esports,pick,Abyss,12064
VCT 2025: EMEA Stage 2,Group Stage,Week 2,Gentle Mates vs Team Heretics,ban,Icebox,1001
VCT 2025: EMEA Stage 2,Group Stage,Week 3,Team Liquid vs Apeks,ban,Sunset,474
VCT 2025: EMEA Stage 2,Group Stage,Week 4,Natus Vincere vs Karmine Corp,pick,Corrode,4915
VCT 2025: EMEA Stage 2,Playoffs,Upper Semifinals,Team Heretics vs BBL Esports,pick,Ascent,1001
VCT 2025: China Stage 2,Group Stage,Week 4,EDward Gaming vs JDG Esports,pick,Corrode,1120
VCT 2025: China Stage 2,Group Stage,Week 4,TYLOO vs JDG Esports,ban,Bind,13576
Valorant Masters Toronto 2025,Playoffs,Lower Round 2,Gen.G vs G2 Esports,pick,Haven,17
Valorant Masters Toronto 2025,Playoffs,Grand Final,Paper Rex vs FNATIC,ban,Ascent,624
VCT 2025: Americas Stage 1,Group Stage,Week 1,Sentinels vs 100 Thieves,ban,Lotus,120
VCT 2025: Americas Stage 1,Group Stage,Week 3,Evil Geniuses vs Sentinels,ban,Icebox,5248
VCT 2025: Pacific Kickoff,Main Event,Lower Round 1,Global Esports vs DetonatioN FocusMe,pick,Split,918
VCT 2025: Americas Kickoff,Main Event,Upper Semifinals,LOUD vs Sentinels,ban,Bind,2
VCT 2025: Americas Stage 2,Group Stage,Week 1,Cloud9 vs FURIA,ban,Sunset,2406
VCT 2025: Americas Stage 2,Playoffs,Lower Round 1,100 Thieves vs Evil Geniuses,ban,Icebox,120
VCT 2025: Americas Stage 2,Playoffs,Lower Round 2,Cloud9 vs 100 Thieves,pick,Haven,120
VCT 2025: EMEA Stage 2,Group Stage,Week 5,FUT Esports vs BBL Esports,ban,Lotus,1184
VCT 2025: EMEA Stage 2,Playoffs,Lower Round 2,GIANTX vs FNATIC,pick,Lotus,2593
VCT 2025: EMEA Stage 2,Playoffs,Lower Round 2,Team Heretics vs Natus Vincere,ban,Lotus,4915
VCT 2025: Pacific Stage 2,Group Stage,Week 1,BOOM Esports vs TALON,pick,Icebox,8304
VCT 2025: China Stage 2,Group Stage,Week 1,All Gamers vs Xi Lai Gaming,pick,Sunset,13581
VCT 2025: China Stage 2,Group Stage,Week 3,FunPlus Phoenix vs Dragon Ranger Gaming,pick,Ascent,11328
VCT 2025: China Stage 2,Group Stage,Week 4,Nova Esports vs Xi Lai Gaming,pick,Sunset,13581
VCT 2025: China Stage 2,Playoffs,Lower Round 2,Xi Lai Gaming vs All Gamers,ban,Corrode,13581
VCT 2025: China Stage 2,Playoffs,Lower Round 3,EDward Gaming vs Xi Lai Gaming,pick,Corrode,1120
VCT 2025: China Stage 2,Playoffs,Lower Final,Bilibili Gaming vs EDward Gaming,ban,Icebox,1120
Valorant Masters Toronto 2025,Swiss Stage,Round 2 (1-0),Bilibili Gaming vs Sentinels,ban,Pearl,12010
Valorant Masters Toronto 2025,Swiss Stage,Round 3 (1-1),Bilibili Gaming vs Wolves Esports,ban,Icebox,13790
Valorant Masters Toronto 2025,Playoffs,Upper Quarterfinals,Xi Lai Gaming vs Sentinels,ban,Icebox,2
VCT 2025: EMEA Stage 1,Group Stage,Week 3,KOI vs BBL Esports,ban,Fracture,397
VCT 2025: Pacific Stage 1,Group Stage,Week 1,Gen.G vs BOOM Esports,ban,Split,466
VCT 2025: EMEA Kickoff,Main Event,Upper Quarterfinals,FUT Esports vs Team Liquid,pick,Pearl,1184
VCT 2025: Americas Kickoff,Main Event,Lower Round 4,MIBR vs KRÜ Esports,pick,Abyss,7386
Valorant Champions 2025,Group Stage,Decider (D),T1 vs G2 Esports,ban,Abyss,14
VCT 2025: Americas Stage 2,Group Stage,Week 4,MIBR vs NRG,pick,Bind,7386
VCT 2025: EMEA Stage 2,Playoffs,Lower Round 3,GIANTX vs Natus Vincere,ban,Lotus,4915
VCT 2025: Pacific Stage 2,Group Stage,Week 2,BOOM Esports vs Paper Rex,ban,Ascent,624
VCT 2025: Pacific Stage 2,Group Stage,Week 4,Rex Regum Qeon vs Team Secret,pick,Icebox,878
VCT 2025: China Stage 2,Group Stage,Week 1,JDG Esports vs Trace Esports,ban,Ascent,12685
Valorant Masters Toronto 2025,Playoffs,Lower Round 1,Xi Lai Gaming vs G2 Esports,ban,Ascent,11058
VCT 2025: China Stage 1,Group Stage,Week 3,JDG Esports vs Trace Esports,ban,Ascent,13576
VCT 2025: China Stage 1,Playoffs,Lower Round 2,EDward Gaming vs Dragon Ranger Gaming,ban,Pearl,1120
VCT 2025: Americas Stage 1,Group Stage,Week 5,G2 Esports vs Cloud9,ban,Lotus,188
VCT 2025: EMEA Kickoff,Main Event,Lower Round 2,GIANTX vs Team Liquid,ban,Abyss,14419
Valorant Champions 2025,Group Stage,Opening (D),Dragon Ranger Gaming vs T1,ban,Corrode,14
VCT 2025: Americas Stage 2,Group Stage,Week 5,KRÜ Esports vs NRG,pick,Sunset,2355
VCT 2025: China Stage 2,Playoffs,Lower Round 3,EDward Gaming vs Xi Lai Gaming,ban,Haven,1120
Valorant Masters Toronto 2025,Playoffs,Upper Final,Paper Rex vs Wolves Esports,ban,Pearl,624
VCT 2025: EMEA Stage 1,Group Stage,Week 2,Apeks vs Natus Vincere,pick,Lotus,4915
VCT 2025: EMEA Stage 1,Group Stage,Week 5,GIANTX vs Apeks,ban,Haven,11479
VCT 2025: China Stage 1,Playoffs,Lower Round 2,Bilibili Gaming vs Trace Esports,pick,Fracture,12010
VCT 2025: Americas Stage 1,Group Stage,Week 3,FURIA vs LEVIATÁN,ban,Fracture,2406
VCT 2025: Americas Stage 1,Playoffs,Lower Round 2,G2 Esports vs 100 Thieves,pick,Haven,120
VCT 2025: EMEA Kickoff,Main Event,Upper Round 1,Apeks vs Gentle Mates,pick,Haven,11479
VCT 2025: China Kickoff,Main Event,Upper Final,Bilibili Gaming vs Trace Esports,ban,Abyss,12685
VCT 2025: EMEA Stage 2,Playoffs,Upper Round 1,FNATIC vs BBL Esports,pick,Corrode,2593
VCT 2025: Pacific Stage 2,Group Stage,Week 1,BOOM Esports vs TALON,ban,Ascent,8304
VCT 2025: Pacific Stage 2,Group Stage,Week 1,Global Esports vs Team Secret,ban,Sunset,918
VCT 2025: Pacific Stage 2,Group Stage,Week 2,TALON vs DetonatioN FocusMe,ban,Ascent,8304
VCT 2025: Pacific Stage 2,Group Stage,Week 3,Paper Rex vs ZETA DIVISION,ban,Corrode,5448
VCT 2025: Pacific Stage 2,Group Stage,Week 4,Gen.G vs Nongshim RedForce,ban,Sunset,17
VCT 2025: China Stage 2,Playoffs,Upper Semifinals,Bilibili Gaming vs TYLOO,pick,Bind,12010
VCT 2025: EMEA Stage 1,Group Stage,Week 4,Karmine Corp vs FUT Esports,ban,Haven,8877
VCT 2025: EMEA Stage 1,Playoffs,Upper Final,Team Heretics vs FNATIC,ban,Haven,2593
VCT 2025: Pacific Stage 1,Group Stage,Week 2,T1 vs Nongshim RedForce,pick,Icebox,14
VCT 2025: Pacific Stage 1,Playoffs,Upper Semifinals,BOOM Esports vs Gen.G,ban,Fracture,17
VCT 2025: China Stage 1,Group Stage,Week 2,Wolves Esports vs Trace Esports,ban,Haven,12685
VCT 2025: China Stage 1,Group Stage,Week 3,Nova Esports vs FunPlus Phoenix,pick,Icebox,11328
VCT 2025: Americas Stage 1,Group Stage,Week 3,G2 Esports vs NRG,ban,Haven,11058
VCT 2025: Americas Stage 1,Playoffs,Upper Final,MIBR vs Sentinels,ban,Ascent,7386
VCT 2025: Americas Kickoff,Main Event,Lower Round 3,LEVIATÁN vs MIBR,pick,Lotus,2359
VCT 2025: China Kickoff,Main Event,Upper Final,Bilibili Gaming vs Trace Esports,ban,Fracture,12010
VCT 2025: Pacific Stage 2,Group Stage,Week 1,BOOM Esports vs TALON,ban,Corrode,8304
VCT 2025: Pacific Stage 2,Group Stage,Week 4,Gen.G vs Nongshim RedForce,ban,Bind,17
VCT 2025: Pacific Stage 2,Playoffs,Lower Final,TALON vs Rex Regum Qeon,ban,Ascent,8304
VCT 2025: China Stage 2,Group Stage,Week 3,Wolves Esports vs Dragon Ranger Gaming,ban,Bind,11981
Valorant Masters Toronto 2025,Swiss Stage,Round 1,Team Heretics vs Paper Rex,ban,Haven,624
VCT 2025: Pacific Stage 1,Group Stage,Week 3,Gen.G vs DetonatioN FocusMe,pick,Lotus,17
VCT 2025: Pacific Stage 1,Group Stage,Week 4,TALON vs ZETA DIVISION,ban,Haven,8304
VCT 2025: Pacific Stage 1,Playoffs,Upper Final,Gen.G vs Rex Regum Qeon,ban,Ascent,878
VCT 2025: Pacific Stage 1,Playoffs,Lower Final,Rex Regum Qeon vs Paper Rex,pick,Fracture,878
VCT 2025: Americas Stage 1,Group Stage,Week 4,NRG vs MIBR,ban,Lotus,
VCT 2025: Americas Stage 1,Group Stage,Week 5,MIBR vs FURIA,ban,Haven,2406
VCT 2025: Americas Stage 1,Playoffs,Lower Round 1,Cloud9 vs Evil Geniuses,ban,Lotus,188
Valorant Masters Bangkok 2025,Swiss Stage,Round 3,G2 Esports vs Team Liquid,ban,Fracture,474
VCT 2025: EMEA Kickoff,Main Event,Lower Round 3,BBL Esports vs Team Liquid,ban,Abyss,474
VCT 2025: Pacific Kickoff,Main Event,Upper Quarterfinals,Gen.G vs Rex Regum Qeon,ban,Abyss,17
VCT 2025: Americas Kickoff,Main Event,Lower Final,Sentinels vs MIBR,pick,Lotus,2
VCT 2025: China Kickoff,Main Event,Upper Quarterfinals,FunPlus Phoenix vs Titan Esports Club,ban,Lotus,14137
VCT 2025: EMEA Stage 2,Group Stage,Week 5,KOI vs Natus Vincere,pick,Corrode,4915
VCT 2025: EMEA Stage 2,Playoffs,Lower Round 2,GIANTX vs FNATIC,pick,Sunset,14419
VCT 2025: Pacific Stage 2,Group Stage,Week 1,DRX vs Nongshim RedForce,pick,Bind,11060
VCT 2025: Pacific Stage 2,Playoffs,Upper Round 1,TALON vs Nongshim RedForce,pick,Lotus,11060
VCT 2025: Pacific Stage 2,Playoffs,Upper Semifinals,DRX vs TALON,pick,Haven,8185
VCT 2025: China Stage 2,Group Stage,Week 3,Titan Esports Club vs Bilibili Gaming,pick,Ascent,14137
VCT 2025: China Stage 2,Group Stage,Week 3,Xi Lai Gaming vs FunPlus Phoenix,ban,Lotus,11328
Valorant Masters Toronto 2025,Swiss Stage,Round 3 (1-1),Paper Rex vs Team Liquid,pick,Sunset,474
VCT 2025: EMEA Stage 1,Group Stage,Week 2,Team Liquid vs BBL Esports,ban,Icebox,474
VCT 2025: China Stage 1,Group Stage,Week 2,Xi Lai Gaming vs All Gamers,ban,Ascent,13581
VCT 2025: China Stage 1,Playoffs,Lower Round 1,Titan Esports Club vs Dragon Ranger Gaming,ban,Split,11981
VCT 2025: China Stage 1,Playoffs,Upper Semifinals,EDward Gaming vs Xi Lai Gaming,ban,Ascent,1120
VCT 2025: Pacific Kickoff,Main Event,Upper Round 1,ZETA DIVISION vs Nongshim RedForce,pick,Haven,5448
VCT 2025: Americas Kickoff,Main Event,Upper Round 1,NRG vs Cloud9,pick,Fracture,
VCT 2025: China Kickoff,Main Event,Upper Quarterfinals,Bilibili Gaming vs Xi Lai Gaming,ban,Split,12010
Valorant Champions 2025,Group Stage,Opening (A),Paper Rex vs Xi Lai Gaming,ban,Haven,624
Valorant Champions 2025,Group Stage,Opening (B),Rex Regum Qeon vs FNATIC,pick,Abyss,878
Valorant Champions 2025,Group Stage,Opening (B),Rex Regum Qeon vs FNATIC,ban,Haven,2593
Valorant Champions 2025,Playoffs,Upper Quarterfinals,FNATIC vs DRX,ban,Corrode,2593
VCT 2025: Americas Stage 2,Playoffs,Upper Final,Sentinels vs G2 Esports,ban,Icebox,2
VCT 2025: EMEA Stage 2,Group Stage,Week 3,Team Vitality vs Team Heretics,ban,Icebox,1001
VCT 2025: Pacific Stage 2,Group Stage,Week 1,DRX vs Gen.G,ban,Sunset,8185
VCT 2025: Pacific Stage 2,Group Stage,Week 4,TALON vs Paper Rex,pick,Bind,8304
VCT 2025: China Stage 2,Group Stage,Week 1,Dragon Ranger Gaming vs Nova Esports,ban,Bind,12064
VCT 2025: China Stage 2,Group Stage,Week 2,Dragon Ranger Gaming vs All Gamers,pick,Corrode,1119
VCT 2025: EMEA Stage 1,Group Stage,Week 3,Natus Vincere vs GIANTX,pick,Fracture,4915
VCT 2025: EMEA Stage 1,Group Stage,Week 3,Apeks vs FNATIC,ban,Haven,11479
VCT 2025: EMEA Stage 1,Group Stage,Week 4,Natus Vincere vs Team Heretics,pick,Pearl,4915
VCT 2025: China Stage 1,Group Stage,Week 1,Xi Lai Gaming vs Bilibili Gaming,pick,Icebox,13581
Valorant Masters Bangkok 2025,Swiss Stage,Round 1,DRX vs Sentinels,pick,Lotus,2
VCT 2025: Pacific Kickoff,Main Event,Lower Round 1,Global Esports vs DetonatioN FocusMe,ban,Bind,278
VCT 2025: Pacific Kickoff,Main Event,Lower Round 4,TALON vs Gen.G,pick,Bind,8304
Valorant Champions 2025,Group Stage,Elimination (C),Team Liquid vs EDward Gaming,pick,Sunset,474
VCT 2025: Americas Stage 2,Playoffs,Upper Semifinals,NRG vs G2 Esports,pick,Sunset,11058
VCT 2025: Americas Stage 2,Playoffs,Lower Round 2,NRG vs LEVIATÁN,pick,Ascent,2359
VCT 2025: EMEA Stage 2,Group Stage,Week 1,Natus Vincere vs Apeks,ban,Ascent,11479
VCT 2025: EMEA Stage 2,Playoffs,Lower Round 2,Team Heretics vs Natus Vincere,ban,Sunset,1001
VCT 2025: China Stage 2,Group Stage,Week 3,Xi Lai Gaming vs FunPlus Phoenix,ban,Icebox,13581
VCT 2025: Americas Stage 1,Group Stage,Week 2,LEVIATÁN vs Cloud9,ban,Fracture,2359
Valorant Masters Bangkok 2025,Swiss Stage,Round 2 (1-0),EDward Gaming vs G2 Esports,ban,Haven,11058
VCT 2025: EMEA Kickoff,Main Event,Lower Round 1,FNATIC vs Natus Vincere,pick,Fracture,2593
VCT 2025: Americas Kickoff,Main Event,Upper Semifinals,G2 Esports vs LEVIATÁN,ban,Bind,2359
Valorant Champions 2025,Playoffs,Upper Quarterfinals,FNATIC vs DRX,pick,Ascent,2593
Valorant Champions 2025,Playoffs,Lower Round 1,DRX vs G2 Esports,pick,Abyss,8185
VCT 2025: Americas Stage 2,Playoffs,Lower Round 1,100 Thieves vs Evil Geniuses,pick,Corrode,5248
VCT 2025: EMEA Stage 2,Playoffs,Lower Round 2,GIANTX vs FNATIC,ban,Icebox,14419
VCT 2025: EMEA Stage 1,Group Stage,Week 4,Karmine Corp vs FUT Esports,ban,Icebox,1184
VCT 2025: EMEA Stage 1,Group Stage,Week 5,Team Liquid vs Karmine Corp,pick,Icebox,8877
VCT 2025: EMEA Stage 1,Playoffs,Lower Round 2,BBL Esports vs FUT Esports,ban,Icebox,1184
VCT 2025: EMEA Stage 1,Playoffs,Lower Final,Team Heretics vs Team Liquid,pick,Lotus,474
VCT 2025: Pacific Stage 1,Group Stage,Week 1,T1 vs ZETA DIVISION,ban,Pearl,5448
VCT 2025: Pacific Stage 1,Group Stage,Week 4,Gen.G vs Global Esports,ban,Icebox,918
VCT 2025: China Stage 1,Group Stage,Week 4,FunPlus Phoenix vs Dragon Ranger Gaming,pick,Haven,11328
Valorant Masters Bangkok 2025,Swiss Stage,Round 3,T1 vs DRX,ban,Lotus,8185
VCT 2025: Pacific Kickoff,Main Event,Lower Round 2,Nongshim RedForce vs Rex Regum Qeon,pick,Lotus,11060
VCT 2025: China Kickoff,Main Event,Upper Quarterfinals,Trace Esports vs Dragon Ranger Gaming,pick,Pearl,12685
VCT 2025: Americas Stage 2,Group Stage,Week 2,2Game Esports vs G2 Esports,ban,Bind,11058
VCT 2025: Americas Stage 2,Group Stage,Week 5,100 Thieves vs LEVIATÁN,pick,Sunset,2359
VCT 2025: EMEA Stage 2,Group Stage,Week 4,KOI vs Apeks,ban,Sunset,7035
VCT 2025: Pacific Stage 2,Group Stage,Week 1,BOOM Esports vs T1,ban,Bind,14
VCT 2025: Pacific Stage 2,Playoffs,Upper Round 1,TALON vs Nongshim RedForce,pick,Corrode,8304
VCT 2025: China Stage 2,Group Stage,Week 1,EDward Gaming vs Titan Esports Club,pick,Sunset,1120
VCT 2025: China Stage 2,Group Stage,Week 4,TYLOO vs JDG Esports,ban,Icebox,13576
Valorant Masters Toronto 2025,Playoffs,Lower Round 2,Gen.G vs G2 Esports,pick,Lotus,11058
VCT 2025: Pacific Stage 1,Group Stage,Week 3,Rex Regum Qeon vs ZETA DIVISION,ban,Pearl,878
VCT 2025: China Stage 1,Group Stage,Week 5,Wolves Esports vs All Gamers,ban,Icebox,1119
VCT 2025: China Stage 1,Group Stage,Week 5,EDward Gaming vs FunPlus Phoenix,ban,Icebox,1120
VCT 2025: China Stage 1,Playoffs,Upper Semifinals,Bilibili Gaming vs Wolves Esports,ban,Fracture,13790
VCT 2025: Americas Stage 1,Group Stage,Week 5,Evil Geniuses vs LOUD,ban,Fracture,6961
Valorant Masters Bangkok 2025,Swiss Stage,Round 1,G2 Esports vs Trace Esports,ban,Haven,12685
VCT 2025: Pacific Kickoff,Main Event,Upper Final,T1 vs DRX,ban,Pearl,8185
VCT 2025: Americas Kickoff,Main Event,Lower Round 1,FURIA vs Evil Geniuses,ban,Haven,5248
VCT 2025: Americas Stage 2,Group Stage,Week 3,LOUD vs KRÜ Esports,pick,Haven,6961
VCT 2025: EMEA Stage 2,Group Stage,Week 5,Apeks vs FNATIC,pick,Bind,2593
VCT 2025: Pacific Stage 2,Group Stage,Week 2,TALON vs DetonatioN FocusMe,ban,Haven,8304
VCT 2025: Pacific Stage 2,Playoffs,Lower Final,TALON vs Rex Regum Qeon,pick,Bind,8304
Valorant Masters Toronto 2025,Playoffs,Lower Round 1,Xi Lai Gaming vs G2 Esports,ban,Lotus,13581
Valorant Masters Toronto 2025,Playoffs,Upper Semifinals,Wolves Esports vs Gen.G,ban,Pearl,17
VCT 2025: EMEA Stage 1,Group Stage,Week 2,Apeks vs Natus Vincere,ban,Ascent,4915
VCT 2025: Pacific Stage 1,Playoffs,Upper Semifinals,BOOM Esports vs Gen.G,pick,Ascent,466
VCT 2025: Americas Stage 1,Playoffs,Lower Final,MIBR vs G2 Esports,pick,Ascent,11058
VCT 2025: EMEA Kickoff,Main Event,Upper Round 1,BBL Esports vs GIANTX,ban,Fracture,397
VCT 2025: Americas Kickoff,Main Event,Grand Final,G2 Esports vs Sentinels,pick,Pearl,2
Valorant Champions 2025,Playoffs,Upper Final,FNATIC vs NRG,ban,Bind,
VCT 2025: Americas Stage 2,Group Stage,Week 2,100 Thieves vs KRÜ Esports,pick,Corrode,2355
VCT 2025: EMEA Stage 2,Group Stage,Week 2,FUT Esports vs Team Vitality,ban,Ascent,2059
VCT 2025: EMEA Stage 2,Group Stage,Week 5,FUT Esports vs BBL Esports,ban,Icebox,1184
VCT 2025: EMEA Stage 2,Playoffs,Upper Round 1,GIANTX vs Natus Vincere,ban,Corrode,14419
VCT 2025: Pacific Stage 2,Playoffs,Upper Semifinals,Paper Rex vs T1,ban,Corrode,624
VCT 2025: China Stage 2,Group Stage,Week 2,Xi Lai Gaming vs Wolves Esports,ban,Icebox,13581
VCT 2025: China Stage 2,Group Stage,Week 4,Nova Esports vs Wolves Esports,ban,Ascent,12064
VCT 2025: China Stage 2,Playoffs,Upper Quarterfinals,EDward Gaming vs Dragon Ranger Gaming,pick,Lotus,11981
VCT 2025: EMEA Stage 1,Group Stage,Week 3,Karmine Corp vs Gentle Mates,ban,Split,12694
VCT 2025: Pacific Stage 1,Group Stage,Week 2,Team Secret vs ZETA DIVISION,pick,Lotus,5448
VCT 2025: Pacific Stage 1,Group Stage,Week 3,TALON vs Nongshim RedForce,ban,Ascent,11060
VCT 2025: Pacific Stage 1,Group Stage,Week 5,Paper Rex vs Global Esports,pick,Lotus,624
VCT 2025: Pacific Stage 1,Playoffs,Upper Round 1,DRX vs T1,pick,Fracture,8185
VCT 2025: China Stage 1,Group Stage,Week 3,JDG Esports vs Trace Esports,pick,Lotus,12685
VCT 2025: China Stage 1,Group Stage,Week 4,Trace Esports vs Xi Lai Gaming,ban,Haven,12685
VCT 2025: China Stage 1,Playoffs,Upper Final,Wolves Esports vs Xi Lai Gaming,ban,Haven,13790
VCT 2025: Pacific Kickoff,Main Event,Lower Round 1,Rex Regum Qeon vs Team Secret,ban,Bind,6199
VCT 2025: Pacific Kickoff,Main Event,Upper Semifinals,Gen.G vs DRX,ban,Split,8185
VCT 2025: Americas Kickoff,Main Event,Upper Quarterfinals,KRÜ Esports vs LOUD,pick,Haven,6961
Valorant Champions 2025,Group Stage,Opening (A),GIANTX vs Sentinels,pick,Corrode,2
Valorant Champions 2025,Group Stage,Decider (D),T1 vs G2 Esports,ban,Bind,11058
Valorant Champions 2025,Group Stage,Decider (D),T1 vs G2 Esports,ban,Haven,14
VCT 2025: Pacific Stage 2,Playoffs,Upper Semifinals,DRX vs TALON,ban,Icebox,8185
VCT 2025: Pacific Stage 2,Playoffs,Lower Round 2,DRX vs Rex Regum Qeon,ban,Haven,8185
VCT 2025: China Stage 2,Group Stage,Week 2,Trace Esports vs EDward Gaming,pick,Sunset,1120
VCT 2025: China Stage 2,Playoffs,Lower Final,Bilibili Gaming vs EDward Gaming,pick,Ascent,1120
Valorant Masters Toronto 2025,Swiss Stage,Round 1,Sentinels vs Wolves Esports,ban,Sunset,2
VCT 2025: Pacific Stage 1,Group Stage,Week 4,DetonatioN FocusMe vs Paper Rex,pick,Lotus,624
VCT 2025: Pacific Stage 1,Playoffs,Lower Round 3,DRX vs Paper Rex,ban,Haven,624
VCT 2025: EMEA Kickoff,Main Event,Upper Quarterfinals,Team Vitality vs Karmine Corp,pick,Bind,8877
VCT 2025: Americas Stage 2,Group Stage,Week 3,G2 Esports vs Evil Geniuses,ban,Lotus,11058
VCT 2025: EMEA Stage 2,Group Stage,Week 3,Gentle Mates vs BBL Esports,ban,Corrode,397
VCT 2025: Pacific Stage 2,Group Stage,Week 1,BOOM Esports vs T1,pick,Corrode,466
VCT 2025: Pacific Stage 2,Group Stage,Week 2,Gen.G vs Global Esports,pick,Icebox,918
VCT 2025: Pacific Stage 2,Playoffs,Lower Round 2,T1 vs Nongshim RedForce,pick,Ascent,14
Valorant Masters Toronto 2025,Swiss Stage,Round 2 (0-1),Team Liquid vs MIBR,ban,Haven,7386
VCT 2025: EMEA Stage 1,Group Stage,Week 1,BBL Esports vs Karmine Corp,ban,Haven,8877
VCT 2025: EMEA Stage 1,Group Stage,Week 4,Team Vitality vs Apeks,pick,Ascent,11479
VCT 2025: EMEA Stage 1,Group Stage,Week 5,GIANTX vs Apeks,ban,Split,14419
VCT 2025: Pacific Stage 1,Playoffs,Upper Final,Gen.G vs Rex Regum Qeon,ban,Fracture,17
VCT 2025: China Stage 1,Group Stage,Week 3,Nova Esports vs FunPlus Phoenix,pick,Split,12064
Valorant Masters Bangkok 2025,Playoffs,Upper Semifinals,Team Vitality vs G2 Esports,pick,Lotus,11058
VCT 2025: Pacific Kickoff,Main Event,Upper Round 1,Global Esports vs Team Secret,ban,Bind,6199
VCT 2025: Americas Kickoff,Main Event,Upper Quarterfinals,Sentinels vs 100 Thieves,ban,Fracture,2
VCT 2025: China Kickoff,Main Event,Upper Round 1,Xi Lai Gaming vs Wolves Esports,ban,Bind,13790
Valorant Champions 2025,Group Stage,Decider (B),MIBR vs Rex Regum Qeon,pick,Corrode,878
VCT 2025: Americas Stage 2,Group Stage,Week 2,100 Thieves vs KRÜ Esports,ban,Lotus,120
VCT 2025: Americas Stage 2,Playoffs,Lower Round 2,NRG vs LEVIATÁN,ban,Sunset,
VCT 2025: Pacific Stage 2,Group Stage,Week 1,Rex Regum Qeon vs Gen.G,ban,Corrode,17
VCT 2025: EMEA Stage 1,Playoffs,Lower Round 3,Team Liquid vs BBL Esports,ban,Ascent,397
VCT 2025: China Stage 1,Group Stage,Week 3,JDG Esports vs Trace Esports,ban,Pearl,12685
VCT 2025: Americas Stage 1,Group Stage,Week 2,Sentinels vs KRÜ Esports,pick,Icebox,2355
VCT 2025: Americas Stage 1,Playoffs,Upper Final,MIBR vs Sentinels,pick,Split,2
VCT 2025: EMEA Kickoff,Main Event,Lower Round 1,Team Liquid vs Apeks,ban,Split,11479
VCT 2025: Pacific Kickoff,Main Event,Upper Round 1,ZETA DIVISION vs Nongshim RedForce,ban,Abyss,11060
VCT 2025: Pacific Kickoff,Main Event,Lower Round 3,TALON vs Nongshim RedForce,ban,Abyss,11060
VCT 2025: Pacific Kickoff,Main Event,Lower Round 3,Gen.G vs DetonatioN FocusMe,ban,Split,278
VCT 2025: Pacific Kickoff,Main Event,Lower Final,T1 vs Gen.G,pick,Split,17
VCT 2025: China Kickoff,Main Event,Lower Round 1,Nova Esports vs Wolves Esports,ban,Bind,13790
Valorant Champions 2025,Group Stage,Decider (A),GIANTX vs Xi Lai Gaming,pick,Bind,13581
VCT 2025: Americas Stage 2,Group Stage,Week 1,Cloud9 vs FURIA,pick,Bind,188
VCT 2025: Americas Stage 2,Group Stage,Week 3,LEVIATÁN vs NRG,ban,Ascent,2359
VCT 2025: Americas Stage 2,Playoffs,Lower Round 1,LEVIATÁN vs KRÜ Esports,ban,Bind,2359
VCT 2025: EMEA Stage 2,Group Stage,Week 2,GIANTX vs BBL Esports,pick,Icebox,397
VCT 2025: EMEA Stage 2,Playoffs,Grand Final,Team Liquid vs GIANTX,ban,Icebox,474
VCT 2025: Pacific Stage 2,Playoffs,Upper Semifinals,Paper Rex vs T1,pick,Sunset,14
VCT 2025: China Stage 2,Playoffs,Lower Round 1,All Gamers vs FunPlus Phoenix,pick,Haven,11328
Valorant Masters Toronto 2025,Playoffs,Upper Semifinals,Sentinels vs Paper Rex,ban,Lotus,2
VCT 2025: Pacific Stage 1,Group Stage,Week 1,DetonatioN FocusMe vs Global Esports,ban,Ascent,918
VCT 2025: Americas Stage 1,Playoffs,Lower Round 2,KRÜ Esports vs Evil Geniuses,ban,Pearl,2355
VCT 2025: EMEA Kickoff,Main Event,Upper Quarterfinals,Team Vitality vs Karmine Corp,ban,Split,8877
VCT 2025: EMEA Kickoff,Main Event,Upper Semifinals,FUT Esports vs Team Vitality,ban,Pearl,2059
VCT 2025: Pacific Kickoff,Main Event,Upper Round 1,ZETA DIVISION vs Nongshim RedForce,ban,Pearl,11060
VCT 2025: China Kickoff,Main Event,Upper Final,Bilibili Gaming vs Trace Esports,pick,Bind,12685
VCT 2025: China Kickoff,Main Event,Grand Final,Trace Esports vs EDward Gaming,ban,Split,12685
VCT 2025: China Kickoff,Main Event,Grand Final,Trace Esports vs EDward Gaming,pick,Bind,1120
Valorant Champions 2025,Group Stage,Opening (D),G2 Esports vs Team Heretics,ban,Ascent,11058
VCT 2025: Americas Stage 2,Group Stage,Week 4,LEVIATÁN vs KRÜ Esports,pick,Haven,2355
VCT 2025: EMEA Stage 2,Group Stage,Week 4,KOI vs Apeks,ban,Bind,11479
VCT 2025: EMEA Stage 2,Group Stage,Week 4,Gentle Mates vs GIANTX,ban,Sunset,12694
VCT 2025: Pacific Stage 2,Group Stage,Week 2,DRX vs Team Secret,ban,Bind,8185
VCT 2025: China Stage 2,Group Stage,Week 2,Xi Lai Gaming vs Wolves Esports,ban,Sunset,13790
Valorant Masters Toronto 2025,Swiss Stage,Round 1,Sentinels vs Wolves Esports,ban,Ascent,2
VCT 2025: EMEA Stage 1,Group Stage,Week 2,KOI vs Karmine Corp,ban,Pearl,7035
VCT 2025: Pacific Stage 1,Group Stage,Week 4,TALON vs ZETA DIVISION,ban,Pearl,8304
VCT 2025: China Stage 1,Playoffs,Lower Round 1,Titan Esports Club vs Dragon Ranger Gaming,pick,Ascent,11981
VCT 2025: Americas Stage 1,Group Stage,Week 1,KRÜ Esports vs LOUD,pick,Haven,6961
VCT 2025: Americas Stage 1,Playoffs,Lower Round 1,100 Thieves vs NRG,ban,Lotus,120
VCT 2025: Americas Stage 1,Playoffs,Lower Round 2,KRÜ Esports vs Evil Geniuses,pick,Lotus,5248
VCT 2025: EMEA Kickoff,Main Event,Upper Round 1,Apeks vs Gentle Mates,pick,Pearl,12694
VCT 2025: Pacific Kickoff,Main Event,Upper Round 1,DetonatioN FocusMe vs Rex Regum Qeon,ban,Lotus,878
Valorant Champions 2025,Group Stage,Winner's (C),DRX vs NRG,ban,Abyss,
VCT 2025: Americas Stage 2,Group Stage,Week 1,100 Thieves vs NRG,pick,Sunset,
VCT 2025: Pacific Stage 2,Group Stage,Week 4,DRX vs Global Esports,ban,Sunset,8185
VCT 2025: Pacific Stage 2,Playoffs,Upper Semifinals,DRX vs TALON,ban,Sunset,8185
Valorant Masters Toronto 2025,Playoffs,Upper Semifinals,Wolves Esports vs Gen.G,pick,Split,13790
VCT 2025: EMEA Stage 1,Group Stage,Week 5,GIANTX vs Apeks,ban,Pearl,14419
VCT 2025: EMEA Stage 1,Group Stage,Week 5,Team Liquid vs Karmine Corp,pick,Split,474
VCT 2025: China Stage 1,Group Stage,Week 3,TYLOO vs Titan Esports Club,ban,Haven,14137
VCT 2025: China Stage 1,Group Stage,Week 4,All Gamers vs JDG Esports,pick,Pearl,13576
VCT 2025: EMEA Kickoff,Main Event,Upper Round 1,Team Liquid vs KOI,pick,Fracture,474
VCT 2025: EMEA Kickoff,Main Event,Upper Semifinals,BBL Esports vs Team Heretics,ban,Haven,397
VCT 2025: Pacific Kickoff,Main Event,Lower Round 2,DetonatioN FocusMe vs Paper Rex,ban,Split,278
VCT 2025: Pacific Kickoff,Main Event,Lower Final,T1 vs Gen.G,pick,Haven,14
VCT 2025: Americas Kickoff,Main Event,Upper Round 1,NRG vs Cloud9,pick,Lotus,188
VCT 2025: China Kickoff,Main Event,Upper Round 1,Xi Lai Gaming vs Wolves Esports,ban,Fracture,13581
VCT 2025: China Kickoff,Main Event,Upper Semifinals,Trace Esports vs EDward Gaming,ban,Abyss,1120
VCT 2025: China Kickoff,Main Event,Lower Round 3,FunPlus Phoenix vs Dragon Ranger Gaming,ban,Split,11328
Valorant Champions 2025,Group Stage,Opening (C),NRG vs EDward Gaming,ban,Ascent,1120
VCT 2025: EMEA Stage 2,Group Stage,Week 1,Team Vitality vs GIANTX,pick,Bind,14419
VCT 2025: Pacific Stage 2,Group Stage,Week 1,ZETA DIVISION vs DetonatioN FocusMe,pick,Lotus,278
VCT 2025: Pacific Stage 2,Group Stage,Week 2,Rex Regum Qeon vs Nongshim RedForce,ban,Lotus,878
VCT 2025: China Stage 2,Playoffs,Upper Semifinals,Xi Lai Gaming vs Dragon Ranger Gaming,ban,Icebox,11981
Valorant Masters Toronto 2025,Playoffs,Lower Final,Wolves Esports vs FNATIC,ban,Pearl,2593
VCT 2025: EMEA Stage 1,Group Stage,Week 2,Team Liquid vs BBL Esports,pick,Haven,397
VCT 2025: EMEA Stage 1,Playoffs,Upper Semifinals,Team Liquid vs FNATIC,ban,Lotus,2593
VCT 2025: EMEA Stage 1,Playoffs,Lower Round 2,BBL Esports vs FUT Esports,ban,Lotus,397
VCT 2025: China Stage 1,Group Stage,Week 4,All Gamers vs JDG Esports,ban,Haven,1119
VCT 2025: China Stage 1,Group Stage,Week 4,Trace Esports vs Xi Lai Gaming,pick,Lotus,13581
VCT 2025: Americas Stage 1,Group Stage,Week 1,Sentinels vs 100 Thieves,ban,Icebox,120
Valorant Masters Bangkok 2025,Swiss Stage,Round 1,EDward Gaming vs Team Liquid,ban,Haven,1120
Valorant Masters Bangkok 2025,Swiss Stage,Round 2 (0-1),T1 vs Trace Esports,ban,Bind,14
Valorant Champions 2025,Group Stage,Opening (C),NRG vs EDward Gaming,ban,Bind,
Valorant Champions 2025,Playoffs,Upper Quarterfinals,Team Heretics vs MIBR,ban,Bind,1001
VCT 2025: Americas Stage 2,Group Stage,Week 4,Cloud9 vs 2Game Esports,ban,Icebox,15072
VCT 2025: Americas Stage 2,Playoffs,Lower Round 2,NRG vs LEVIATÁN,pick,Icebox,
VCT 2025: EMEA Stage 2,Group Stage,Week 4,Gentle Mates vs GIANTX,pick,Corrode,12694
VCT 2025: EMEA Stage 2,Playoffs,Lower Round 1,FNATIC vs Karmine Corp,ban,Ascent,8877
VCT 2025: China Stage 2,Group Stage,Week 3,Bilibili Gaming vs Trace Esports,pick,Haven,12685
VCT 2025: China Stage 2,Playoffs,Lower Final,Bilibili Gaming vs EDward Gaming,ban,Corrode,12010
Valorant Masters Toronto 2025,Playoffs,Grand Final,Paper Rex vs FNATIC,pick,Sunset,624
VCT 2025: EMEA Stage 1,Group Stage,Week 3,Karmine Corp vs Gentle Mates,ban,Lotus,12694
VCT 2025: EMEA Stage 1,Playoffs,Lower Round 1,FUT Esports vs Team Vitality,pick,Split,2059
VCT 2025: Pacific Stage 1,Group Stage,Week 2,DRX vs DetonatioN FocusMe,ban,Split,8185
VCT 2025: Pacific Stage 1,Playoffs,Upper Final,Gen.G vs Rex Regum Qeon,ban,Haven,878
VCT 2025: China Stage 1,Group Stage,Week 1,Dragon Ranger Gaming vs Nova Esports,ban,Icebox,12064
VCT 2025: China Stage 1,Playoffs,Lower Final,Wolves Esports vs Bilibili Gaming,ban,Fracture,13790
VCT 2025: Americas Stage 1,Playoffs,Grand Final,Sentinels vs G2 Esports,pick,Haven,2
Valorant Masters Bangkok 2025,Swiss Stage,Round 1,Team Vitality vs T1,ban,Pearl,2059
VCT 2025: EMEA Kickoff,Main Event,Lower Round 2,Gentle Mates vs FNATIC,ban,Bind,2593
VCT 2025: EMEA Kickoff,Main Event,Lower Round 2,Gentle Mates vs FNATIC,pick,Fracture,2593
VCT 2025: Pacific Kickoff,Main Event,Lower Round 1,Nongshim RedForce vs BOOM Esports,ban,Fracture,11060
VCT 2025: China Kickoff,Main Event,Lower Round 2,Nova Esports vs Dragon Ranger Gaming,pick,Pearl,11981
Valorant Champions 2025,Group Stage,Opening (A),GIANTX vs Sentinels,ban,Lotus,14419
Valorant Champions 2025,Playoffs,Upper Quarterfinals,Team Heretics vs MIBR,pick,Sunset,1001
Valorant Champions 2025,Playoffs,Upper Final,FNATIC vs NRG,pick,Ascent,2593
VCT 2025: Americas Stage 2,Playoffs,Upper Final,Sentinels vs G2 Esports,ban,Corrode,11058
Valorant Masters Toronto 2025,Playoffs,Upper Quarterfinals,Xi Lai Gaming vs Sentinels,pick,Lotus,2
VCT 2025: China Stage 1,Group Stage,Week 5,Titan Esports Club vs Nova Esports,pick,Fracture,14137
VCT 2025: China Stage 1,Playoffs,Grand Final,Xi Lai Gaming vs Bilibili Gaming,ban,Split,13581
VCT 2025: Americas Stage 1,Group Stage,Week 2,100 Thieves vs Evil Geniuses,pick,Haven,120
Valorant Masters Bangkok 2025,Swiss Stage,Round 2 (0-1),T1 vs Trace Esports,ban,Pearl,12685
VCT 2025: EMEA Kickoff,Main Event,Lower Round 3,BBL Esports vs Team Liquid,ban,Fracture,397
VCT 2025: Pacific Kickoff,Main Event,Lower Round 1,Rex Regum Qeon vs Team Secret,pick,Lotus,6199
VCT 2025: Pacific Kickoff,Main Event,Lower Round 2,Nongshim RedForce vs Rex Regum Qeon,ban,Bind,878
VCT 2025: Americas Kickoff,Main Event,Lower Round 1,Cloud9 vs MIBR,pick,Abyss,7386
Valorant Champions 2025,Playoffs,Lower Round 1,Team Heretics vs GIANTX,ban,Haven,14419
VCT 2025: Americas Stage 2,Group Stage,Week 2,100 Thieves vs KRÜ Esports,ban,Ascent,120
VCT 2025: Americas Stage 2,Group Stage,Week 3,G2 Esports vs Evil Geniuses,ban,Sunset,5248
VCT 2025: Pacific Stage 2,Group Stage,Week 1,Rex Regum Qeon vs Gen.G,ban,Bind,17
VCT 2025: Pacific Stage 2,Group Stage,Week 2,Rex Regum Qeon vs Nongshim RedForce,pick,Haven,878
Valorant Masters Toronto 2025,Swiss Stage,Round 3 (1-1),Paper Rex vs Team Liquid,pick,Split,624
Valorant Masters Toronto 2025,Playoffs,Grand Final,Paper Rex vs FNATIC,pick,Pearl,624
VCT 2025: EMEA Stage 1,Group Stage,Week 1,Team Heretics vs Apeks,pick,Ascent,1001
VCT 2025: EMEA Stage 1,Group Stage,Week 4,Gentle Mates vs BBL Esports,ban,Split,12694
VCT 2025: EMEA Stage 1,Playoffs,Grand Final,FNATIC vs Team Heretics,pick,Fracture,2593
VCT 2025: China Stage 1,Group Stage,Week 5,Titan Esports Club vs Nova Esports,ban,Ascent,14137
Valorant Masters Bangkok 2025,Playoffs,Lower Final,EDward Gaming vs T1,pick,Haven,14
VCT 2025: EMEA Kickoff,Main Event,Upper Quarterfinals,Team Heretics vs Gentle Mates,ban,Haven,1001
VCT 2025: EMEA Kickoff,Main Event,Upper Semifinals,BBL Esports vs Team Heretics,pick,Lotus,1001
VCT 2025: Pacific Kickoff,Main Event,Upper Quarterfinals,TALON vs Global Esports,ban,Bind,8304
VCT 2025: Pacific Kickoff,Main Event,Lower Round 1,Paper Rex vs ZETA DIVISION,ban,Abyss,5448
VCT 2025: Pacific Kickoff,Main Event,Lower Round 2,DetonatioN FocusMe vs Paper Rex,pick,Pearl,624
VCT 2025: Pacific Kickoff,Main Event,Upper Final,T1 vs DRX,pick,Lotus,8185
Valorant Champions 2025,Group Stage,Elimination (A),Xi Lai Gaming vs Sentinels,ban,Corrode,13581
VCT 2025: Americas Stage 2,Group Stage,Week 1,Cloud9 vs FURIA,ban,Lotus,2406
VCT 2025: Americas Stage 2,Group Stage,Week 1,Evil Geniuses vs 2Game Esports,pick,Sunset,15072
VCT 2025: Americas Stage 2,Group Stage,Week 3,LEVIATÁN vs NRG,ban,Bind,
VCT 2025: Americas Stage 2,Group Stage,Week 3,G2 Esports vs Evil Geniuses,ban,Bind,11058
VCT 2025: EMEA Stage 2,Group Stage,Week 5,FUT Esports vs BBL Esports,ban,Bind,397
VCT 2025: Pacific Stage 2,Playoffs,Upper Semifinals,Paper Rex vs T1,ban,Icebox,14
VCT 2025: China Stage 2,Group Stage,Week 3,Titan Esports Club vs JDG Esports,ban,Corrode,14137
VCT 2025: China Stage 2,Playoffs,Upper Semifinals,Xi Lai Gaming vs Dragon Ranger Gaming,ban,Ascent,13581
Valorant Masters Toronto 2025,Swiss Stage,Round 1,Team Heretics vs Paper Rex,pick,Icebox,1001
VCT 2025: EMEA Stage 1,Group Stage,Week 2,Team Liquid vs BBL Esports,ban,Pearl,474
VCT 2025: EMEA Stage 1,Group Stage,Week 2,KOI vs Karmine Corp,ban,Haven,7035
VCT 2025: Pacific Stage 1,Group Stage,Week 2,BOOM Esports vs Global Esports,pick,Lotus,918
VCT 2025: Pacific Stage 1,Playoffs,Upper Round 1,TALON vs Gen.G,ban,Fracture,17
VCT 2025: China Stage 1,Group Stage,Week 1,TYLOO vs EDward Gaming,pick,Haven,1120
VCT 2025: China Stage 1,Group Stage,Week 2,Xi Lai Gaming vs All Gamers,pick,Lotus,1119
VCT 2025: China Stage 1,Playoffs,Lower Final,Wolves Esports vs Bilibili Gaming,pick,Icebox,12010
VCT 2025: Americas Stage 1,Group Stage,Week 5,Sentinels vs 2Game Esports,ban,Icebox,2
VCT 2025: Americas Stage 1,Group Stage,Week 5,Evil Geniuses vs LOUD,ban,Haven,5248
VCT 2025: Americas Kickoff,Main Event,Upper Final,Sentinels vs G2 Esports,pick,Abyss,11058
Valorant Champions 2025,Group Stage,Elimination (A),Xi Lai Gaming vs Sentinels,ban,Sunset,13581
VCT 2025: EMEA Stage 2,Group Stage,Week 2,Gentle Mates vs Team Heretics,pick,Corrode,12694
VCT 2025: EMEA Stage 2,Group Stage,Week 2,KOI vs FNATIC,ban,Icebox,2593
VCT 2025: China Stage 2,Group Stage,Week 2,TYLOO vs Titan Esports Club,ban,Bind,14137
Valorant Masters Toronto 2025,Playoffs,Upper Semifinals,Sentinels vs Paper Rex,ban,Haven,624
Valorant Masters Toronto 2025,Playoffs,Lower Round 2,Sentinels vs FNATIC,pick,Sunset,2
VCT 2025: China Stage 1,Playoffs,Lower Round 1,Nova Esports vs Trace Esports,ban,Haven,12064
VCT 2025: China Stage 1,Playoffs,Lower Round 2,Bilibili Gaming vs Trace Esports,ban,Ascent,12685
VCT 2025: Pacific Kickoff,Main Event,Lower Round 1,Paper Rex vs ZETA DIVISION,ban,Split,624
Valorant Champions 2025,Group Stage,Elimination (C),Team Liquid vs EDward Gaming,ban,Corrode,474
VCT 2025: EMEA Stage 2,Group Stage,Week 2,KOI vs FNATIC,ban,Lotus,7035
VCT 2025: EMEA Stage 2,Group Stage,Week 4,Team Liquid vs FNATIC,pick,Ascent,2593
VCT 2025: EMEA Stage 2,Playoffs,Upper Semifinals,Team Liquid vs GIANTX,ban,Icebox,474
VCT 2025: EMEA Stage 2,Playoffs,Lower Final,BBL Esports vs GIANTX,ban,Icebox,14419
VCT 2025: Pacific Stage 2,Group Stage,Week 3,BOOM Esports vs DetonatioN FocusMe,ban,Bind,278
VCT 2025: Pacific Stage 2,Group Stage,Week 3,Rex Regum Qeon vs DRX,ban,Lotus,878
VCT 2025: Pacific Stage 2,Playoffs,Lower Round 1,Rex Regum Qeon vs Gen.G,ban,Icebox,17
Valorant Masters Toronto 2025,Playoffs,Lower Round 3,G2 Esports vs FNATIC,ban,Icebox,11058
VCT 2025: Pacific Stage 1,Group Stage,Week 5,Rex Regum Qeon vs Team Secret,ban,Icebox,6199
VCT 2025: Pacific Stage 1,Playoffs,Upper Round 1,DRX vs T1,ban,Pearl,8185
VCT 2025: China Stage 1,Group Stage,Week 2,Bilibili Gaming vs JDG Esports,ban,Ascent,13576
VCT 2025: China Stage 1,Group Stage,Week 3,JDG Esports vs Trace Esports,ban,Icebox,12685
Valorant Masters Bangkok 2025,Swiss Stage,Round 1,Team Vitality vs T1,pick,Fracture,2059
Valorant Masters Bangkok 2025,Playoffs,Upper Semifinals,EDward Gaming vs T1,ban,Lotus,1120
VCT 2025: EMEA Kickoff,Main Event,Lower Final,Team Heretics vs Team Liquid,ban,Split,1001
VCT 2025: Pacific Kickoff,Main Event,Lower Round 4,TALON vs Gen.G,ban,Fracture,17
VCT 2025: Americas Kickoff,Main Event,Upper Round 1,2Game Esports vs FURIA,pick,Lotus,2406
VCT 2025: EMEA Stage 2,Playoffs,Upper Semifinals,Team Liquid vs GIANTX,ban,Bind,14419
VCT 2025: Pacific Stage 2,Group Stage,Week 2,TALON vs DetonatioN FocusMe,pick,Corrode,278
Valorant Masters Toronto 2025,Swiss Stage,Round 1,Sentinels vs Wolves Esports,pick,Split,13790
VCT 2025: China Stage 1,Group Stage,Week 4,All Gamers vs JDG Esports,ban,Icebox,1119
VCT 2025: Americas Stage 1,Group Stage,Week 3,100 Thieves vs LOUD,ban,Pearl,120
VCT 2025: Americas Stage 1,Group Stage,Week 3,Cloud9 vs MIBR,ban,Split,7386
VCT 2025: Americas Stage 1,Group Stage,Week 4,100 Thieves vs 2Game Esports,ban,Haven,15072
VCT 2025: Americas Stage 1,Group Stage,Week 5,KRÜ Esports vs 100 Thieves,ban,Ascent,2355
Valorant Masters Bangkok 2025,Swiss Stage,Round 2 (1-0),EDward Gaming vs G2 Esports,ban,Lotus,1120
VCT 2025: China Kickoff,Main Event,Upper Semifinals,Bilibili Gaming vs FunPlus Phoenix,pick,Lotus,11328
Valorant Champions 2025,Group Stage,Opening (B),Bilibili Gaming vs MIBR,ban,Bind,7386
VCT 2025: EMEA Stage 2,Group Stage,Week 5,KOI vs Natus Vincere,ban,Sunset,7035
VCT 2025: Pacific Stage 2,Group Stage,Week 4,Rex Regum Qeon vs Team Secret,ban,Haven,6199
VCT 2025: China Stage 2,Group Stage,Week 3,FunPlus Phoenix vs Dragon Ranger Gaming,pick,Haven,11981
VCT 2025: China Stage 2,Playoffs,Lower Round 1,EDward Gaming vs Trace Esports,ban,Corrode,12685
VCT 2025: EMEA Stage 1,Group Stage,Week 2,Apeks vs Natus Vincere,pick,Haven,11479
VCT 2025: Pacific Stage 1,Playoffs,Upper Round 1,DRX vs T1,ban,Ascent,14
VCT 2025: China Stage 1,Group Stage,Week 1,JDG Esports vs Wolves Esports,pick,Pearl,13790
VCT 2025: China Stage 1,Group Stage,Week 2,Titan Esports Club vs Dragon Ranger Gaming,ban,Split,14137
VCT 2025: Americas Stage 1,Playoffs,Upper Final,MIBR vs Sentinels,pick,Lotus,7386
VCT 2025: EMEA Kickoff,Main Event,Lower Round 1,Team Liquid vs Apeks,ban,Lotus,474
VCT 2025: EMEA Kickoff,Main Event,Lower Round 2,Gentle Mates vs FNATIC,ban,Pearl,2593
VCT 2025: Americas Kickoff,Main Event,Lower Final,Sentinels vs MIBR,ban,Fracture,7386
VCT 2025: China Kickoff,Main Event,Lower Round 1,Titan Esports Club vs JDG Esports,pick,Abyss,14137
Valorant Champions 2025,Playoffs,Lower Round 1,DRX vs G2 Esports,ban,Corrode,8185
Valorant Champions 2025,Playoffs,Lower Round 2,Paper Rex vs Team Heretics,ban,Haven,624
VCT 2025: Americas Stage 2,Group Stage,Week 1,Evil Geniuses vs 2Game Esports,pick,Lotus,5248
VCT 2025: Americas Stage 2,Playoffs,Upper Round 1,G2 Esports vs 100 Thieves,pick,Sunset,120
VCT 2025: EMEA Stage 2,Group Stage,Week 1,Team Liquid vs KOI,ban,Sunset,474
VCT 2025: EMEA Stage 2,Group Stage,Week 3,Team Vitality vs Team Heretics,ban,Corrode,1001
VCT 2025: Pacific Stage 2,Playoffs,Upper Round 1,Rex Regum Qeon vs T1,ban,Lotus,878
VCT 2025: China Stage 2,Group Stage,Week 1,JDG Esports vs Trace Esports,ban,Bind,13576
VCT 2025: China Stage 2,Group Stage,Week 4,Nova Esports vs Wolves Esports,ban,Lotus,12064
VCT 2025: EMEA Stage 1,Group Stage,Week 2,FUT Esports vs Gentle Mates,pick,Icebox,12694
VCT 2025: EMEA Stage 1,Group Stage,Week 3,Natus Vincere vs GIANTX,pick,Pearl,14419
VCT 2025: Pacific Stage 1,Group Stage,Week 4,Gen.G vs Global Esports,ban,Split,17
VCT 2025: Pacific Stage 1,Playoffs,Upper Semifinals,BOOM Esports vs Gen.G,ban,Pearl,466
VCT 2025: Pacific Stage 1,Playoffs,Upper Final,Gen.G vs Rex Regum Qeon,pick,Lotus,17
VCT 2025: Pacific Stage 1,Playoffs,Grand Final,Gen.G vs Rex Regum Qeon,pick,Lotus,17
VCT 2025: Americas Stage 1,Group Stage,Week 1,Sentinels vs 100 Thieves,ban,Fracture,2
VCT 2025: Americas Stage 1,Group Stage,Week 5,G2 Esports vs Cloud9,pick,Haven,11058
VCT 2025: EMEA Kickoff,Main Event,Upper Quarterfinals,FUT Esports vs Team Liquid,ban,Abyss,1184
VCT 2025: Americas Kickoff,Main Event,Lower Round 4,MIBR vs KRÜ Esports,ban,Pearl,2355
VCT 2025: China Kickoff,Main Event,Upper Round 1,TYLOO vs Titan Esports Club,pick,Fracture,14137
VCT 2025: EMEA Stage 2,Group Stage,Week 4,Team Liquid vs FNATIC,pick,Bind,474
Valorant Masters Toronto 2025,Swiss Stage,Round 1,Team Heretics vs Paper Rex,pick,Pearl,624
VCT 2025: EMEA Stage 1,Group Stage,Week 1,FNATIC vs Natus Vincere,ban,Ascent,4915
VCT 2025: EMEA Stage 1,Group Stage,Week 4,Team Vitality vs Apeks,pick,Lotus,2059
VCT 2025: EMEA Stage 1,Group Stage,Week 4,GIANTX vs FNATIC,pick,Lotus,2593
VCT 2025: EMEA Stage 1,Group Stage,Week 5,FNATIC vs Team Heretics,pick,Haven,1001
VCT 2025: Pacific Stage 1,Group Stage,Week 5,Paper Rex vs Global Esports,ban,Icebox,918
VCT 2025: China Stage 1,Group Stage,Week 3,Nova Esports vs FunPlus Phoenix,ban,Pearl,12064
VCT 2025: China Stage 1,Playoffs,Lower Round 1,Nova Esports vs Trace Esports,ban,Ascent,12685
VCT 2025: Pacific Kickoff,Main Event,Upper Final,T1 vs DRX,ban,Split,14
VCT 2025: Americas Kickoff,Main Event,Upper Semifinals,G2 Esports vs LEVIATÁN,pick,Fracture,2359
VCT 2025: Americas Stage 2,Group Stage,Week 1,100 Thieves vs NRG,pick,Bind,120
VCT 2025: EMEA Stage 2,Group Stage,Week 2,Apeks vs Karmine Corp,ban,Haven,11479
VCT 2025: EMEA Stage 2,Playoffs,Lower Round 1,FNATIC vs Karmine Corp,ban,Sunset,2593
VCT 2025: China Stage 2,Group Stage,Week 2,Xi Lai Gaming vs Wolves Esports,ban,Ascent,13790
VCT 2025: China Stage 2,Group Stage,Week 4,Dragon Ranger Gaming vs Xi Lai Gaming,pick,Ascent,11981
Valorant Masters Toronto 2025,Playoffs,Upper Semifinals,Sentinels vs Paper Rex,pick,Sunset,2
VCT 2025: Americas Stage 1,Playoffs,Upper Round 1,Sentinels vs Cloud9,pick,Ascent,188
VCT 2025: Pacific Kickoff,Main Event,Lower Round 1,Rex Regum Qeon vs Team Secret,ban,Fracture,6199
VCT 2025: China Kickoff,Main Event,Lower Round 4,Dragon Ranger Gaming vs EDward Gaming,ban,Abyss,1120
Valorant Champions 2025,Playoffs,Lower Round 1,DRX vs G2 Esports,pick,Lotus,11058
VCT 2025: EMEA Stage 1,Group Stage,Week 2,FUT Esports vs Gentle Mates,ban,Ascent,12694
VCT 2025: Pacific Stage 1,Group Stage,Week 3,T1 vs Team Secret,ban,Ascent,6199
VCT 2025: Pacific Stage 1,Playoffs,Lower Round 2,DRX vs TALON,ban,Ascent,8304
VCT 2025: China Stage 1,Group Stage,Week 2,Wolves Esports vs Trace Esports,ban,Lotus,13790
VCT 2025: Americas Stage 1,Group Stage,Week 1,KRÜ Esports vs LOUD,ban,Pearl,2355
VCT 2025: Americas Stage 1,Group Stage,Week 2,100 Thieves vs Evil Geniuses,ban,Lotus,120
VCT 2025: Americas Stage 1,Playoffs,Lower Round 2,G2 Esports vs 100 Thieves,ban,Fracture,11058
VCT 2025: Americas Kickoff,Main Event,Upper Quarterfinals,LEVIATÁN vs FURIA,ban,Pearl,2406
VCT 2025: China Kickoff,Main Event,Upper Quarterfinals,EDward Gaming vs Nova Esports,pick,Split,12064
Valorant Champions 2025,Group Stage,Winner's (A),Paper Rex vs GIANTX,ban,Corrode,624
VCT 2025: EMEA Stage 2,Group Stage,Week 3,Natus Vincere vs FNATIC,ban,Lotus,4915
VCT 2025: EMEA Stage 2,Group Stage,Week 4,FUT Esports vs Team Heretics,ban,Lotus,1184
VCT 2025: China Stage 2,Group Stage,Week 2,TYLOO vs Titan Esports Club,ban,Ascent,731
VCT 2025: China Stage 2,Group Stage,Week 4,Dragon Ranger Gaming vs Xi Lai Gaming,ban,Icebox,13581
VCT 2025: China Stage 2,Playoffs,Grand Final,Dragon Ranger Gaming vs Bilibili Gaming,pick,Corrode,11981
VCT 2025: EMEA Stage 1,Group Stage,Week 4,Team Liquid vs KOI,pick,Split,474
VCT 2025: EMEA Stage 1,Playoffs,Upper Semifinals,Team Heretics vs BBL Esports,ban,Fracture,1001
VCT 2025: EMEA Stage 1,Playoffs,Upper Semifinals,Team Liquid vs FNATIC,pick,Split,474
VCT 2025: Pacific Stage 1,Group Stage,Week 1,TALON vs Team Secret,ban,Ascent,6199
VCT 2025: Pacific Stage 1,Group Stage,Week 4,TALON vs ZETA DIVISION,ban,Fracture,5448
VCT 2025: China Stage 1,Playoffs,Lower Final,Wolves Esports vs Bilibili Gaming,pick,Lotus,13790
VCT 2025: Americas Stage 1,Group Stage,Week 2,100 Thieves vs Evil Geniuses,ban,Ascent,5248
Valorant Champions 2025,Group Stage,Opening (B),Bilibili Gaming vs MIBR,ban,Abyss,12010
Valorant Champions 2025,Group Stage,Winner's (D),Team Heretics vs T1,pick,Lotus,1001
Valorant Champions 2025,Group Stage,Elimination (B),Bilibili Gaming vs Rex Regum Qeon,ban,Corrode,12010
Valorant Champions 2025,Playoffs,Lower Round 1,Team Heretics vs GIANTX,ban,Sunset,1001
VCT 2025: Americas Stage 2,Group Stage,Week 5,MIBR vs LOUD,pick,Icebox,7386
VCT 2025: EMEA Stage 2,Playoffs,Upper Semifinals,Team Liquid vs GIANTX,ban,Lotus,14419
VCT 2025: Pacific Stage 2,Group Stage,Week 3,BOOM Esports vs DetonatioN FocusMe,pick,Corrode,278
VCT 2025: Pacific Stage 2,Playoffs,Lower Round 1,Rex Regum Qeon vs Gen.G,ban,Ascent,878
VCT 2025: Pacific Stage 2,Playoffs,Lower Final,TALON vs Rex Regum Qeon,pick,Haven,878
VCT 2025: China Stage 2,Group Stage,Week 1,All Gamers vs Xi Lai Gaming,ban,Corrode,13581
VCT 2025: China Stage 2,Group Stage,Week 3,Nova Esports vs All Gamers,ban,Ascent,1119
VCT 2025: Pacific Stage 1,Group Stage,Week 1,DetonatioN FocusMe vs Global Esports,ban,Fracture,278
VCT 2025: Pacific Stage 1,Group Stage,Week 2,Team Secret vs ZETA DIVISION,ban,Split,5448
VCT 2025: Pacific Stage 1,Group Stage,Week 5,T1 vs TALON,pick,Haven,14
VCT 2025: Pacific Stage 1,Playoffs,Upper Semifinals,Rex Regum Qeon vs DRX,ban,Haven,8185
VCT 2025: China Stage 1,Group Stage,Week 4,EDward Gaming vs Titan Esports Club,pick,Lotus,1120
VCT 2025: Americas Stage 1,Group Stage,Week 5,MIBR vs FURIA,ban,Fracture,7386
Valorant Masters Bangkok 2025,Playoffs,Lower Final,EDward Gaming vs T1,pick,Fracture,1120
VCT 2025: EMEA Kickoff,Main Event,Upper Round 1,BBL Esports vs GIANTX,ban,Bind,397
VCT 2025: Pacific Kickoff,Main Event,Upper Round 1,DetonatioN FocusMe vs Rex Regum Qeon,ban,Bind,878
VCT 2025: Pacific Kickoff,Main Event,Lower Round 1,Rex Regum Qeon vs Team Secret,pick,Pearl,878
VCT 2025: Americas Kickoff,Main Event,Lower Final,Sentinels vs MIBR,pick,Abyss,7386
VCT 2025: China Kickoff,Main Event,Lower Round 2,JDG Esports vs Xi Lai Gaming,ban,Fracture,13581
Valorant Champions 2025,Group Stage,Elimination (C),Team Liquid vs EDward Gaming,ban,Lotus,1120
Valorant Champions 2025,Playoffs,Lower Final,FNATIC vs DRX,pick,Bind,8185
VCT 2025: EMEA Stage 2,Group Stage,Week 2,Gentle Mates vs Team Heretics,ban,Lotus,1001
VCT 2025: Pacific Stage 2,Group Stage,Week 1,T1 vs Paper Rex,pick,Lotus,624
VCT 2025: Pacific Stage 2,Playoffs,Lower Round 2,T1 vs Nongshim RedForce,ban,Corrode,14
VCT 2025: China Stage 2,Playoffs,Grand Final,Dragon Ranger Gaming vs Bilibili Gaming,pick,Lotus,12010
Valorant Masters Toronto 2025,Playoffs,Upper Final,Paper Rex vs Wolves Esports,pick,Lotus,624
VCT 2025: EMEA Stage 1,Playoffs,Lower Round 1,FUT Esports vs Team Vitality,ban,Icebox,1184
VCT 2025: Pacific Stage 1,Group Stage,Week 2,Team Secret vs ZETA DIVISION,pick,Icebox,6199
VCT 2025: Pacific Stage 1,Group Stage,Week 2,TALON vs Rex Regum Qeon,pick,Ascent,878
VCT 2025: Pacific Stage 1,Group Stage,Week 3,Rex Regum Qeon vs ZETA DIVISION,pick,Haven,878
VCT 2025: China Stage 1,Group Stage,Week 2,TYLOO vs FunPlus Phoenix,ban,Lotus,731
VCT 2025: Americas Stage 1,Playoffs,Upper Semifinals,KRÜ Esports vs MIBR,pick,Icebox,7386
VCT 2025: Americas Stage 1,Playoffs,Lower Round 3,G2 Esports vs Evil Geniuses,ban,Haven,5248
VCT 2025: China Kickoff,Main Event,Upper Round 1,All Gamers vs Nova Esports,ban,Haven,12064
VCT 2025: China Kickoff,Main Event,Lower Final,Bilibili Gaming vs EDward Gaming,ban,Fracture,12010
Valorant Champions 2025,Group Stage,Decider (A),GIANTX vs Xi Lai Gaming,ban,Corrode,13581
Valorant Champions 2025,Playoffs,Upper Final,FNATIC vs NRG,ban,Sunset,2593
VCT 2025: Pacific Stage 2,Group Stage,Week 1,ZETA DIVISION vs DetonatioN FocusMe,pick,Haven,5448
VCT 2025: China Stage 2,Group Stage,Week 1,Wolves Esports vs FunPlus Phoenix,pick,Sunset,11328
VCT 2025: China Stage 2,Group Stage,Week 4,Trace Esports vs Titan Esports Club,pick,Haven,14137
VCT 2025: China Stage 2,Playoffs,Lower Round 2,TYLOO vs EDward Gaming,ban,Icebox,1120
VCT 2025: China Stage 2,Playoffs,Lower Round 3,EDward Gaming vs Xi Lai Gaming,ban,Sunset,13581
VCT 2025: China Stage 2,Playoffs,Lower Final,Bilibili Gaming vs EDward Gaming,pick,Haven,1120
VCT 2025: EMEA Stage 1,Playoffs,Upper Semifinals,Team Liquid vs FNATIC,ban,Haven,474
VCT 2025: Pacific Stage 1,Group Stage,Week 2,DRX vs DetonatioN FocusMe,ban,Haven,278
VCT 2025: China Stage 1,Playoffs,Lower Round 1,Titan Esports Club vs Dragon Ranger Gaming,ban,Pearl,14137
Valorant Masters Bangkok 2025,Swiss Stage,Round 1,EDward Gaming vs Team Liquid,pick,Pearl,1120
VCT 2025: EMEA Kickoff,Main Event,Lower Round 3,FUT Esports vs FNATIC,ban,Split,1184
VCT 2025: China Kickoff,Main Event,Lower Round 2,Nova Esports vs Dragon Ranger Gaming,pick,Bind,12064
VCT 2025: Americas Stage 2,Group Stage,Week 3,2Game Esports vs FURIA,ban,Lotus,2406
VCT 2025: Americas Stage 2,Group Stage,Week 5,FURIA vs Evil Geniuses,pick,Ascent,2406
VCT 2025: Americas Stage 2,Playoffs,Lower Final,Sentinels vs NRG,ban,Ascent,2
VCT 2025: Pacific Stage 2,Group Stage,Week 2,T1 vs ZETA DIVISION,pick,Sunset,14
VCT 2025: China Stage 2,Group Stage,Week 1,All Gamers vs Xi Lai Gaming,ban,Bind,1119
VCT 2025: China Stage 2,Group Stage,Week 2,FunPlus Phoenix vs Nova Esports,ban,Lotus,11328
VCT 2025: Pacific Stage 1,Playoffs,Grand Final,Gen.G vs Rex Regum Qeon,ban,Pearl,17
VCT 2025: China Stage 1,Group Stage,Week 1,Trace Esports vs All Gamers,pick,Lotus,1119
Valorant Masters Bangkok 2025,Playoffs,Grand Final,G2 Esports vs T1,ban,Fracture,11058
VCT 2025: Americas Kickoff,Main Event,Lower Round 1,100 Thieves vs NRG,ban,Fracture,
VCT 2025: Americas Kickoff,Main Event,Upper Semifinals,LOUD vs Sentinels,pick,Lotus,6961
VCT 2025: China Kickoff,Main Event,Upper Quarterfinals,Trace Esports vs Dragon Ranger Gaming,ban,Lotus,11981
Valorant Champions 2025,Group Stage,Opening (C),Team Liquid vs DRX,ban,Haven,474
Valorant Champions 2025,Playoffs,Upper Quarterfinals,NRG vs GIANTX,ban,Sunset,
VCT 2025: Americas Stage 2,Group Stage,Week 5,100 Thieves vs LEVIATÁN,ban,Icebox,120
VCT 2025: Americas Stage 2,Playoffs,Upper Semifinals,NRG vs G2 Esports,ban,Ascent,
VCT 2025: EMEA Stage 2,Group Stage,Week 1,Team Vitality vs GIANTX,ban,Haven,14419
VCT 2025: China Stage 2,Group Stage,Week 4,TYLOO vs JDG Esports,pick,Haven,731
VCT 2025: China Stage 2,Playoffs,Upper Quarterfinals,All Gamers vs TYLOO,pick,Lotus,1119
Valorant Masters Toronto 2025,Swiss Stage,Round 2 (1-0),Bilibili Gaming vs Sentinels,ban,Ascent,2
VCT 2025: Pacific Stage 1,Group Stage,Week 1,Nongshim RedForce vs Rex Regum Qeon,pick,Split,11060
VCT 2025: Pacific Stage 1,Group Stage,Week 3,Gen.G vs DetonatioN FocusMe,ban,Ascent,17
VCT 2025: China Stage 1,Group Stage,Week 4,Trace Esports vs Xi Lai Gaming,ban,Ascent,13581
VCT 2025: Americas Stage 1,Group Stage,Week 1,2Game Esports vs Evil Geniuses,ban,Ascent,5248
VCT 2025: Americas Stage 1,Group Stage,Week 4,G2 Esports vs LEVIATÁN,ban,Ascent,2359
VCT 2025: Americas Stage 1,Playoffs,Upper Round 1,MIBR vs 100 Thieves,ban,Pearl,120
VCT 2025: Americas Stage 1,Playoffs,Lower Round 2,G2 Esports vs 100 Thieves,pick,Split,11058
Valorant Champions 2025,Group Stage,Opening (D),G2 Esports vs Team Heretics,pick,Lotus,11058
VCT 2025: Americas Stage 2,Group Stage,Week 5,G2 Esports vs Cloud9,ban,Bind,11058
VCT 2025: EMEA Stage 2,Group Stage,Week 5,KOI vs Natus Vincere,ban,Bind,7035
VCT 2025: China Stage 2,Playoffs,Lower Round 3,EDward Gaming vs Xi Lai Gaming,pick,Lotus,13581
VCT 2025: Pacific Stage 1,Group Stage,Week 5,Nongshim RedForce vs ZETA DIVISION,ban,Fracture,11060
VCT 2025: China Stage 1,Group Stage,Week 5,JDG Esports vs Xi Lai Gaming,ban,Ascent,13576
VCT 2025: China Stage 1,Playoffs,Upper Round 1,Titan Esports Club vs Wolves Esports,ban,Pearl,14137
VCT 2025: Americas Stage 1,Group Stage,Week 3,Cloud9 vs MIBR,pick,Lotus,188
VCT 2025: Americas Stage 1,Group Stage,Week 5,G2 Esports vs Cloud9,ban,Fracture,11058
VCT 2025: Americas Stage 1,Group Stage,Week 5,MIBR vs FURIA,pick,Ascent,2406
VCT 2025: EMEA Kickoff,Main Event,Lower Round 1,FNATIC vs Natus Vincere,ban,Lotus,4915
VCT 2025: Pacific Kickoff,Main Event,Upper Quarterfinals,Paper Rex vs T1,pick,Bind,14
VCT 2025: China Kickoff,Main Event,Lower Round 1,Dragon Ranger Gaming vs TYLOO,ban,Lotus,731
Valorant Champions 2025,Group Stage,Decider (C),DRX vs Team Liquid,ban,Sunset,8185
VCT 2025: Americas Stage 2,Group Stage,Week 2,2Game Esports vs G2 Esports,ban,Sunset,11058
VCT 2025: Americas Stage 2,Group Stage,Week 2,Cloud9 vs Evil Geniuses,ban,Ascent,188
VCT 2025: Americas Stage 2,Group Stage,Week 3,LEVIATÁN vs NRG,ban,Sunset,
VCT 2025: EMEA Stage 2,Group Stage,Week 3,Gentle Mates vs BBL Esports,pick,Lotus,12694
VCT 2025: EMEA Stage 2,Group Stage,Week 5,KOI vs Natus Vincere,ban,Haven,4915
VCT 2025: EMEA Stage 2,Playoffs,Lower Round 2,Team Heretics vs Natus Vincere,pick,Haven,1001
VCT 2025: EMEA Stage 2,Playoffs,Lower Round 3,GIANTX vs Natus Vincere,ban,Corrode,14419
VCT 2025: Pacific Stage 2,Playoffs,Lower Round 2,DRX vs Rex Regum Qeon,ban,Sunset,8185
VCT 2025: China Stage 2,Group Stage,Week 1,Dragon Ranger Gaming vs Nova Esports,ban,Haven,11981
VCT 2025: China Stage 2,Group Stage,Week 4,TYLOO vs JDG Esports,pick,Ascent,13576
VCT 2025: Americas Stage 1,Group Stage,Week 5,LEVIATÁN vs NRG,ban,Split,
Valorant Masters Bangkok 2025,Swiss Stage,Round 3,T1 vs DRX,ban,Abyss,14
Valorant Masters Bangkok 2025,Swiss Stage,Round 3,T1 vs DRX,ban,Split,8185
Valorant Masters Bangkok 2025,Playoffs,Upper Final,EDward Gaming vs G2 Esports,ban,Haven,11058
VCT 2025: EMEA Kickoff,Main Event,Lower Round 1,Karmine Corp vs GIANTX,ban,Split,8877
VCT 2025: Pacific Kickoff,Main Event,Lower Round 3,Gen.G vs DetonatioN FocusMe,pick,Lotus,17
Valorant Champions 2025,Group Stage,Elimination (D),G2 Esports vs Dragon Ranger Gaming,ban,Haven,11981
VCT 2025: Americas Stage 2,Playoffs,Upper Semifinals,Sentinels vs Cloud9,pick,Corrode,2
VCT 2025: Pacific Stage 2,Group Stage,Week 1,Rex Regum Qeon vs Global Esports,ban,Lotus,878
VCT 2025: Pacific Stage 2,Group Stage,Week 1,Rex Regum Qeon vs Global Esports,ban,Ascent,918
VCT 2025: Pacific Stage 2,Group Stage,Week 3,Paper Rex vs ZETA DIVISION,pick,Sunset,624
VCT 2025: China Stage 2,Group Stage,Week 2,JDG Esports vs Bilibili Gaming,pick,Sunset,12010
VCT 2025: China Stage 2,Group Stage,Week 3,Nova Esports vs All Gamers,ban,Icebox,1119
VCT 2025: China Stage 2,Group Stage,Week 4,Bilibili Gaming vs EDward Gaming,ban,Icebox,1120
VCT 2025: China Stage 2,Playoffs,Grand Final,Dragon Ranger Gaming vs Bilibili Gaming,pick,Sunset,11981
VCT 2025: EMEA Stage 1,Group Stage,Week 1,Team Vitality vs GIANTX,ban,Fracture,14419
VCT 2025: Pacific Stage 1,Playoffs,Lower Round 1,T1 vs Paper Rex,ban,Icebox,14
VCT 2025: Pacific Stage 1,Playoffs,Lower Round 2,DRX vs TALON,pick,Icebox,8304
VCT 2025: China Stage 1,Playoffs,Upper Semifinals,Bilibili Gaming vs Wolves Esports,pick,Split,13790
VCT 2025: EMEA Kickoff,Main Event,Upper Round 1,Apeks vs Gentle Mates,ban,Lotus,12694
VCT 2025: EMEA Kickoff,Main Event,Lower Round 1,Karmine Corp vs GIANTX,pick,Lotus,14419
VCT 2025: EMEA Kickoff,Main Event,Grand Final,Team Vitality vs Team Liquid,pick,Lotus,2059
VCT 2025: Americas Kickoff,Main Event,Lower Round 1,100 Thieves vs NRG,ban,Haven,120
VCT 2025: China Kickoff,Main Event,Upper Quarterfinals,Bilibili Gaming vs Xi Lai Gaming,ban,Bind,12010
Valorant Champions 2025,Group Stage,Opening (D),Dragon Ranger Gaming vs T1,pick,Lotus,11981
Valorant Champions 2025,Group Stage,Elimination (C),Team Liquid vs EDward Gaming,pick,Abyss,1120
Valorant Champions 2025,Playoffs,Upper Semifinals,MIBR vs NRG,ban,Bind,
VCT 2025: Americas Stage 2,Playoffs,Upper Round 1,G2 Esports vs 100 Thieves,ban,Lotus,120
VCT 2025: Americas Stage 2,Playoffs,Lower Round 1,LEVIATÁN vs KRÜ Esports,ban,Icebox,2355
Valorant Masters Toronto 2025,Playoffs,Lower Round 1,Rex Regum Qeon vs FNATIC,pick,Haven,878
VCT 2025: EMEA Stage 1,Group Stage,Week 4,Karmine Corp vs FUT Esports,pick,Lotus,8877
VCT 2025: Pacific Stage 1,Group Stage,Week 2,T1 vs Nongshim RedForce,ban,Pearl,14
VCT 2025: Pacific Stage 1,Playoffs,Lower Round 2,DRX vs TALON,ban,Haven,8185
VCT 2025: China Stage 1,Playoffs,Upper Final,Wolves Esports vs Xi Lai Gaming,ban,Fracture,13790
VCT 2025: Americas Kickoff,Main Event,Upper Semifinals,G2 Esports vs LEVIATÁN,ban,Split,2359
VCT 2025: Americas Kickoff,Main Event,Lower Round 4,MIBR vs KRÜ Esports,ban,Haven,7386
VCT 2025: China Kickoff,Main Event,Lower Round 1,Dragon Ranger Gaming vs TYLOO,ban,Split,731
VCT 2025: Americas Stage 2,Group Stage,Week 4,LEVIATÁN vs KRÜ Esports,ban,Icebox,2359
VCT 2025: Pacific Stage 2,Group Stage,Week 1,Nongshim RedForce vs Team Secret,ban,Icebox,11060
VCT 2025: Pacific Stage 2,Playoffs,Lower Round 1,Rex Regum Qeon vs Gen.G,pick,Haven,17
Valorant Masters Toronto 2025,Playoffs,Lower Round 2,Sentinels vs FNATIC,ban,Split,2
VCT 2025: EMEA Stage 1,Group Stage,Week 2,Team Heretics vs GIANTX,ban,Icebox,14419
VCT 2025: EMEA Stage 1,Group Stage,Week 3,Apeks vs FNATIC,ban,Fracture,11479
VCT 2025: Pacific Stage 1,Group Stage,Week 3,TALON vs Nongshim RedForce,ban,Pearl,8304
VCT 2025: Pacific Stage 1,Group Stage,Week 3,T1 vs Team Secret,ban,Fracture,6199
VCT 2025: Pacific Stage 1,Group Stage,Week 4,DetonatioN FocusMe vs Paper Rex,ban,Haven,624
VCT 2025: China Stage 1,Group Stage,Week 2,Bilibili Gaming vs JDG Esports,ban,Lotus,13576
VCT 2025: China Stage 1,Group Stage,Week 4,Bilibili Gaming vs Wolves Esports,ban,Icebox,12010
VCT 2025: Americas Stage 1,Group Stage,Week 4,G2 Esports vs LEVIATÁN,pick,Lotus,11058
VCT 2025: Americas Kickoff,Main Event,Lower Round 3,LEVIATÁN vs MIBR,ban,Haven,7386
VCT 2025: Americas Kickoff,Main Event,Grand Final,G2 Esports vs Sentinels,pick,Abyss,11058
VCT 2025: China Stage 2,Group Stage,Week 3,Titan Esports Club vs JDG Esports,ban,Bind,13576
Valorant Masters Toronto 2025,Swiss Stage,Round 1,Bilibili Gaming vs Team Liquid,pick,Icebox,12010
Valorant Masters Toronto 2025,Playoffs,Lower Round 1,Rex Regum Qeon vs FNATIC,pick,Lotus,2593
VCT 2025: EMEA Stage 1,Playoffs,Upper Round 1,BBL Esports vs Natus Vincere,ban,Pearl,4915
VCT 2025: China Stage 1,Group Stage,Week 2,TYLOO vs FunPlus Phoenix,pick,Icebox,11328
VCT 2025: China Stage 1,Playoffs,Upper Round 1,Titan Esports Club vs Wolves Esports,ban,Fracture,13790
Valorant Masters Bangkok 2025,Swiss Stage,Round 1,Team Vitality vs T1,ban,Abyss,14
VCT 2025: EMEA Kickoff,Main Event,Upper Round 1,Karmine Corp vs Natus Vincere,pick,Abyss,4915
VCT 2025: EMEA Stage 2,Group Stage,Week 4,Team Liquid vs FNATIC,ban,Lotus,2593
VCT 2025: EMEA Stage 2,Group Stage,Week 5,Team Liquid vs Karmine Corp,pick,Bind,8877
VCT 2025: Pacific Stage 2,Group Stage,Week 1,T1 vs Paper Rex,ban,Bind,14
VCT 2025: EMEA Stage 1,Playoffs,Lower Round 2,Team Liquid vs Natus Vincere,ban,Fracture,4915
VCT 2025: Pacific Stage 1,Group Stage,Week 3,Rex Regum Qeon vs ZETA DIVISION,ban,Lotus,878
VCT 2025: China Stage 1,Group Stage,Week 3,Wolves Esports vs Xi Lai Gaming,pick,Icebox,13790
VCT 2025: China Stage 1,Group Stage,Week 4,Trace Esports vs Xi Lai Gaming,ban,Icebox,12685
VCT 2025: China Stage 1,Group Stage,Week 5,Dragon Ranger Gaming vs TYLOO,ban,Pearl,11981
VCT 2025: China Stage 1,Playoffs,Upper Round 1,Xi Lai Gaming vs Nova Esports,pick,Ascent,12064
VCT 2025: China Stage 1,Playoffs,Lower Final,Wolves Esports vs Bilibili Gaming,pick,Haven,13790
VCT 2025: Americas Stage 1,Group Stage,Week 3,2Game Esports vs KRÜ Esports,pick,Icebox,2355
VCT 2025: Americas Stage 1,Group Stage,Week 4,Sentinels vs LOUD,pick,Lotus,6961
Valorant Champions 2025,Playoffs,Lower Final,FNATIC vs DRX,ban,Abyss,2593
VCT 2025: EMEA Stage 2,Group Stage,Week 1,FUT Esports vs Gentle Mates,ban,Icebox,1184
VCT 2025: EMEA Stage 2,Group Stage,Week 3,FUT Esports vs GIANTX,ban,Ascent,14419
VCT 2025: EMEA Stage 2,Group Stage,Week 3,Natus Vincere vs FNATIC,ban,Sunset,4915
VCT 2025: Pacific Stage 2,Group Stage,Week 1,ZETA DIVISION vs DetonatioN FocusMe,ban,Bind,278
VCT 2025: China Stage 2,Group Stage,Week 2,Dragon Ranger Gaming vs All Gamers,ban,Icebox,1119
VCT 2025: China Stage 2,Group Stage,Week 4,Bilibili Gaming vs EDward Gaming,pick,Sunset,1120
VCT 2025: Pacific Stage 1,Group Stage,Week 1,Nongshim RedForce vs Rex Regum Qeon,ban,Icebox,878
VCT 2025: Pacific Stage 1,Group Stage,Week 4,DRX vs BOOM Esports,pick,Icebox,8185
VCT 2025: Americas Stage 1,Group Stage,Week 2,G2 Esports vs MIBR,ban,Fracture,7386
VCT 2025: Americas Stage 1,Playoffs,Lower Round 1,Cloud9 vs Evil Geniuses,ban,Ascent,5248
Valorant Masters Bangkok 2025,Swiss Stage,Round 1,G2 Esports vs Trace Esports,pick,Lotus,12685
VCT 2025: Americas Kickoff,Main Event,Upper Quarterfinals,KRÜ Esports vs LOUD,ban,Pearl,2355
VCT 2025: China Kickoff,Main Event,Upper Semifinals,Bilibili Gaming vs FunPlus Phoenix,ban,Split,11328
Valorant Champions 2025,Group Stage,Winner's (C),DRX vs NRG,ban,Bind,
VCT 2025: EMEA Stage 2,Group Stage,Week 1,Team Heretics vs BBL Esports,ban,Lotus,1001
VCT 2025: EMEA Stage 2,Playoffs,Upper Round 1,GIANTX vs Natus Vincere,ban,Icebox,14419
VCT 2025: Pacific Stage 2,Playoffs,Lower Round 2,T1 vs Nongshim RedForce,ban,Icebox,14
VCT 2025: China Stage 2,Group Stage,Week 2,FunPlus Phoenix vs Nova Esports,pick,Ascent,11328
Valorant Masters Toronto 2025,Playoffs,Upper Semifinals,Sentinels vs Paper Rex,ban,Ascent,624
VCT 2025: EMEA Stage 1,Group Stage,Week 3,Apeks vs FNATIC,ban,Icebox,2593
VCT 2025: Pacific Stage 1,Group Stage,Week 1,TALON vs Team Secret,ban,Icebox,6199
VCT 2025: Pacific Stage 1,Group Stage,Week 4,TALON vs ZETA DIVISION,ban,Ascent,5448
VCT 2025: Pacific Stage 1,Group Stage,Week 4,DetonatioN FocusMe vs Paper Rex,ban,Icebox,278
VCT 2025: Pacific Stage 1,Group Stage,Week 4,DetonatioN FocusMe vs Paper Rex,pick,Ascent,278
VCT 2025: China Stage 1,Group Stage,Week 3,Wolves Esports vs Xi Lai Gaming,ban,Lotus,13790
VCT 2025: China Stage 1,Group Stage,Week 4,Bilibili Gaming vs Wolves Esports,ban,Pearl,13790
VCT 2025: China Stage 1,Group Stage,Week 4,All Gamers vs JDG Esports,ban,Lotus,13576
VCT 2025: China Stage 1,Group Stage,Week 5,JDG Esports vs Xi Lai Gaming,ban,Haven,13581
VCT 2025: Americas Stage 1,Group Stage,Week 4,FURIA vs Cloud9,pick,Lotus,2406
Valorant Masters Bangkok 2025,Playoffs,Lower Final,EDward Gaming vs T1,pick,Split,14
Valorant Masters Bangkok 2025,Playoffs,Grand Final,G2 Esports vs T1,pick,Haven,14
VCT 2025: EMEA Kickoff,Main Event,Lower Round 3,BBL Esports vs Team Liquid,ban,Lotus,474
VCT 2025: EMEA Kickoff,Main Event,Lower Final,Team Heretics vs Team Liquid,pick,Lotus,1001
VCT 2025: China Kickoff,Main Event,Upper Round 1,JDG Esports vs Dragon Ranger Gaming,ban,Split,13576
VCT 2025: China Kickoff,Main Event,Lower Round 1,Titan Esports Club vs JDG Esports,ban,Split,14137
VCT 2025: China Kickoff,Main Event,Lower Round 1,Nova Esports vs Wolves Esports,pick,Fracture,13790
Valorant Champions 2025,Group Stage,Decider (C),DRX vs Team Liquid,ban,Ascent,8185
Valorant Champions 2025,Playoffs,Grand Final,NRG vs FNATIC,ban,Bind,
VCT 2025: Americas Stage 2,Group Stage,Week 5,FURIA vs Evil Geniuses,ban,Sunset,5248
VCT 2025: EMEA Stage 2,Group Stage,Week 1,FNATIC vs Karmine Corp,ban,Corrode,2593
VCT 2025: EMEA Stage 2,Group Stage,Week 2,Gentle Mates vs Team Heretics,ban,Sunset,12694
VCT 2025: EMEA Stage 2,Group Stage,Week 4,Natus Vincere vs Karmine Corp,ban,Haven,4915
VCT 2025: Pacific Stage 2,Group Stage,Week 1,DRX vs Nongshim RedForce,ban,Haven,11060
VCT 2025: Pacific Stage 2,Group Stage,Week 4,T1 vs DetonatioN FocusMe,pick,Haven,14
VCT 2025: China Stage 2,Group Stage,Week 3,Bilibili Gaming vs Trace Esports,ban,Bind,12010
VCT 2025: China Stage 2,Playoffs,Lower Round 2,Xi Lai Gaming vs All Gamers,pick,Ascent,13581
VCT 2025: EMEA Stage 1,Group Stage,Week 2,Team Heretics vs GIANTX,ban,Fracture,1001
VCT 2025: Pacific Stage 1,Playoffs,Upper Semifinals,BOOM Esports vs Gen.G,ban,Icebox,17
VCT 2025: Pacific Stage 1,Playoffs,Lower Round 2,BOOM Esports vs Paper Rex,ban,Split,466
VCT 2025: China Stage 1,Group Stage,Week 3,TYLOO vs Titan Esports Club,ban,Ascent,731
VCT 2025: China Stage 1,Playoffs,Upper Final,Wolves Esports vs Xi Lai Gaming,pick,Lotus,13581
VCT 2025: Americas Stage 1,Playoffs,Upper Round 1,Sentinels vs Cloud9,pick,Pearl,2
VCT 2025: Americas Stage 1,Playoffs,Upper Round 1,Sentinels vs Cloud9,ban,Haven,188
Valorant Masters Bangkok 2025,Swiss Stage,Round 1,EDward Gaming vs Team Liquid,ban,Abyss,1120
VCT 2025: EMEA Kickoff,Main Event,Upper Quarterfinals,Team Heretics vs Gentle Mates,ban,Lotus,12694
VCT 2025: Pacific Kickoff,Main Event,Upper Round 1,Global Esports vs Team Secret,pick,Abyss,6199
VCT 2025: Americas Kickoff,Main Event,Lower Round 1,FURIA vs Evil Geniuses,pick,Abyss,5248
VCT 2025: China Kickoff,Main Event,Upper Round 1,JDG Esports vs Dragon Ranger Gaming,pick,Abyss,13576
VCT 2025: China Kickoff,Main Event,Upper Quarterfinals,FunPlus Phoenix vs Titan Esports Club,ban,Split,11328
VCT 2025: EMEA Stage 2,Group Stage,Week 1,Team Liquid vs KOI,pick,Icebox,7035
VCT 2025: Pacific Stage 2,Group Stage,Week 1,Rex Regum Qeon vs Gen.G,ban,Lotus,878
VCT 2025: Pacific Stage 2,Group Stage,Week 2,Gen.G vs Global Esports,ban,Bind,17
VCT 2025: Pacific Stage 2,Group Stage,Week 3,Gen.G vs Team Secret,ban,Haven,6199
VCT 2025: China Stage 2,Group Stage,Week 2,All Gamers vs Wolves Esports,ban,Lotus,13790
VCT 2025: China Stage 2,Playoffs,Upper Quarterfinals,EDward Gaming vs Dragon Ranger Gaming,ban,Sunset,11981
Valorant Masters Toronto 2025,Playoffs,Upper Quarterfinals,Xi Lai Gaming vs Sentinels,ban,Ascent,13581
Valorant Masters Toronto 2025,Playoffs,Upper Quarterfinals,Rex Regum Qeon vs Wolves Esports,ban,Split,878
VCT 2025: EMEA Stage 1,Group Stage,Week 3,Apeks vs FNATIC,ban,Pearl,2593
VCT 2025: EMEA Stage 1,Playoffs,Lower Round 1,Natus Vincere vs Karmine Corp,ban,Fracture,8877
VCT 2025: Pacific Stage 1,Group Stage,Week 5,Nongshim RedForce vs ZETA DIVISION,ban,Haven,5448
VCT 2025: Americas Stage 1,Playoffs,Upper Semifinals,G2 Esports vs Sentinels,ban,Pearl,11058
VCT 2025: Americas Kickoff,Main Event,Lower Round 2,NRG vs KRÜ Esports,pick,Abyss,2355
VCT 2025: Americas Kickoff,Main Event,Lower Round 3,LEVIATÁN vs MIBR,ban,Fracture,7386
VCT 2025: Americas Kickoff,Main Event,Upper Final,Sentinels vs G2 Esports,ban,Split,2
VCT 2025: Americas Stage 2,Group Stage,Week 5,FURIA vs Evil Geniuses,ban,Lotus,2406
VCT 2025: EMEA Stage 2,Group Stage,Week 3,Natus Vincere vs FNATIC,pick,Ascent,2593
Valorant Masters Toronto 2025,Playoffs,Upper Quarterfinals,FNATIC vs Gen.G,ban,Lotus,17
VCT 2025: EMEA Stage 1,Group Stage,Week 3,KOI vs BBL Esports,pick,Icebox,7035
VCT 2025: EMEA Stage 1,Group Stage,Week 3,Team Liquid vs FUT Esports,pick,Lotus,1184
VCT 2025: EMEA Stage 1,Group Stage,Week 5,BBL Esports vs FUT Esports,ban,Pearl,397
VCT 2025: EMEA Stage 1,Group Stage,Week 5,Team Vitality vs Natus Vincere,pick,Haven,2059
VCT 2025: China Stage 1,Group Stage,Week 2,Xi Lai Gaming vs All Gamers,ban,Split,1119
VCT 2025: Americas Stage 1,Playoffs,Lower Round 1,100 Thieves vs NRG,ban,Pearl,120
VCT 2025: Americas Kickoff,Main Event,Upper Round 1,Evil Geniuses vs LOUD,pick,Split,6961
VCT 2025: Americas Kickoff,Main Event,Lower Round 1,Cloud9 vs MIBR,ban,Fracture,7386
VCT 2025: Americas Stage 2,Group Stage,Week 2,FURIA vs Sentinels,ban,Haven,2406
VCT 2025: China Stage 1,Playoffs,Upper Final,Wolves Esports vs Xi Lai Gaming,pick,Pearl,13790
VCT 2025: Americas Stage 1,Group Stage,Week 4,KRÜ Esports vs Evil Geniuses,pick,Lotus,2355
Valorant Masters Bangkok 2025,Swiss Stage,Round 2 (0-1),Team Liquid vs Sentinels,ban,Haven,2
Valorant Masters Bangkok 2025,Playoffs,Lower Round 1,T1 vs Team Vitality,ban,Pearl,2059
Valorant Champions 2025,Group Stage,Opening (B),Rex Regum Qeon vs FNATIC,ban,Bind,878
VCT 2025: Americas Stage 2,Group Stage,Week 3,MIBR vs 100 Thieves,pick,Bind,120
VCT 2025: Americas Stage 2,Group Stage,Week 4,Sentinels vs Evil Geniuses,pick,Lotus,2
VCT 2025: EMEA Stage 2,Group Stage,Week 4,Natus Vincere vs Karmine Corp,ban,Ascent,8877
VCT 2025: Pacific Stage 2,Group Stage,Week 1,BOOM Esports vs TALON,ban,Sunset,466
VCT 2025: Pacific Stage 2,Group Stage,Week 4,BOOM Esports vs ZETA DIVISION,ban,Bind,5448
VCT 2025: China Stage 2,Group Stage,Week 3,Xi Lai Gaming vs FunPlus Phoenix,ban,Bind,11328
VCT 2025: EMEA Stage 1,Group Stage,Week 3,Natus Vincere vs GIANTX,ban,Icebox,14419
VCT 2025: Pacific Stage 1,Group Stage,Week 2,DRX vs DetonatioN FocusMe,pick,Lotus,8185
VCT 2025: Pacific Stage 1,Playoffs,Upper Round 1,DRX vs T1,ban,Split,8185
VCT 2025: China Stage 1,Group Stage,Week 1,FunPlus Phoenix vs Titan Esports Club,pick,Haven,11328
VCT 2025: Americas Stage 1,Group Stage,Week 4,KRÜ Esports vs Evil Geniuses,ban,Fracture,2355
Valorant Masters Bangkok 2025,Swiss Stage,Round 1,DRX vs Sentinels,ban,Split,8185
Valorant Masters Bangkok 2025,Swiss Stage,Round 1,Team Vitality vs T1,pick,Bind,14
VCT 2025: EMEA Kickoff,Main Event,Lower Round 1,Gentle Mates vs KOI,ban,Split,12694
VCT 2025: EMEA Kickoff,Main Event,Upper Semifinals,FUT Esports vs Team Vitality,pick,Bind,1184
VCT 2025: Americas Kickoff,Main Event,Upper Round 1,Evil Geniuses vs LOUD,ban,Haven,5248
VCT 2025: Americas Kickoff,Main Event,Lower Round 1,Cloud9 vs MIBR,pick,Lotus,188
Valorant Champions 2025,Group Stage,Opening (A),GIANTX vs Sentinels,pick,Sunset,14419
Valorant Champions 2025,Playoffs,Upper Quarterfinals,Paper Rex vs G2 Esports,ban,Haven,624
Valorant Champions 2025,Playoffs,Grand Final,NRG vs FNATIC,pick,Lotus,2593
VCT 2025: Americas Stage 2,Group Stage,Week 1,LEVIATÁN vs LOUD,ban,Lotus,6961
VCT 2025: Americas Stage 2,Group Stage,Week 3,LOUD vs KRÜ Esports,pick,Bind,2355
VCT 2025: EMEA Stage 2,Group Stage,Week 1,Team Heretics vs BBL Esports,ban,Bind,397
VCT 2025: EMEA Stage 2,Playoffs,Upper Semifinals,Team Liquid vs GIANTX,ban,Haven,474
VCT 2025: EMEA Stage 2,Playoffs,Grand Final,Team Liquid vs GIANTX,pick,Lotus,14419
VCT 2025: Pacific Stage 2,Group Stage,Week 3,BOOM Esports vs DetonatioN FocusMe,ban,Haven,278
VCT 2025: China Stage 2,Group Stage,Week 3,Wolves Esports vs Dragon Ranger Gaming,ban,Haven,11981
VCT 2025: EMEA Stage 1,Group Stage,Week 4,Team Vitality vs Apeks,ban,Pearl,2059
VCT 2025: China Stage 1,Group Stage,Week 4,FunPlus Phoenix vs Dragon Ranger Gaming,ban,Fracture,11328
VCT 2025: China Stage 1,Group Stage,Week 4,EDward Gaming vs Titan Esports Club,ban,Pearl,14137
VCT 2025: China Stage 1,Group Stage,Week 5,Dragon Ranger Gaming vs TYLOO,ban,Icebox,11981
VCT 2025: Pacific Kickoff,Main Event,Upper Quarterfinals,DRX vs Nongshim RedForce,pick,Lotus,11060
Valorant Champions 2025,Group Stage,Decider (B),MIBR vs Rex Regum Qeon,ban,Lotus,7386
Valorant Champions 2025,Playoffs,Grand Final,NRG vs FNATIC,pick,Corrode,
VCT 2025: Americas Stage 2,Group Stage,Week 3,2Game Esports vs FURIA,ban,Icebox,15072
VCT 2025: EMEA Stage 2,Group Stage,Week 3,Natus Vincere vs FNATIC,ban,Corrode,2593
VCT 2025: EMEA Stage 2,Group Stage,Week 5,Team Liquid vs Karmine Corp,ban,Haven,474
VCT 2025: EMEA Stage 1,Group Stage,Week 1,Team Liquid vs Gentle Mates,pick,Haven,12694
VCT 2025: Pacific Stage 1,Playoffs,Grand Final,Gen.G vs Rex Regum Qeon,pick,Haven,17
VCT 2025: China Stage 1,Group Stage,Week 4,All Gamers vs JDG Esports,ban,Ascent,13576
VCT 2025: Americas Stage 1,Group Stage,Week 4,G2 Esports vs LEVIATÁN,ban,Pearl,11058
VCT 2025: EMEA Kickoff,Main Event,Lower Round 2,Gentle Mates vs FNATIC,ban,Split,12694
VCT 2025: Americas Kickoff,Main Event,Upper Quarterfinals,Sentinels vs 100 Thieves,ban,Abyss,120
VCT 2025: China Kickoff,Main Event,Upper Quarterfinals,EDward Gaming vs Nova Esports,ban,Pearl,12064
Valorant Champions 2025,Group Stage,Winner's (B),MIBR vs FNATIC,pick,Abyss,7386
VCT 2025: EMEA Stage 2,Group Stage,Week 1,FNATIC vs Karmine Corp,pick,Bind,8877
VCT 2025: EMEA Stage 2,Playoffs,Lower Round 2,GIANTX vs FNATIC,ban,Bind,14419
VCT 2025: Pacific Stage 2,Group Stage,Week 1,Rex Regum Qeon vs Global Esports,pick,Haven,878
VCT 2025: Pacific Stage 2,Group Stage,Week 2,DRX vs Team Secret,ban,Lotus,6199
VCT 2025: Pacific Stage 2,Playoffs,Lower Round 1,Nongshim RedForce vs DetonatioN FocusMe,ban,Haven,278
VCT 2025: Pacific Stage 2,Playoffs,Grand Final,Paper Rex vs Rex Regum Qeon,pick,Haven,878
VCT 2025: China Stage 2,Group Stage,Week 3,Wolves Esports vs Dragon Ranger Gaming,ban,Corrode,13790
Valorant Masters Toronto 2025,Swiss Stage,Round 3 (1-1),Paper Rex vs Team Liquid,ban,Icebox,474
VCT 2025: EMEA Stage 1,Group Stage,Week 1,Team Vitality vs GIANTX,ban,Ascent,2059
VCT 2025: Pacific Stage 1,Group Stage,Week 2,DRX vs DetonatioN FocusMe,ban,Icebox,278
VCT 2025: Pacific Stage 1,Playoffs,Lower Final,Rex Regum Qeon vs Paper Rex,pick,Icebox,624
VCT 2025: China Stage 1,Group Stage,Week 3,All Gamers vs Bilibili Gaming,pick,Pearl,12010
VCT 2025: China Stage 1,Playoffs,Lower Round 3,EDward Gaming vs Bilibili Gaming,ban,Haven,12010
VCT 2025: Americas Stage 1,Playoffs,Lower Round 1,Cloud9 vs Evil Geniuses,pick,Icebox,188
VCT 2025: EMEA Kickoff,Main Event,Lower Round 1,Team Liquid vs Apeks,ban,Fracture,474
VCT 2025: Pacific Kickoff,Main Event,Upper Round 1,DetonatioN FocusMe vs Rex Regum Qeon,ban,Split,278
VCT 2025: Americas Kickoff,Main Event,Upper Quarterfinals,G2 Esports vs Cloud9,ban,Bind,188
VCT 2025: China Kickoff,Main Event,Lower Round 1,Xi Lai Gaming vs All Gamers,ban,Haven,1119
VCT 2025: China Kickoff,Main Event,Lower Round 4,Dragon Ranger Gaming vs EDward Gaming,ban,Fracture,11981
Valorant Champions 2025,Group Stage,Opening (C),NRG vs EDward Gaming,ban,Sunset,
Valorant Champions 2025,Group Stage,Opening (D),G2 Esports vs Team Heretics,ban,Abyss,1001
Valorant Champions 2025,Group Stage,Elimination (A),Xi Lai Gaming vs Sentinels,pick,Abyss,13581
Valorant Champions 2025,Playoffs,Lower Round 2,Paper Rex vs Team Heretics,pick,Bind,624
VCT 2025: Americas Stage 2,Playoffs,Upper Final,Sentinels vs G2 Esports,pick,Sunset,2
VCT 2025: EMEA Stage 2,Group Stage,Week 1,FUT Esports vs Gentle Mates,pick,Sunset,12694
VCT 2025: EMEA Stage 2,Group Stage,Week 2,Team Liquid vs Natus Vincere,ban,Icebox,474
VCT 2025: EMEA Stage 2,Group Stage,Week 2,KOI vs FNATIC,ban,Corrode,2593
VCT 2025: EMEA Stage 2,Group Stage,Week 4,FUT Esports vs Team Heretics,ban,Icebox,1001
VCT 2025: Pacific Stage 2,Group Stage,Week 1,Nongshim RedForce vs Team Secret,ban,Bind,6199
VCT 2025: Pacific Stage 2,Group Stage,Week 1,TALON vs ZETA DIVISION,pick,Icebox,8304
VCT 2025: Pacific Stage 2,Group Stage,Week 3,Nongshim RedForce vs Global Esports,ban,Icebox,11060
VCT 2025: China Stage 2,Group Stage,Week 4,All Gamers vs FunPlus Phoenix,ban,Corrode,11328
Valorant Masters Toronto 2025,Swiss Stage,Round 2 (0-1),Team Heretics vs Wolves Esports,ban,Sunset,13790
VCT 2025: EMEA Stage 1,Group Stage,Week 2,Team Vitality vs FNATIC,ban,Pearl,2059
VCT 2025: Pacific Stage 1,Group Stage,Week 1,TALON vs Team Secret,pick,Pearl,6199
VCT 2025: Pacific Stage 1,Playoffs,Upper Semifinals,Rex Regum Qeon vs DRX,ban,Split,878
VCT 2025: Pacific Stage 1,Playoffs,Lower Round 3,DRX vs Paper Rex,ban,Pearl,8185
VCT 2025: EMEA Kickoff,Main Event,Upper Round 1,BBL Esports vs GIANTX,pick,Haven,397
VCT 2025: Americas Kickoff,Main Event,Upper Quarterfinals,G2 Esports vs Cloud9,ban,Pearl,11058
Valorant Champions 2025,Playoffs,Lower Round 3,DRX vs Paper Rex,ban,Haven,624
VCT 2025: Americas Stage 2,Group Stage,Week 1,Cloud9 vs FURIA,pick,Haven,2406
VCT 2025: Americas Stage 2,Group Stage,Week 1,MIBR vs KRÜ Esports,pick,Corrode,2355
VCT 2025: Americas Stage 2,Playoffs,Lower Round 1,100 Thieves vs Evil Geniuses,ban,Lotus,120
VCT 2025: EMEA Stage 2,Playoffs,Lower Round 1,Natus Vincere vs Team Vitality,ban,Sunset,2059
VCT 2025: China Stage 2,Group Stage,Week 2,Trace Esports vs EDward Gaming,ban,Haven,1120
VCT 2025: EMEA Stage 1,Group Stage,Week 5,Team Vitality vs Natus Vincere,ban,Pearl,2059
VCT 2025: China Stage 1,Group Stage,Week 2,TYLOO vs FunPlus Phoenix,ban,Split,11328
VCT 2025: Americas Stage 1,Group Stage,Week 1,MIBR vs LEVIATÁN,ban,Pearl,2359
VCT 2025: Americas Stage 1,Group Stage,Week 3,G2 Esports vs NRG,pick,Ascent,11058
VCT 2025: Americas Stage 1,Group Stage,Week 4,Sentinels vs LOUD,pick,Split,2
VCT 2025: Americas Stage 1,Group Stage,Week 5,KRÜ Esports vs 100 Thieves,ban,Lotus,120
Valorant Champions 2025,Group Stage,Elimination (D),G2 Esports vs Dragon Ranger Gaming,pick,Lotus,11981
Valorant Champions 2025,Playoffs,Upper Semifinals,FNATIC vs Paper Rex,ban,Sunset,2593
VCT 2025: Americas Stage 2,Group Stage,Week 2,FURIA vs Sentinels,ban,Bind,2
VCT 2025: Americas Stage 2,Playoffs,Lower Round 3,NRG vs Cloud9,ban,Ascent,188
VCT 2025: China Stage 2,Group Stage,Week 3,Titan Esports Club vs JDG Esports,pick,Lotus,13576
VCT 2025: China Stage 2,Group Stage,Week 4,Nova Esports vs Wolves Esports,pick,Corrode,13790
Valorant Masters Toronto 2025,Playoffs,Upper Quarterfinals,Rex Regum Qeon vs Wolves Esports,ban,Sunset,13790
Valorant Masters Toronto 2025,Playoffs,Lower Round 1,Rex Regum Qeon vs FNATIC,ban,Pearl,2593
VCT 2025: EMEA Stage 1,Playoffs,Lower Round 2,BBL Esports vs FUT Esports,ban,Pearl,1184
VCT 2025: Pacific Stage 1,Group Stage,Week 2,TALON vs Rex Regum Qeon,ban,Pearl,8304
VCT 2025: China Stage 1,Group Stage,Week 2,Bilibili Gaming vs JDG Esports,pick,Pearl,13576
VCT 2025: China Stage 1,Group Stage,Week 4,FunPlus Phoenix vs Dragon Ranger Gaming,ban,Lotus,11328
VCT 2025: China Stage 1,Playoffs,Lower Final,Wolves Esports vs Bilibili Gaming,ban,Split,12010
VCT 2025: Americas Stage 1,Group Stage,Week 2,G2 Esports vs MIBR,ban,Icebox,11058
VCT 2025: Americas Stage 1,Group Stage,Week 4,FURIA vs Cloud9,ban,Haven,188
VCT 2025: Americas Stage 1,Playoffs,Grand Final,Sentinels vs G2 Esports,pick,Pearl,2
VCT 2025: EMEA Kickoff,Main Event,Upper Semifinals,BBL Esports vs Team Heretics,pick,Pearl,397
VCT 2025: EMEA Kickoff,Main Event,Lower Round 3,FUT Esports vs FNATIC,pick,Abyss,1184
VCT 2025: EMEA Kickoff,Main Event,Grand Final,Team Vitality vs Team Liquid,pick,Bind,474
VCT 2025: Americas Kickoff,Main Event,Upper Round 1,2Game Esports vs FURIA,ban,Fracture,15072
VCT 2025: Americas Stage 2,Group Stage,Week 3,Sentinels vs Cloud9,pick,Haven,188
VCT 2025: China Stage 2,Group Stage,Week 2,Trace Esports vs TYLOO,ban,Sunset,731
VCT 2025: China Stage 2,Group Stage,Week 4,All Gamers vs FunPlus Phoenix,ban,Ascent,1119
VCT 2025: China Stage 2,Playoffs,Lower Round 2,TYLOO vs EDward Gaming,pick,Ascent,1120
VCT 2025: EMEA Stage 1,Playoffs,Upper Round 1,BBL Esports vs Natus Vincere,pick,Fracture,4915
VCT 2025: China Stage 1,Group Stage,Week 4,FunPlus Phoenix vs Dragon Ranger Gaming,pick,Ascent,11981
VCT 2025: China Stage 1,Group Stage,Week 4,Bilibili Gaming vs Wolves Esports,ban,Split,12010
VCT 2025: China Stage 1,Playoffs,Lower Round 1,Nova Esports vs Trace Esports,pick,Lotus,12685
VCT 2025: Americas Stage 1,Group Stage,Week 1,Cloud9 vs NRG,ban,Ascent,188
VCT 2025: Americas Stage 1,Group Stage,Week 1,G2 Esports vs FURIA,ban,Fracture,11058
VCT 2025: EMEA Kickoff,Main Event,Lower Final,Team Heretics vs Team Liquid,pick,Abyss,474
VCT 2025: Americas Kickoff,Main Event,Upper Quarterfinals,KRÜ Esports vs LOUD,pick,Split,2355
VCT 2025: China Kickoff,Main Event,Upper Round 1,JDG Esports vs Dragon Ranger Gaming,ban,Pearl,11981
VCT 2025: Americas Stage 2,Group Stage,Week 5,MIBR vs LOUD,ban,Haven,6961
VCT 2025: EMEA Stage 2,Playoffs,Upper Round 1,FNATIC vs BBL Esports,pick,Ascent,397
VCT 2025: Pacific Stage 2,Group Stage,Week 3,TALON vs T1,ban,Bind,14
VCT 2025: Pacific Stage 2,Playoffs,Upper Semifinals,DRX vs TALON,ban,Corrode,8304
VCT 2025: Pacific Stage 2,Playoffs,Upper Final,TALON vs Paper Rex,ban,Corrode,624
VCT 2025: Pacific Stage 2,Playoffs,Lower Round 3,T1 vs Rex Regum Qeon,ban,Bind,878
Valorant Masters Toronto 2025,Swiss Stage,Round 1,Sentinels vs Wolves Esports,ban,Haven,13790
VCT 2025: EMEA Stage 1,Playoffs,Lower Round 1,Natus Vincere vs Karmine Corp,pick,Split,4915
VCT 2025: Pacific Stage 1,Group Stage,Week 1,Nongshim RedForce vs Rex Regum Qeon,pick,Ascent,878
VCT 2025: Pacific Stage 1,Playoffs,Lower Round 1,TALON vs Nongshim RedForce,ban,Icebox,11060
VCT 2025: Pacific Stage 1,Playoffs,Lower Final,Rex Regum Qeon vs Paper Rex,ban,Lotus,878
VCT 2025: China Stage 1,Group Stage,Week 3,TYLOO vs Titan Esports Club,pick,Icebox,731
VCT 2025: China Stage 1,Group Stage,Week 4,Trace Esports vs Xi Lai Gaming,ban,Fracture,13581
VCT 2025: Americas Stage 1,Group Stage,Week 2,LOUD vs 2Game Esports,ban,Ascent,6961
VCT 2025: Americas Stage 1,Group Stage,Week 5,Evil Geniuses vs LOUD,pick,Lotus,6961
Valorant Masters Bangkok 2025,Playoffs,Upper Semifinals,Team Vitality vs G2 Esports,ban,Fracture,11058
Valorant Masters Bangkok 2025,Playoffs,Upper Final,EDward Gaming vs G2 Esports,pick,Lotus,11058
VCT 2025: Americas Kickoff,Main Event,Upper Round 1,Evil Geniuses vs LOUD,ban,Fracture,6961
VCT 2025: China Kickoff,Main Event,Upper Round 1,All Gamers vs Nova Esports,pick,Bind,1119
VCT 2025: China Kickoff,Main Event,Upper Semifinals,Bilibili Gaming vs FunPlus Phoenix,ban,Fracture,12010
VCT 2025: EMEA Stage 2,Group Stage,Week 4,Team Vitality vs BBL Esports,ban,Sunset,2059
VCT 2025: Pacific Stage 2,Group Stage,Week 3,TALON vs T1,pick,Lotus,14
VCT 2025: China Stage 2,Group Stage,Week 4,Nova Esports vs Xi Lai Gaming,pick,Haven,12064
VCT 2025: China Stage 2,Group Stage,Week 4,TYLOO vs JDG Esports,ban,Sunset,731
VCT 2025: Pacific Stage 1,Playoffs,Lower Round 1,T1 vs Paper Rex,ban,Split,14
VCT 2025: China Stage 1,Playoffs,Lower Round 3,EDward Gaming vs Bilibili Gaming,pick,Icebox,1120
VCT 2025: Americas Stage 1,Playoffs,Upper Final,MIBR vs Sentinels,ban,Pearl,7386
VCT 2025: EMEA Kickoff,Main Event,Lower Round 2,GIANTX vs Team Liquid,ban,Lotus,474
VCT 2025: EMEA Kickoff,Main Event,Lower Round 2,GIANTX vs Team Liquid,pick,Split,474
VCT 2025: Pacific Kickoff,Main Event,Lower Round 1,Global Esports vs DetonatioN FocusMe,pick,Abyss,278
VCT 2025: China Kickoff,Main Event,Upper Round 1,Xi Lai Gaming vs Wolves Esports,ban,Haven,13790
VCT 2025: China Kickoff,Main Event,Lower Round 1,Dragon Ranger Gaming vs TYLOO,pick,Pearl,731
Valorant Champions 2025,Playoffs,Lower Final,FNATIC vs DRX,pick,Corrode,8185
VCT 2025: Americas Stage 2,Group Stage,Week 5,MIBR vs LOUD,ban,Ascent,7386
VCT 2025: EMEA Stage 2,Group Stage,Week 5,GIANTX vs Team Heretics,pick,Haven,1001
VCT 2025: China Stage 2,Group Stage,Week 4,Dragon Ranger Gaming vs Xi Lai Gaming,ban,Bind,11981
Valorant Masters Toronto 2025,Swiss Stage,Round 2 (0-1),Team Liquid vs MIBR,ban,Ascent,474
Valorant Masters Toronto 2025,Playoffs,Upper Semifinals,Wolves Esports vs Gen.G,ban,Ascent,17
VCT 2025: EMEA Stage 1,Group Stage,Week 2,Team Heretics vs GIANTX,pick,Split,1001
VCT 2025: Pacific Stage 1,Group Stage,Week 2,Team Secret vs ZETA DIVISION,ban,Fracture,6199
VCT 2025: China Stage 1,Group Stage,Week 3,Nova Esports vs FunPlus Phoenix,ban,Lotus,11328
VCT 2025: Americas Stage 1,Group Stage,Week 1,2Game Esports vs Evil Geniuses,pick,Haven,15072
VCT 2025: Americas Stage 1,Playoffs,Upper Round 1,Sentinels vs Cloud9,ban,Lotus,2
VCT 2025: EMEA Kickoff,Main Event,Upper Round 1,Team Liquid vs KOI,pick,Abyss,7035
VCT 2025: EMEA Kickoff,Main Event,Lower Round 4,FUT Esports vs Team Liquid,ban,Lotus,474
VCT 2025: Americas Kickoff,Main Event,Upper Round 1,2Game Esports vs FURIA,ban,Split,2406
VCT 2025: Americas Kickoff,Main Event,Upper Quarterfinals,KRÜ Esports vs LOUD,ban,Lotus,2355
VCT 2025: Americas Kickoff,Main Event,Upper Semifinals,G2 Esports vs LEVIATÁN,pick,Pearl,11058
Valorant Champions 2025,Group Stage,Opening (C),NRG vs EDward Gaming,ban,Lotus,1120
Valorant Champions 2025,Group Stage,Elimination (B),Bilibili Gaming vs Rex Regum Qeon,ban,Haven,12010
VCT 2025: EMEA Stage 1,Group Stage,Week 4,Team Vitality vs Apeks,ban,Fracture,11479
VCT 2025: EMEA Stage 1,Playoffs,Lower Round 1,Natus Vincere vs Karmine Corp,ban,Haven,4915
VCT 2025: Pacific Stage 1,Group Stage,Week 5,Paper Rex vs Global Esports,ban,Ascent,624
VCT 2025: Pacific Stage 1,Playoffs,Lower Round 2,BOOM Esports vs Paper Rex,pick,Fracture,466
VCT 2025: China Stage 1,Group Stage,Week 3,Wolves Esports vs Xi Lai Gaming,ban,Ascent,13581
VCT 2025: Americas Stage 1,Group Stage,Week 4,NRG vs MIBR,pick,Icebox,7386
VCT 2025: Americas Stage 1,Group Stage,Week 5,LEVIATÁN vs NRG,pick,Fracture,
VCT 2025: Americas Stage 1,Playoffs,Upper Round 1,MIBR vs 100 Thieves,pick,Split,120
Valorant Masters Bangkok 2025,Swiss Stage,Round 1,DRX vs Sentinels,ban,Bind,2
Valorant Masters Bangkok 2025,Playoffs,Upper Semifinals,EDward Gaming vs T1,ban,Haven,1120
VCT 2025: EMEA Kickoff,Main Event,Lower Round 1,Karmine Corp vs GIANTX,ban,Abyss,14419
VCT 2025: China Kickoff,Main Event,Upper Round 1,JDG Esports vs Dragon Ranger Gaming,pick,Haven,11981
VCT 2025: China Kickoff,Main Event,Lower Round 3,EDward Gaming vs Xi Lai Gaming,ban,Abyss,1120
Valorant Champions 2025,Group Stage,Winner's (C),DRX vs NRG,ban,Ascent,8185
Valorant Champions 2025,Playoffs,Lower Final,FNATIC vs DRX,pick,Haven,2593
VCT 2025: Americas Stage 2,Playoffs,Lower Round 2,Cloud9 vs 100 Thieves,ban,Sunset,188
VCT 2025: EMEA Stage 2,Group Stage,Week 1,Natus Vincere vs Apeks,ban,Haven,4915
VCT 2025: EMEA Stage 2,Group Stage,Week 3,Gentle Mates vs BBL Esports,ban,Bind,397
VCT 2025: EMEA Stage 2,Group Stage,Week 5,Apeks vs FNATIC,ban,Icebox,11479
VCT 2025: EMEA Stage 2,Group Stage,Week 5,Apeks vs FNATIC,pick,Lotus,11479
VCT 2025: EMEA Stage 2,Playoffs,Lower Round 1,FNATIC vs Karmine Corp,ban,Icebox,8877
VCT 2025: Pacific Stage 2,Playoffs,Upper Semifinals,Paper Rex vs T1,pick,Bind,624
VCT 2025: China Stage 2,Group Stage,Week 1,Bilibili Gaming vs TYLOO,ban,Corrode,12010
VCT 2025: China Stage 2,Group Stage,Week 3,TYLOO vs EDward Gaming,ban,Haven,1120
VCT 2025: China Stage 2,Group Stage,Week 3,Xi Lai Gaming vs FunPlus Phoenix,pick,Sunset,11328
VCT 2025: China Stage 2,Playoffs,Upper Semifinals,Bilibili Gaming vs TYLOO,ban,Corrode,12010
VCT 2025: China Stage 2,Playoffs,Lower Round 2,TYLOO vs EDward Gaming,ban,Corrode,731
VCT 2025: Pacific Stage 1,Group Stage,Week 2,BOOM Esports vs Global Esports,ban,Split,466
VCT 2025: China Stage 1,Group Stage,Week 3,JDG Esports vs Trace Esports,pick,Haven,13576
VCT 2025: China Stage 1,Playoffs,Upper Round 1,Xi Lai Gaming vs Nova Esports,ban,Split,13581
VCT 2025: Americas Stage 1,Group Stage,Week 1,G2 Esports vs FURIA,pick,Lotus,11058
VCT 2025: Americas Stage 1,Group Stage,Week 1,G2 Esports vs FURIA,ban,Haven,11058
VCT 2025: Americas Stage 1,Group Stage,Week 1,MIBR vs LEVIATÁN,pick,Split,2359
VCT 2025: Americas Stage 1,Group Stage,Week 2,LEVIATÁN vs Cloud9,ban,Haven,188
Valorant Masters Bangkok 2025,Playoffs,Upper Final,EDward Gaming vs G2 Esports,ban,Abyss,1120
VCT 2025: EMEA Kickoff,Main Event,Upper Round 1,Apeks vs Gentle Mates,ban,Fracture,12694
VCT 2025: EMEA Kickoff,Main Event,Upper Final,Team Vitality vs Team Heretics,ban,Lotus,2059
VCT 2025: China Kickoff,Main Event,Upper Round 1,TYLOO vs Titan Esports Club,pick,Abyss,731
VCT 2025: China Kickoff,Main Event,Lower Round 2,Nova Esports vs Dragon Ranger Gaming,ban,Lotus,12064
VCT 2025: Americas Stage 2,Group Stage,Week 1,Evil Geniuses vs 2Game Esports,ban,Corrode,5248
VCT 2025: Americas Stage 2,Group Stage,Week 4,Sentinels vs Evil Geniuses,pick,Corrode,5248
VCT 2025: Americas Stage 2,Playoffs,Lower Round 1,LEVIATÁN vs KRÜ Esports,pick,Lotus,2359
VCT 2025: EMEA Stage 2,Group Stage,Week 2,GIANTX vs BBL Esports,pick,Lotus,14419
VCT 2025: China Stage 2,Playoffs,Upper Quarterfinals,All Gamers vs TYLOO,ban,Sunset,731
VCT 2025: EMEA Stage 1,Group Stage,Week 1,FNATIC vs Natus Vincere,ban,Pearl,2593
VCT 2025: EMEA Stage 1,Playoffs,Lower Round 1,FUT Esports vs Team Vitality,pick,Fracture,1184
VCT 2025: Pacific Stage 1,Group Stage,Week 3,TALON vs Nongshim RedForce,pick,Lotus,11060
VCT 2025: Pacific Stage 1,Group Stage,Week 4,DRX vs BOOM Esports,ban,Pearl,8185
VCT 2025: Americas Stage 1,Group Stage,Week 2,G2 Esports vs MIBR,pick,Haven,11058
VCT 2025: Americas Stage 1,Group Stage,Week 3,Evil Geniuses vs Sentinels,pick,Haven,5248
VCT 2025: Americas Stage 1,Group Stage,Week 4,FURIA vs Cloud9,pick,Pearl,188
VCT 2025: Pacific Kickoff,Main Event,Upper Round 1,BOOM Esports vs T1,pick,Pearl,466
VCT 2025: Americas Kickoff,Main Event,Lower Round 1,100 Thieves vs NRG,pick,Lotus,120
Valorant Champions 2025,Group Stage,Opening (D),G2 Esports vs Team Heretics,ban,Sunset,11058
VCT 2025: Americas Stage 2,Group Stage,Week 4,FURIA vs G2 Esports,pick,Corrode,2406
VCT 2025: Americas Stage 2,Playoffs,Lower Round 1,LEVIATÁN vs KRÜ Esports,ban,Corrode,2359
VCT 2025: EMEA Stage 2,Group Stage,Week 1,Natus Vincere vs Apeks,pick,Sunset,11479
VCT 2025: Pacific Stage 2,Group Stage,Week 2,Gen.G vs Global Esports,ban,Ascent,17
VCT 2025: Pacific Stage 2,Group Stage,Week 4,TALON vs Paper Rex,ban,Ascent,624
VCT 2025: China Stage 2,Playoffs,Upper Semifinals,Xi Lai Gaming vs Dragon Ranger Gaming,ban,Corrode,13581
VCT 2025: Americas Stage 1,Group Stage,Week 3,Evil Geniuses vs Sentinels,ban,Split,5248
Valorant Masters Bangkok 2025,Swiss Stage,Round 2 (0-1),T1 vs Trace Esports,ban,Abyss,14
Valorant Masters Bangkok 2025,Swiss Stage,Round 3,G2 Esports vs Team Liquid,ban,Split,11058
VCT 2025: EMEA Kickoff,Main Event,Upper Quarterfinals,Team Vitality vs Karmine Corp,ban,Lotus,2059
VCT 2025: EMEA Stage 2,Group Stage,Week 1,Natus Vincere vs Apeks,ban,Lotus,4915
VCT 2025: EMEA Stage 2,Group Stage,Week 1,Team Heretics vs BBL Esports,pick,Haven,1001
VCT 2025: Pacific Stage 2,Group Stage,Week 1,DRX vs Gen.G,ban,Ascent,17
VCT 2025: Pacific Stage 2,Group Stage,Week 2,TALON vs DetonatioN FocusMe,pick,Sunset,8304
VCT 2025: Pacific Stage 2,Group Stage,Week 4,Rex Regum Qeon vs Team Secret,ban,Lotus,878
VCT 2025: Pacific Stage 2,Playoffs,Upper Round 1,Rex Regum Qeon vs T1,pick,Haven,878
VCT 2025: Pacific Stage 2,Playoffs,Lower Final,TALON vs Rex Regum Qeon,pick,Corrode,8304
VCT 2025: EMEA Stage 1,Playoffs,Lower Round 3,Team Liquid vs BBL Esports,ban,Icebox,474
VCT 2025: China Stage 1,Group Stage,Week 5,JDG Esports vs Xi Lai Gaming,ban,Pearl,13576
VCT 2025: China Stage 1,Playoffs,Upper Round 1,Titan Esports Club vs Wolves Esports,pick,Haven,14137
Valorant Masters Bangkok 2025,Swiss Stage,Round 2 (0-1),T1 vs Trace Esports,pick,Lotus,12685
VCT 2025: Americas Kickoff,Main Event,Lower Round 1,KRÜ Esports vs 2Game Esports,pick,Split,2355
VCT 2025: Americas Stage 2,Playoffs,Upper Round 1,LEVIATÁN vs Cloud9,pick,Corrode,188
VCT 2025: Americas Stage 2,Playoffs,Lower Round 1,100 Thieves vs Evil Geniuses,pick,Bind,120
VCT 2025: Americas Stage 2,Playoffs,Lower Final,Sentinels vs NRG,pick,Lotus,2
VCT 2025: EMEA Stage 2,Group Stage,Week 2,FUT Esports vs Team Vitality,pick,Lotus,2059
VCT 2025: EMEA Stage 2,Group Stage,Week 3,KOI vs Karmine Corp,ban,Bind,7035
VCT 2025: EMEA Stage 2,Group Stage,Week 4,Gentle Mates vs GIANTX,pick,Ascent,14419
VCT 2025: EMEA Stage 2,Playoffs,Grand Final,Team Liquid vs GIANTX,pick,Sunset,474
VCT 2025: Pacific Stage 2,Group Stage,Week 1,Nongshim RedForce vs Team Secret,ban,Haven,6199
VCT 2025: China Stage 2,Group Stage,Week 1,Wolves Esports vs FunPlus Phoenix,ban,Ascent,13790
VCT 2025: EMEA Stage 1,Group Stage,Week 4,Natus Vincere vs Team Heretics,ban,Icebox,4915
VCT 2025: Americas Stage 1,Group Stage,Week 3,2Game Esports vs KRÜ Esports,ban,Split,2355
VCT 2025: Americas Stage 1,Group Stage,Week 5,MIBR vs FURIA,ban,Pearl,2406
VCT 2025: Americas Stage 1,Group Stage,Week 5,KRÜ Esports vs 100 Thieves,pick,Icebox,2355
VCT 2025: Americas Stage 1,Playoffs,Upper Semifinals,KRÜ Esports vs MIBR,pick,Lotus,2355
VCT 2025: Pacific Kickoff,Main Event,Upper Semifinals,T1 vs TALON,ban,Abyss,14
VCT 2025: Americas Kickoff,Main Event,Lower Final,Sentinels vs MIBR,pick,Split,7386
VCT 2025: China Kickoff,Main Event,Lower Round 1,Nova Esports vs Wolves Esports,ban,Haven,12064
VCT 2025: China Kickoff,Main Event,Lower Round 4,Dragon Ranger Gaming vs EDward Gaming,pick,Haven,11981
VCT 2025: Americas Stage 2,Group Stage,Week 5,KRÜ Esports vs NRG,ban,Corrode,2355
VCT 2025: EMEA Stage 2,Group Stage,Week 4,Team Vitality vs BBL Esports,pick,Icebox,397
VCT 2025: Pacific Stage 2,Group Stage,Week 2,DRX vs Team Secret,pick,Icebox,8185
VCT 2025: China Stage 2,Group Stage,Week 2,Trace Esports vs EDward Gaming,ban,Corrode,12685
VCT 2025: China Stage 2,Playoffs,Upper Quarterfinals,EDward Gaming vs Dragon Ranger Gaming,ban,Haven,11981
VCT 2025: EMEA Stage 1,Group Stage,Week 4,Gentle Mates vs BBL Esports,ban,Fracture,397
VCT 2025: EMEA Stage 1,Group Stage,Week 4,GIANTX vs FNATIC,ban,Pearl,2593
VCT 2025: Pacific Stage 1,Playoffs,Lower Round 1,T1 vs Paper Rex,pick,Ascent,14
VCT 2025: China Stage 1,Group Stage,Week 1,JDG Esports vs Wolves Esports,pick,Haven,13576
VCT 2025: China Stage 1,Group Stage,Week 5,Wolves Esports vs All Gamers,ban,Haven,1119
VCT 2025: Americas Stage 1,Group Stage,Week 2,LOUD vs 2Game Esports,pick,Lotus,6961
VCT 2025: Americas Stage 1,Group Stage,Week 5,MIBR vs FURIA,pick,Icebox,7386
VCT 2025: EMEA Kickoff,Main Event,Lower Round 1,FNATIC vs Natus Vincere,ban,Split,2593
VCT 2025: EMEA Stage 2,Group Stage,Week 2,Apeks vs Karmine Corp,ban,Ascent,8877
VCT 2025: EMEA Stage 2,Group Stage,Week 3,Team Liquid vs Apeks,ban,Haven,474
VCT 2025: EMEA Stage 2,Group Stage,Week 3,KOI vs Karmine Corp,pick,Lotus,7035
VCT 2025: EMEA Stage 2,Group Stage,Week 3,Team Vitality vs Team Heretics,pick,Ascent,2059
VCT 2025: Pacific Stage 2,Group Stage,Week 1,ZETA DIVISION vs DetonatioN FocusMe,ban,Corrode,5448
VCT 2025: Pacific Stage 2,Group Stage,Week 1,TALON vs ZETA DIVISION,ban,Sunset,5448
VCT 2025: Pacific Stage 2,Playoffs,Lower Round 3,T1 vs Rex Regum Qeon,ban,Corrode,14
VCT 2025: Pacific Stage 2,Playoffs,Lower Final,TALON vs Rex Regum Qeon,pick,Icebox,878
VCT 2025: China Stage 2,Group Stage,Week 1,Dragon Ranger Gaming vs Nova Esports,ban,Corrode,11981
VCT 2025: China Stage 2,Playoffs,Lower Round 1,EDward Gaming vs Trace Esports,ban,Bind,1120
Valorant Masters Toronto 2025,Swiss Stage,Round 1,Bilibili Gaming vs Team Liquid,ban,Ascent,474
VCT 2025: EMEA Stage 1,Group Stage,Week 3,Apeks vs FNATIC,pick,Split,2593
VCT 2025: China Stage 1,Group Stage,Week 1,FunPlus Phoenix vs Titan Esports Club,ban,Fracture,11328
VCT 2025: Americas Stage 1,Group Stage,Week 2,NRG vs FURIA,ban,Haven,
Valorant Masters Bangkok 2025,Swiss Stage,Round 3,G2 Esports vs Team Liquid,pick,Haven,474
VCT 2025: EMEA Kickoff,Main Event,Upper Quarterfinals,FNATIC vs BBL Esports,ban,Pearl,2593
VCT 2025: Americas Kickoff,Main Event,Lower Round 2,NRG vs KRÜ Esports,ban,Pearl,2355
VCT 2025: Americas Stage 2,Playoffs,Grand Final,G2 Esports vs NRG,ban,Icebox,11058
Valorant Masters Toronto 2025,Playoffs,Upper Semifinals,Sentinels vs Paper Rex,pick,Split,624
VCT 2025: China Stage 1,Group Stage,Week 1,Trace Esports vs All Gamers,ban,Haven,12685
VCT 2025: China Stage 1,Group Stage,Week 1,TYLOO vs EDward Gaming,ban,Lotus,1120
VCT 2025: China Stage 1,Group Stage,Week 1,JDG Esports vs Wolves Esports,ban,Icebox,13790
VCT 2025: Americas Stage 1,Group Stage,Week 4,G2 Esports vs LEVIATÁN,pick,Fracture,2359
VCT 2025: Americas Stage 1,Playoffs,Lower Final,MIBR vs G2 Esports,ban,Icebox,11058
Valorant Masters Bangkok 2025,Swiss Stage,Round 2 (0-1),T1 vs Trace Esports,pick,Haven,14
VCT 2025: Americas Kickoff,Main Event,Upper Round 1,Evil Geniuses vs LOUD,ban,Bind,5248
Valorant Champions 2025,Group Stage,Decider (B),MIBR vs Rex Regum Qeon,ban,Sunset,878
VCT 2025: EMEA Stage 2,Group Stage,Week 1,Team Liquid vs KOI,ban,Ascent,7035
VCT 2025: China Stage 2,Group Stage,Week 4,Trace Esports vs Titan Esports Club,ban,Icebox,14137
Valorant Masters Toronto 2025,Swiss Stage,Round 1,Gen.G vs MIBR,ban,Split,17
VCT 2025: Pacific Stage 1,Group Stage,Week 1,Gen.G vs BOOM Esports,ban,Lotus,466
VCT 2025: Pacific Stage 1,Group Stage,Week 3,Gen.G vs DetonatioN FocusMe,ban,Pearl,17
VCT 2025: Pacific Stage 1,Group Stage,Week 3,T1 vs Team Secret,ban,Split,14
VCT 2025: Pacific Stage 1,Playoffs,Lower Round 2,BOOM Esports vs Paper Rex,pick,Lotus,624
VCT 2025: Pacific Stage 1,Playoffs,Lower Round 3,DRX vs Paper Rex,pick,Lotus,624
VCT 2025: China Stage 1,Playoffs,Lower Round 3,EDward Gaming vs Bilibili Gaming,ban,Lotus,1120
VCT 2025: EMEA Kickoff,Main Event,Upper Semifinals,BBL Esports vs Team Heretics,ban,Bind,1001
VCT 2025: Americas Kickoff,Main Event,Upper Semifinals,LOUD vs Sentinels,ban,Fracture,6961
VCT 2025: China Kickoff,Main Event,Lower Round 3,EDward Gaming vs Xi Lai Gaming,pick,Bind,13581
Valorant Champions 2025,Group Stage,Opening (B),Bilibili Gaming vs MIBR,pick,Haven,12010
VCT 2025: Americas Stage 2,Group Stage,Week 5,KRÜ Esports vs NRG,ban,Icebox,2355
VCT 2025: EMEA Stage 2,Group Stage,Week 1,Natus Vincere vs Apeks,ban,Bind,11479
VCT 2025: EMEA Stage 2,Group Stage,Week 4,Team Liquid vs FNATIC,ban,Icebox,474
VCT 2025: EMEA Stage 2,Playoffs,Upper Final,BBL Esports vs Team Liquid,pick,Sunset,474
VCT 2025: China Stage 2,Group Stage,Week 3,Titan Esports Club vs JDG Esports,ban,Icebox,13576
VCT 2025: China Stage 2,Group Stage,Week 4,Dragon Ranger Gaming vs Xi Lai Gaming,ban,Sunset,11981
VCT 2025: China Stage 2,Playoffs,Upper Final,Dragon Ranger Gaming vs Bilibili Gaming,ban,Bind,11981
Valorant Masters Toronto 2025,Swiss Stage,Round 1,Bilibili Gaming vs Team Liquid,ban,Lotus,12010
VCT 2025: China Stage 1,Group Stage,Week 1,Xi Lai Gaming vs Bilibili Gaming,ban,Lotus,12010
VCT 2025: Pacific Kickoff,Main Event,Upper Quarterfinals,TALON vs Global Esports,pick,Abyss,8304
VCT 2025: Pacific Kickoff,Main Event,Upper Final,T1 vs DRX,ban,Abyss,14
VCT 2025: China Kickoff,Main Event,Upper Quarterfinals,Trace Esports vs Dragon Ranger Gaming,pick,Abyss,11981
Valorant Champions 2025,Group Stage,Winner's (A),Paper Rex vs GIANTX,ban,Abyss,14419
Valorant Champions 2025,Group Stage,Elimination (C),Team Liquid vs EDward Gaming,ban,Ascent,1120
Valorant Champions 2025,Group Stage,Elimination (D),G2 Esports vs Dragon Ranger Gaming,ban,Bind,11981
VCT 2025: EMEA Stage 2,Group Stage,Week 3,KOI vs Karmine Corp,ban,Ascent,8877
Valorant Masters Toronto 2025,Swiss Stage,Round 2 (0-1),Team Heretics vs Wolves Esports,ban,Haven,13790
VCT 2025: EMEA Stage 1,Playoffs,Upper Semifinals,Team Liquid vs FNATIC,pick,Icebox,2593
VCT 2025: Pacific Stage 1,Group Stage,Week 2,Team Secret vs ZETA DIVISION,ban,Ascent,6199
VCT 2025: Pacific Stage 1,Group Stage,Week 4,TALON vs ZETA DIVISION,pick,Split,5448
VCT 2025: Americas Stage 1,Group Stage,Week 1,2Game Esports vs Evil Geniuses,pick,Lotus,5248
VCT 2025: Pacific Kickoff,Main Event,Upper Semifinals,T1 vs TALON,pick,Fracture,8304
VCT 2025: Americas Kickoff,Main Event,Lower Round 1,KRÜ Esports vs 2Game Esports,pick,Abyss,15072
VCT 2025: Americas Kickoff,Main Event,Lower Round 2,Evil Geniuses vs MIBR,ban,Bind,5248
VCT 2025: China Kickoff,Main Event,Lower Round 1,Xi Lai Gaming vs All Gamers,ban,Split,13581
VCT 2025: China Stage 1,Group Stage,Week 3,TYLOO vs Titan Esports Club,ban,Lotus,731
