tournament,stage,match_type,match_name,map,team_a,team_a_score,team_a_attacker_score,team_a_defender_score,team_a_overtime_score,team_b,team_b_score,team_b_attacker_score,team_b_defender_score,team_b_overtime_score,duration
VCT 2025: EMEA Stage 2,Group Stage,Week 4,Team Vitality vs BBL Esports,Bind,Team Vitality,10,5,5,0,BBL Esports,13,6,7,0,50:28
Valorant Champions 2025,Playoffs,Lower Round 2,Paper Rex vs Team Heretics,Ascent,Paper Rex,13,4,9,0,Team Heretics,11,3,8,0,55:36
VCT 2025: Pacific Stage 1,Group Stage,Week 1,T1 vs ZETA DIVISION,Split,T1,12,6,6,0,ZETA DIVISION,14,6,6,2,59:31
VCT 2025: Pacific Stage 1,Playoffs,Grand Final,Gen.G vs Rex Regum Qeon,Ascent,Gen.G,11,2,9,0,Rex Regum Qeon,13,3,10,0,56:44
Valorant Masters Bangkok 2025,Playoffs,Upper Final,EDward Gaming vs G2 Esports,Split,EDward Gaming,7,4,3,0,G2 Esports,13,5,8,0,41:45
Valorant Masters Bangkok 2025,Playoffs,Lower Round 1,T1 vs Team Vitality,Split,T1,13,9,4,0,Team Vitality,5,2,3,0,42:08
Valorant Champions 2025,Playoffs,Upper Final,FNATIC vs NRG,Abyss,FNATIC,5,1,4,0,Mega Minors,13,2,11,0,40:41
VCT 2025: EMEA Stage 2,Group Stage,Week 2,KOI vs FNATIC,Ascent,KOI,7,4,3,0,FNATIC,13,5,8,0,47:44
VCT 2025: EMEA Stage 2,Group Stage,Week 4,Team Liquid vs FNATIC,Ascent,Team Liquid,13,11,2,0,FNATIC,1,0,1,0,33:06
VCT 2025: EMEA Stage 1,Group Stage,Week 3,Karmine Corp vs Gentle Mates,Haven,Karmine Corp,14,5,7,2,Gentle Mates,12,5,7,0,1:30:25
VCT 2025: EMEA Stage 1,Group Stage,Week 5,Gentle Mates vs KOI,Icebox,Gentle Mates,6,5,1,0,KOI,13,6,7,0,39:27
VCT 2025: China Stage 1,Playoffs,Lower Final,Wolves Esports vs Bilibili Gaming,Icebox,Wolves Esports,7,6,1,0,Bilibili Gaming,13,7,6,0,43:47
VCT 2025: Americas Stage 1,Group Stage,Week 1,Sentinels vs 100 Thieves,Pearl,Sentinels,13,8,5,0,100 Thieves,5,1,4,0,47:37
Valorant Masters Bangkok 2025,Playoffs,Upper Semifinals,EDward Gaming vs T1,Split,EDward Gaming,13,10,3,0,T1,7,5,2,0,55:34
VCT 2025: Americas Kickoff,Main Event,Grand Final,G2 Esports vs Sentinels,Pearl,G2 Esports,13,6,7,0,Sentinels,8,2,6,0,50:39
VCT 2025: EMEA Stage 2,Group Stage,Week 2,Gentle Mates vs Team Heretics,Corrode,Gentle Mates,12,9,3,0,Team Heretics,14,9,3,2,1:00:46
VCT 2025: Pacific Stage 1,Group Stage,Week 4,TALON vs ZETA DIVISION,Lotus,TALON,4,3,1,0,ZETA DIVISION,13,4,9,0,49:08
VCT 2025: China Stage 1,Group Stage,Week 3,TYLOO vs Titan Esports Club,Icebox,TYLOO,8,5,3,0,Titan Esports Club,13,6,7,0,47:16
VCT 2025: Americas Stage 1,Group Stage,Week 2,G2 Esports vs MIBR,Pearl,G2 Esports,12,6,6,0,MIBR,14,6,6,2,1:10:31
VCT 2025: Pacific Kickoff,Main Event,Upper Round 1,ZETA DIVISION vs Nongshim RedForce,Split,ZETA DIVISION,9,7,2,0,Nongshim RedForce,13,8,5,0,53:44
VCT 2025: Pacific Kickoff,Main Event,Upper Round 1,DetonatioN FocusMe vs Rex Regum Qeon,Abyss,DetonatioN FocusMe,14,6,6,2,Rex Regum Qeon,12,6,6,0,1:15:45
Valorant Champions 2025,Group Stage,Opening (D),Dragon Ranger Gaming vs T1,Lotus,Dragon Ranger Gaming,13,5,7,1,T1,15,5,7,3,1:04:38
VCT 2025: China Stage 2,Group Stage,Week 2,Trace Esports vs EDward Gaming,Sunset,Trace Esports,13,7,6,0,EDward Gaming,8,3,5,0,58:38
Valorant Masters Toronto 2025,Playoffs,Upper Quarterfinals,Xi Lai Gaming vs Sentinels,Lotus,Xi Lai Gaming,6,4,2,0,Sentinels,13,5,8,0,43:08
VCT 2025: EMEA Stage 1,Group Stage,Week 3,Apeks vs FNATIC,Lotus,Apeks,5,3,2,0,FNATIC,13,4,9,0,46:30
VCT 2025: China Stage 1,Group Stage,Week 4,EDward Gaming vs Titan Esports Club,Haven,EDward Gaming,13,9,4,0,Titan Esports Club,5,2,3,0,40:48
VCT 2025: EMEA Stage 2,Playoffs,Lower Round 3,GIANTX vs Natus Vincere,Icebox,GIANTX,6,3,3,0,Natus Vincere,13,4,9,0,43:11
VCT 2025: Pacific Stage 2,Playoffs,Lower Round 3,T1 vs Rex Regum Qeon,Ascent,T1,7,3,4,0,Rex Regum Qeon,13,4,9,0,49:16
VCT 2025: China Stage 1,Group Stage,Week 4,Bilibili Gaming vs Wolves Esports,Haven,Bilibili Gaming,13,11,2,0,Wolves Esports,5,4,1,0,40:12
VCT 2025: Americas Stage 2,Group Stage,Week 3,LOUD vs KRÜ Esports,Haven,LOUD,7,6,1,0,KRÜ Esports,13,7,6,0,49:07
VCT 2025: EMEA Stage 2,Group Stage,Week 1,Team Liquid vs KOI,Bind,Team Liquid,13,9,4,0,KOI,4,1,3,0,36:55
VCT 2025: China Stage 2,Group Stage,Week 3,Nova Esports vs All Gamers,Lotus,Nova Esports,6,5,1,0,All Gamers,13,6,7,0,42:57
Valorant Masters Toronto 2025,Playoffs,Grand Final,Paper Rex vs FNATIC,Icebox,Paper Rex,15,6,6,3,FNATIC,17,6,6,5,1:08:59
VCT 2025: EMEA Stage 1,Group Stage,Week 2,Team Heretics vs GIANTX,Lotus,Team Heretics,13,8,5,0,GIANTX,8,4,4,0,46:48
VCT 2025: EMEA Stage 1,Group Stage,Week 4,Karmine Corp vs FUT Esports,Lotus,Karmine Corp,5,5,0,0,FUT Esports,13,6,7,0,45:17
VCT 2025: Pacific Stage 1,Group Stage,Week 1,DetonatioN FocusMe vs Global Esports,Pearl,DetonatioN FocusMe,11,5,6,0,Global Esports,13,6,7,0,1:01:31
VCT 2025: China Stage 1,Group Stage,Week 3,All Gamers vs Bilibili Gaming,Fracture,All Gamers,5,3,2,0,Bilibili Gaming,13,4,9,0,34:59
VCT 2025: Americas Stage 1,Group Stage,Week 5,Sentinels vs 2Game Esports,Haven,Sentinels,13,9,4,0,2Game Esports,4,1,3,0,53:37
VCT 2025: Americas Kickoff,Main Event,Lower Final,Sentinels vs MIBR,Lotus,Sentinels,13,9,4,0,MIBR,7,4,3,0,54:21
Valorant Champions 2025,Group Stage,Elimination (C),Team Liquid vs EDward Gaming,Abyss,Team Liquid,13,9,4,0,EDward Gaming,6,3,3,0,39:16
Valorant Champions 2025,Playoffs,Upper Semifinals,MIBR vs NRG,Corrode,MIBR,14,7,5,2,Mega Minors,16,7,5,4,1:11:54
VCT 2025: EMEA Stage 2,Playoffs,Lower Round 3,GIANTX vs Natus Vincere,Haven,GIANTX,13,9,4,0,Natus Vincere,4,1,3,0,37:42
VCT 2025: Pacific Stage 2,Group Stage,Week 1,BOOM Esports vs T1,Ascent,BOOM Esports,9,4,5,0,T1,13,5,8,0,57:51
VCT 2025: EMEA Stage 1,Group Stage,Week 5,FNATIC vs Team Heretics,Lotus,FNATIC,10,7,3,0,Team Heretics,13,8,5,0,55:42
VCT 2025: Pacific Stage 1,Group Stage,Week 1,DRX vs Paper Rex,Icebox,DRX,10,9,1,0,Paper Rex,13,10,3,0,50:55
VCT 2025: Americas Stage 1,Group Stage,Week 1,Cloud9 vs NRG,Fracture,Cloud9,13,8,5,0,Mega Minors,5,1,4,0,38:15
VCT 2025: Pacific Stage 2,Group Stage,Week 3,Paper Rex vs ZETA DIVISION,Lotus,Paper Rex,9,5,4,0,ZETA DIVISION,13,6,7,0,53:05
VCT 2025: EMEA Stage 1,Group Stage,Week 1,FNATIC vs Natus Vincere,Split,FNATIC,13,8,5,0,Natus Vincere,5,1,4,0,47:09
VCT 2025: Pacific Stage 1,Group Stage,Week 4,TALON vs ZETA DIVISION,Split,TALON,10,7,3,0,ZETA DIVISION,13,8,5,0,53:40
VCT 2025: Pacific Stage 1,Playoffs,Upper Semifinals,BOOM Esports vs Gen.G,Split,BOOM Esports,8,2,6,0,Gen.G,13,3,10,0,1:07:36
VCT 2025: China Stage 1,Group Stage,Week 2,Titan Esports Club vs Dragon Ranger Gaming,Icebox,Titan Esports Club,13,11,2,0,Dragon Ranger Gaming,3,2,1,0,33:58
VCT 2025: Americas Stage 1,Playoffs,Lower Round 2,G2 Esports vs 100 Thieves,Split,G2 Esports,12,6,6,0,100 Thieves,14,6,6,2,1:00:10
VCT 2025: Americas Stage 2,Playoffs,Upper Semifinals,Sentinels vs Cloud9,Icebox,Sentinels,9,6,3,0,Cloud9,13,7,6,0,51:39
VCT 2025: EMEA Stage 2,Group Stage,Week 1,FUT Esports vs Gentle Mates,Bind,FUT Esports,7,4,3,0,Gentle Mates,13,5,8,0,45:43
VCT 2025: Pacific Stage 2,Group Stage,Week 1,T1 vs Paper Rex,Lotus,T1,12,6,6,0,Paper Rex,14,6,6,2,50:36
VCT 2025: Pacific Stage 2,Group Stage,Week 4,BOOM Esports vs ZETA DIVISION,Lotus,BOOM Esports,15,7,5,3,ZETA DIVISION,13,7,5,1,1:07:11
VCT 2025: EMEA Stage 1,Group Stage,Week 1,Team Liquid vs Gentle Mates,Haven,Team Liquid,12,5,7,0,Gentle Mates,14,5,7,2,55:47
VCT 2025: Pacific Kickoff,Main Event,Lower Round 2,DetonatioN FocusMe vs Paper Rex,Pearl,DetonatioN FocusMe,13,11,2,0,Paper Rex,1,0,1,0,34:24
Valorant Masters Toronto 2025,Swiss Stage,Round 1,Team Heretics vs Paper Rex,Icebox,Team Heretics,9,7,2,0,Paper Rex,13,8,5,0,45:55
VCT 2025: Pacific Stage 1,Group Stage,Week 1,T1 vs ZETA DIVISION,Fracture,T1,13,6,7,0,ZETA DIVISION,7,1,6,0,54:22
VCT 2025: Pacific Stage 1,Playoffs,Lower Round 1,T1 vs Paper Rex,Fracture,T1,13,10,3,0,Paper Rex,3,1,2,0,40:24
VCT 2025: China Stage 1,Group Stage,Week 2,Titan Esports Club vs Dragon Ranger Gaming,Fracture,Titan Esports Club,13,5,8,0,Dragon Ranger Gaming,9,2,7,0,48:45
VCT 2025: Americas Stage 1,Group Stage,Week 4,100 Thieves vs 2Game Esports,Icebox,100 Thieves,13,7,6,0,2Game Esports,6,1,5,0,40:50
VCT 2025: EMEA Kickoff,Main Event,Upper Final,Team Vitality vs Team Heretics,Abyss,Team Vitality,13,11,2,0,Team Heretics,1,0,1,0,35:16
VCT 2025: Pacific Kickoff,Main Event,Upper Round 1,BOOM Esports vs T1,Pearl,BOOM Esports,11,7,4,0,T1,13,8,5,0,1:19:42
VCT 2025: Pacific Kickoff,Main Event,Upper Quarterfinals,Gen.G vs Rex Regum Qeon,Lotus,Gen.G,13,5,8,0,Rex Regum Qeon,8,1,7,0,51:22
VCT 2025: Americas Stage 2,Group Stage,Week 5,KRÜ Esports vs NRG,Lotus,KRÜ Esports,7,6,1,0,Mega Minors,13,7,6,0,45:11
VCT 2025: China Stage 2,Group Stage,Week 2,JDG Esports vs Bilibili Gaming,Icebox,JDG Esports,4,4,0,0,Bilibili Gaming,13,5,8,0,39:50
Valorant Masters Toronto 2025,Swiss Stage,Round 2 (0-1),Team Liquid vs MIBR,Sunset,Team Liquid,13,7,6,0,MIBR,7,2,5,0,44:22
VCT 2025: Pacific Stage 1,Playoffs,Upper Semifinals,BOOM Esports vs Gen.G,Ascent,BOOM Esports,6,0,6,0,Gen.G,13,1,12,0,38:38
VCT 2025: China Stage 1,Playoffs,Upper Semifinals,EDward Gaming vs Xi Lai Gaming,Lotus,EDward Gaming,9,4,5,0,Xi Lai Gaming,13,5,8,0,1:00:58
VCT 2025: Americas Stage 1,Group Stage,Week 1,Cloud9 vs NRG,Lotus,Cloud9,6,5,1,0,Mega Minors,13,6,7,0,54:13
Valorant Masters Bangkok 2025,Swiss Stage,Round 1,DRX vs Sentinels,Lotus,DRX,13,9,4,0,Sentinels,3,0,3,0,45:20
Valorant Masters Bangkok 2025,Swiss Stage,Round 2 (0-1),Team Liquid vs Sentinels,Abyss,Team Liquid,16,7,5,4,Sentinels,14,7,5,2,1:02:50
Valorant Champions 2025,Group Stage,Winner's (D),Team Heretics vs T1,Sunset,Team Heretics,13,6,7,0,T1,11,5,6,0,51:59
VCT 2025: Americas Stage 2,Group Stage,Week 3,2Game Esports vs FURIA,Corrode,2Game Esports,12,5,7,0,FURIA,14,5,7,2,1:13:27
VCT 2025: Americas Stage 2,Group Stage,Week 3,Sentinels vs Cloud9,Haven,Sentinels,13,9,4,0,Cloud9,9,6,3,0,49:12
VCT 2025: EMEA Stage 2,Group Stage,Week 1,FUT Esports vs Gentle Mates,Lotus,FUT Esports,16,5,7,4,Gentle Mates,14,5,7,2,1:07:52
VCT 2025: China Stage 2,Playoffs,Lower Round 2,TYLOO vs EDward Gaming,Haven,TYLOO,3,3,0,0,EDward Gaming,13,4,9,0,54:00
VCT 2025: EMEA Stage 1,Group Stage,Week 1,BBL Esports vs Karmine Corp,Pearl,BBL Esports,13,8,5,0,Karmine Corp,11,7,4,0,57:52
VCT 2025: EMEA Stage 1,Group Stage,Week 2,FUT Esports vs Gentle Mates,Lotus,FUT Esports,13,8,5,0,Gentle Mates,4,0,4,0,36:11
Valorant Masters Bangkok 2025,Playoffs,Grand Final,G2 Esports vs T1,Abyss,G2 Esports,13,4,9,0,T1,11,3,8,0,47:08
VCT 2025: EMEA Kickoff,Main Event,Lower Round 1,Gentle Mates vs KOI,Haven,Gentle Mates,13,10,3,0,KOI,3,1,2,0,44:42
VCT 2025: Americas Kickoff,Main Event,Upper Quarterfinals,Sentinels vs 100 Thieves,Split,Sentinels,4,4,0,0,100 Thieves,13,5,8,0,49:02
VCT 2025: Americas Stage 2,Group Stage,Week 1,Evil Geniuses vs 2Game Esports,Ascent,Evil Geniuses,13,5,8,0,2Game Esports,9,2,7,0,49:23
VCT 2025: EMEA Stage 2,Group Stage,Week 5,GIANTX vs Team Heretics,Haven,GIANTX,3,2,1,0,Team Heretics,13,3,10,0,35:14
VCT 2025: EMEA Stage 2,Playoffs,Grand Final,Team Liquid vs GIANTX,Bind,Team Liquid,13,5,8,0,GIANTX,10,3,7,0,51:30
VCT 2025: Pacific Stage 1,Playoffs,Lower Final,Rex Regum Qeon vs Paper Rex,Icebox,Rex Regum Qeon,3,3,0,0,Paper Rex,13,4,9,0,35:20
VCT 2025: China Stage 1,Group Stage,Week 3,Dragon Ranger Gaming vs EDward Gaming,Pearl,Dragon Ranger Gaming,10,4,6,0,EDward Gaming,13,5,8,0,53:15
VCT 2025: China Stage 1,Playoffs,Upper Semifinals,Bilibili Gaming vs Wolves Esports,Split,Bilibili Gaming,8,5,3,0,Wolves Esports,13,6,7,0,1:01:39
VCT 2025: Americas Stage 1,Group Stage,Week 2,LOUD vs 2Game Esports,Lotus,LOUD,12,7,5,0,2Game Esports,14,7,5,2,1:14:14
VCT 2025: Americas Stage 1,Group Stage,Week 2,LOUD vs 2Game Esports,Pearl,LOUD,11,5,6,0,2Game Esports,13,6,7,0,58:40
VCT 2025: Americas Stage 1,Playoffs,Upper Final,MIBR vs Sentinels,Lotus,MIBR,7,3,4,0,Sentinels,13,4,9,0,1:27:20
VCT 2025: Americas Stage 1,Playoffs,Grand Final,Sentinels vs G2 Esports,Haven,Sentinels,9,7,2,0,G2 Esports,13,8,5,0,1:04:24
VCT 2025: Americas Stage 2,Group Stage,Week 3,LEVIATÁN vs NRG,Haven,LEVIATÁN,14,7,5,2,Mega Minors,12,7,5,0,56:20
VCT 2025: China Stage 2,Group Stage,Week 2,Trace Esports vs TYLOO,Corrode,Trace Esports,7,4,3,0,TYLOO,13,5,8,0,1:01:04
VCT 2025: Americas Stage 1,Group Stage,Week 4,Sentinels vs LOUD,Split,Sentinels,13,7,6,0,LOUD,10,5,5,0,1:03:10
Valorant Masters Bangkok 2025,Swiss Stage,Round 2 (1-0),EDward Gaming vs G2 Esports,Bind,EDward Gaming,13,8,5,0,G2 Esports,8,4,4,0,43:40
VCT 2025: Americas Kickoff,Main Event,Lower Final,Sentinels vs MIBR,Pearl,Sentinels,19,9,3,7,MIBR,21,9,3,9,1:38:58
VCT 2025: China Stage 2,Group Stage,Week 2,Xi Lai Gaming vs Wolves Esports,Haven,Xi Lai Gaming,13,6,7,0,Wolves Esports,9,3,6,0,1:05:28
VCT 2025: EMEA Stage 1,Playoffs,Lower Round 1,Natus Vincere vs Karmine Corp,Icebox,Natus Vincere,12,4,8,0,Karmine Corp,14,4,8,2,1:21:45
VCT 2025: Pacific Stage 2,Group Stage,Week 1,DRX vs Gen.G,Corrode,DRX,6,2,4,0,Gen.G,13,3,10,0,52:30
VCT 2025: China Stage 2,Group Stage,Week 1,Dragon Ranger Gaming vs Nova Esports,Icebox,Dragon Ranger Gaming,12,8,4,0,Nova Esports,14,8,4,2,54:21
VCT 2025: China Stage 2,Playoffs,Upper Semifinals,Xi Lai Gaming vs Dragon Ranger Gaming,Bind,Xi Lai Gaming,13,9,4,0,Dragon Ranger Gaming,5,2,3,0,39:07
VCT 2025: China Stage 2,Playoffs,Grand Final,Dragon Ranger Gaming vs Bilibili Gaming,Lotus,Dragon Ranger Gaming,9,4,5,0,Bilibili Gaming,13,5,8,0,46:21
VCT 2025: Pacific Stage 1,Group Stage,Week 3,TALON vs Nongshim RedForce,Haven,TALON,5,5,0,0,Nongshim RedForce,13,6,7,0,46:26
VCT 2025: Pacific Stage 1,Playoffs,Lower Round 1,TALON vs Nongshim RedForce,Pearl,TALON,7,3,4,0,Nongshim RedForce,13,4,9,0,48:02
VCT 2025: Americas Stage 1,Group Stage,Week 2,NRG vs FURIA,Lotus,Mega Minors,10,6,4,0,FURIA,13,7,6,0,1:03:20
VCT 2025: EMEA Kickoff,Main Event,Upper Round 1,BBL Esports vs GIANTX,Lotus,BBL Esports,13,6,7,0,GIANTX,9,3,6,0,1:05:24
VCT 2025: Pacific Kickoff,Main Event,Upper Quarterfinals,Paper Rex vs T1,Bind,Paper Rex,6,3,3,0,T1,13,4,9,0,43:53
VCT 2025: Pacific Kickoff,Main Event,Lower Round 1,Rex Regum Qeon vs Team Secret,Haven,Rex Regum Qeon,13,8,5,0,Team Secret,4,0,4,0,41:34
Valorant Champions 2025,Group Stage,Decider (B),MIBR vs Rex Regum Qeon,Corrode,MIBR,13,9,4,0,Rex Regum Qeon,5,2,3,0,44:14
VCT 2025: EMEA Stage 2,Group Stage,Week 2,Gentle Mates vs Team Heretics,Bind,Gentle Mates,5,3,2,0,Team Heretics,13,4,9,0,45:40
VCT 2025: China Stage 2,Group Stage,Week 2,JDG Esports vs Bilibili Gaming,Sunset,JDG Esports,7,2,5,0,Bilibili Gaming,13,3,10,0,56:51
VCT 2025: Pacific Stage 1,Playoffs,Lower Final,Rex Regum Qeon vs Paper Rex,Split,Rex Regum Qeon,14,8,4,2,Paper Rex,12,8,4,0,53:25
VCT 2025: Americas Stage 1,Playoffs,Upper Semifinals,KRÜ Esports vs MIBR,Lotus,KRÜ Esports,8,4,4,0,MIBR,13,5,8,0,58:52
VCT 2025: Americas Stage 2,Group Stage,Week 5,100 Thieves vs LEVIATÁN,Haven,100 Thieves,13,3,10,0,LEVIATÁN,10,1,9,0,54:45
VCT 2025: Americas Stage 2,Playoffs,Lower Round 2,NRG vs LEVIATÁN,Icebox,Mega Minors,13,10,3,0,LEVIATÁN,2,0,2,0,28:36
VCT 2025: EMEA Stage 2,Group Stage,Week 2,Team Liquid vs Natus Vincere,Corrode,Team Liquid,13,8,5,0,Natus Vincere,7,3,4,0,48:39
VCT 2025: Pacific Stage 2,Group Stage,Week 1,DRX vs Nongshim RedForce,Lotus,DRX,13,6,7,0,Nongshim RedForce,11,5,6,0,58:52
VCT 2025: Pacific Stage 2,Group Stage,Week 3,TALON vs T1,Lotus,TALON,13,8,5,0,T1,6,2,4,0,40:24
VCT 2025: Americas Stage 2,Group Stage,Week 4,LOUD vs 100 Thieves,Sunset,LOUD,13,10,3,0,100 Thieves,2,0,2,0,41:30
VCT 2025: EMEA Stage 2,Group Stage,Week 4,KOI vs Apeks,Ascent,KOI,13,8,5,0,Apeks,4,0,4,0,37:38
VCT 2025: EMEA Stage 1,Playoffs,Lower Round 3,Team Liquid vs BBL Esports,Haven,Team Liquid,13,4,9,0,BBL Esports,11,3,8,0,1:06:33
VCT 2025: EMEA Stage 2,Group Stage,Week 3,Team Liquid vs Apeks,Lotus,Team Liquid,13,10,3,0,Apeks,6,4,2,0,41:03
VCT 2025: EMEA Stage 1,Playoffs,Lower Round 2,BBL Esports vs FUT Esports,Split,BBL Esports,13,10,3,0,FUT Esports,2,0,2,0,34:02
VCT 2025: Americas Stage 1,Group Stage,Week 5,LEVIATÁN vs NRG,Fracture,LEVIATÁN,13,7,5,1,Mega Minors,15,7,5,3,1:01:26
VCT 2025: EMEA Kickoff,Main Event,Upper Quarterfinals,Team Heretics vs Gentle Mates,Fracture,Team Heretics,13,11,2,0,Gentle Mates,3,2,1,0,33:21
Valorant Champions 2025,Group Stage,Elimination (B),Bilibili Gaming vs Rex Regum Qeon,Sunset,Bilibili Gaming,13,6,7,0,Rex Regum Qeon,7,1,6,0,41:56
VCT 2025: Americas Stage 2,Group Stage,Week 2,Cloud9 vs Evil Geniuses,Lotus,Cloud9,13,8,5,0,Evil Geniuses,7,3,4,0,42:40
VCT 2025: Americas Stage 2,Group Stage,Week 3,2Game Esports vs FURIA,Sunset,2Game Esports,13,9,4,0,FURIA,3,0,3,0,36:01
VCT 2025: EMEA Stage 1,Playoffs,Upper Round 1,BBL Esports vs Natus Vincere,Lotus,BBL Esports,13,7,6,0,Natus Vincere,9,4,5,0,1:07:28
VCT 2025: Pacific Kickoff,Main Event,Upper Round 1,DetonatioN FocusMe vs Rex Regum Qeon,Pearl,DetonatioN FocusMe,3,1,2,0,Rex Regum Qeon,13,2,11,0,35:42
VCT 2025: EMEA Stage 2,Group Stage,Week 4,Team Vitality vs BBL Esports,Lotus,Team Vitality,13,6,7,0,BBL Esports,11,5,6,0,1:01:25
VCT 2025: Pacific Stage 2,Group Stage,Week 4,Rex Regum Qeon vs Team Secret,Sunset,Rex Regum Qeon,13,9,4,0,Team Secret,3,0,3,0,36:33
VCT 2025: EMEA Stage 1,Group Stage,Week 4,Team Vitality vs Apeks,Ascent,Team Vitality,13,11,2,0,Apeks,5,4,1,0,1:00:54
VCT 2025: Pacific Stage 1,Group Stage,Week 5,Nongshim RedForce vs ZETA DIVISION,Lotus,Nongshim RedForce,13,8,5,0,ZETA DIVISION,6,2,4,0,48:58
VCT 2025: China Stage 1,Group Stage,Week 3,Nova Esports vs FunPlus Phoenix,Split,Nova Esports,13,7,6,0,FunPlus Phoenix,10,5,5,0,51:53
VCT 2025: Americas Stage 1,Group Stage,Week 3,G2 Esports vs NRG,Ascent,G2 Esports,13,10,3,0,Mega Minors,6,4,2,0,45:13
VCT 2025: EMEA Stage 2,Group Stage,Week 3,Team Vitality vs Team Heretics,Ascent,Team Vitality,9,8,1,0,Team Heretics,13,9,4,0,55:35
VCT 2025: EMEA Stage 2,Playoffs,Upper Semifinals,Team Heretics vs BBL Esports,Icebox,Team Heretics,6,4,2,0,BBL Esports,13,5,8,0,45:20
VCT 2025: China Stage 1,Playoffs,Lower Round 2,Bilibili Gaming vs Trace Esports,Lotus,Bilibili Gaming,13,9,4,0,Trace Esports,4,1,3,0,37:45
VCT 2025: Americas Stage 1,Playoffs,Grand Final,Sentinels vs G2 Esports,Pearl,Sentinels,13,10,3,0,G2 Esports,10,8,2,0,55:28
Valorant Masters Bangkok 2025,Swiss Stage,Round 3,T1 vs DRX,Pearl,T1,13,8,5,0,DRX,4,0,4,0,39:01
Valorant Masters Bangkok 2025,Swiss Stage,Round 3,G2 Esports vs Team Liquid,Haven,G2 Esports,13,8,5,0,Team Liquid,5,1,4,0,48:57
Valorant Champions 2025,Group Stage,Opening (A),GIANTX vs Sentinels,Corrode,GIANTX,6,6,0,0,Sentinels,13,7,6,0,41:17
Valorant Champions 2025,Playoffs,Lower Round 3,DRX vs Paper Rex,Ascent,DRX,15,3,9,3,Paper Rex,13,3,9,1,1:04:34
VCT 2025: Americas Stage 2,Playoffs,Lower Round 2,Cloud9 vs 100 Thieves,Haven,Cloud9,13,8,5,0,100 Thieves,9,5,4,0,56:18
VCT 2025: EMEA Stage 1,Group Stage,Week 1,Team Heretics vs Apeks,Split,Team Heretics,13,6,7,0,Apeks,8,2,6,0,50:00
VCT 2025: Americas Stage 1,Group Stage,Week 5,Sentinels vs 2Game Esports,Pearl,Sentinels,13,8,5,0,2Game Esports,5,1,4,0,47:59
VCT 2025: EMEA Kickoff,Main Event,Lower Final,Team Heretics vs Team Liquid,Abyss,Team Heretics,4,4,0,0,Team Liquid,13,5,8,0,38:19
VCT 2025: Pacific Kickoff,Main Event,Lower Round 1,Global Esports vs DetonatioN FocusMe,Split,Global Esports,12,6,6,0,DetonatioN FocusMe,14,6,6,2,1:04:41
Valorant Champions 2025,Group Stage,Opening (D),Dragon Ranger Gaming vs T1,Sunset,Dragon Ranger Gaming,14,5,7,2,T1,16,5,7,4,1:27:05
VCT 2025: EMEA Stage 2,Group Stage,Week 2,GIANTX vs BBL Esports,Corrode,GIANTX,13,3,10,0,BBL Esports,11,2,9,0,52:40
Valorant Masters Toronto 2025,Swiss Stage,Round 1,Bilibili Gaming vs Team Liquid,Icebox,Bilibili Gaming,13,5,8,0,Team Liquid,10,3,7,0,47:52
VCT 2025: EMEA Stage 1,Playoffs,Lower Round 1,Natus Vincere vs Karmine Corp,Ascent,Natus Vincere,13,7,6,0,Karmine Corp,11,6,5,0,57:59
VCT 2025: Pacific Stage 1,Playoffs,Upper Round 1,TALON vs Gen.G,Icebox,TALON,6,4,2,0,Gen.G,13,5,8,0,41:38
VCT 2025: Americas Stage 2,Group Stage,Week 4,FURIA vs G2 Esports,Corrode,FURIA,2,2,0,0,G2 Esports,13,3,10,0,49:02
VCT 2025: EMEA Stage 2,Group Stage,Week 4,Gentle Mates vs GIANTX,Ascent,Gentle Mates,12,9,3,0,GIANTX,14,9,3,2,54:31
VCT 2025: EMEA Stage 2,Group Stage,Week 5,GIANTX vs Team Heretics,Ascent,GIANTX,7,5,2,0,Team Heretics,13,6,7,0,51:35
VCT 2025: Pacific Stage 2,Playoffs,Upper Semifinals,DRX vs TALON,Bind,DRX,13,8,5,0,TALON,11,7,4,0,1:13:31
VCT 2025: China Stage 2,Playoffs,Lower Round 1,All Gamers vs FunPlus Phoenix,Haven,All Gamers,3,1,2,0,FunPlus Phoenix,13,2,11,0,40:12
VCT 2025: EMEA Stage 1,Group Stage,Week 4,Karmine Corp vs FUT Esports,Pearl,Karmine Corp,14,6,6,2,FUT Esports,12,6,6,0,1:26:37
VCT 2025: EMEA Stage 1,Playoffs,Upper Round 1,FNATIC vs FUT Esports,Lotus,FNATIC,13,8,5,0,FUT Esports,6,2,4,0,1:01:36
VCT 2025: Pacific Stage 1,Group Stage,Week 2,Team Secret vs ZETA DIVISION,Icebox,Team Secret,10,5,5,0,ZETA DIVISION,13,6,7,0,54:47
VCT 2025: Pacific Stage 1,Group Stage,Week 3,DRX vs Global Esports,Ascent,DRX,13,9,4,0,Global Esports,3,0,3,0,54:03
VCT 2025: Pacific Stage 1,Playoffs,Upper Round 1,DRX vs T1,Lotus,DRX,15,5,7,3,T1,13,5,7,1,1:07:27
VCT 2025: Americas Kickoff,Main Event,Upper Round 1,2Game Esports vs FURIA,Haven,2Game Esports,7,5,2,0,FURIA,13,6,7,0,54:22
VCT 2025: Americas Stage 2,Playoffs,Grand Final,G2 Esports vs NRG,Bind,G2 Esports,13,3,10,0,Mega Minors,11,2,9,0,1:07:17
VCT 2025: EMEA Stage 2,Group Stage,Week 3,Team Vitality vs Team Heretics,Haven,Team Vitality,11,7,4,0,Team Heretics,13,8,5,0,55:37
VCT 2025: China Stage 2,Playoffs,Lower Round 1,EDward Gaming vs Trace Esports,Lotus,EDward Gaming,7,7,0,0,Trace Esports,13,8,5,0,56:26
VCT 2025: China Stage 2,Playoffs,Upper Semifinals,Bilibili Gaming vs TYLOO,Icebox,Bilibili Gaming,9,5,4,0,TYLOO,13,6,7,0,49:53
Valorant Masters Toronto 2025,Swiss Stage,Round 1,Team Heretics vs Paper Rex,Pearl,Team Heretics,1,1,0,0,Paper Rex,13,2,11,0,28:55
VCT 2025: EMEA Kickoff,Main Event,Lower Round 1,Karmine Corp vs GIANTX,Bind,Karmine Corp,14,7,5,2,GIANTX,12,7,5,0,1:19:57
VCT 2025: Americas Kickoff,Main Event,Upper Quarterfinals,Sentinels vs 100 Thieves,Bind,Sentinels,13,7,6,0,100 Thieves,9,4,5,0,54:05
VCT 2025: EMEA Stage 2,Playoffs,Upper Final,BBL Esports vs Team Liquid,Bind,BBL Esports,12,7,5,0,Team Liquid,14,7,5,2,56:20
VCT 2025: China Stage 2,Group Stage,Week 3,Bilibili Gaming vs Trace Esports,Ascent,Bilibili Gaming,6,4,2,0,Trace Esports,13,5,8,0,41:43
VCT 2025: Pacific Kickoff,Main Event,Lower Round 1,Paper Rex vs ZETA DIVISION,Fracture,Paper Rex,13,6,7,0,ZETA DIVISION,8,2,6,0,45:05
VCT 2025: Americas Stage 2,Group Stage,Week 3,LOUD vs KRÜ Esports,Bind,LOUD,13,8,5,0,KRÜ Esports,9,5,4,0,45:15
VCT 2025: Pacific Stage 2,Playoffs,Upper Final,TALON vs Paper Rex,Bind,TALON,7,4,3,0,Paper Rex,13,5,8,0,34:07
VCT 2025: EMEA Stage 1,Group Stage,Week 1,Team Vitality vs GIANTX,Split,Team Vitality,13,9,4,0,GIANTX,9,6,3,0,1:16:15
VCT 2025: EMEA Stage 1,Playoffs,Lower Round 1,FUT Esports vs Team Vitality,Fracture,FUT Esports,13,6,7,0,Team Vitality,7,1,6,0,1:06:15
VCT 2025: Pacific Stage 1,Group Stage,Week 1,TALON vs Team Secret,Pearl,TALON,5,5,0,0,Team Secret,13,6,7,0,51:36
VCT 2025: Pacific Stage 1,Playoffs,Lower Round 1,T1 vs Paper Rex,Lotus,T1,2,2,0,0,Paper Rex,13,3,10,0,33:01
VCT 2025: EMEA Stage 2,Group Stage,Week 2,Apeks vs Karmine Corp,Icebox,Apeks,7,5,2,0,Karmine Corp,13,6,7,0,48:44
VCT 2025: EMEA Stage 2,Group Stage,Week 4,Natus Vincere vs Karmine Corp,Corrode,Natus Vincere,13,9,4,0,Karmine Corp,8,5,3,0,45:07
VCT 2025: EMEA Stage 1,Group Stage,Week 4,Team Liquid vs KOI,Lotus,Team Liquid,13,7,6,0,KOI,9,4,5,0,58:57
VCT 2025: Pacific Stage 1,Group Stage,Week 5,DRX vs Gen.G,Ascent,DRX,13,4,9,0,Gen.G,9,1,8,0,44:43
VCT 2025: EMEA Kickoff,Main Event,Lower Round 3,BBL Esports vs Team Liquid,Pearl,BBL Esports,13,9,4,0,Team Liquid,9,6,3,0,56:12
VCT 2025: Pacific Stage 2,Group Stage,Week 4,T1 vs DetonatioN FocusMe,Sunset,T1,13,9,4,0,DetonatioN FocusMe,6,3,3,0,44:37
VCT 2025: EMEA Stage 1,Group Stage,Week 2,Team Vitality vs FNATIC,Haven,Team Vitality,10,9,1,0,FNATIC,13,10,3,0,1:00:25
VCT 2025: Pacific Stage 1,Group Stage,Week 3,Rex Regum Qeon vs ZETA DIVISION,Haven,Rex Regum Qeon,13,5,8,0,ZETA DIVISION,9,2,7,0,46:50
VCT 2025: China Stage 1,Playoffs,Upper Round 1,Xi Lai Gaming vs Nova Esports,Ascent,Xi Lai Gaming,13,10,3,0,Nova Esports,2,0,2,0,34:09
VCT 2025: Americas Stage 1,Group Stage,Week 3,Evil Geniuses vs Sentinels,Pearl,Evil Geniuses,6,5,1,0,Sentinels,13,6,7,0,48:01
VCT 2025: Pacific Kickoff,Main Event,Upper Quarterfinals,TALON vs Global Esports,Split,TALON,6,2,4,0,Global Esports,13,3,10,0,54:35
Valorant Champions 2025,Group Stage,Opening (A),Paper Rex vs Xi Lai Gaming,Sunset,Paper Rex,13,8,5,0,Xi Lai Gaming,5,1,4,0,39:04
VCT 2025: Americas Stage 2,Group Stage,Week 3,LOUD vs KRÜ Esports,Ascent,LOUD,4,4,0,0,KRÜ Esports,13,5,8,0,38:39
VCT 2025: Pacific Stage 2,Group Stage,Week 1,Nongshim RedForce vs Team Secret,Ascent,Nongshim RedForce,13,6,7,0,Team Secret,10,4,6,0,54:32
VCT 2025: China Stage 2,Group Stage,Week 1,Bilibili Gaming vs TYLOO,Bind,Bilibili Gaming,13,9,4,0,TYLOO,5,2,3,0,54:01
VCT 2025: EMEA Stage 1,Playoffs,Lower Round 2,Team Liquid vs Natus Vincere,Ascent,Team Liquid,13,6,7,0,Natus Vincere,8,2,6,0,42:26
VCT 2025: China Stage 1,Playoffs,Lower Round 1,Titan Esports Club vs Dragon Ranger Gaming,Lotus,Titan Esports Club,16,8,4,4,Dragon Ranger Gaming,18,8,4,6,1:19:41
VCT 2025: Pacific Kickoff,Main Event,Upper Round 1,Global Esports vs Team Secret,Split,Global Esports,13,8,5,0,Team Secret,7,3,4,0,45:52
Valorant Champions 2025,Playoffs,Lower Round 2,MIBR vs DRX,Bind,MIBR,10,6,4,0,DRX,13,7,6,0,58:37
VCT 2025: Pacific Stage 2,Group Stage,Week 2,BOOM Esports vs Paper Rex,Lotus,BOOM Esports,10,3,7,0,Paper Rex,13,4,9,0,46:58
VCT 2025: EMEA Stage 1,Playoffs,Upper Semifinals,Team Heretics vs BBL Esports,Icebox,Team Heretics,14,6,6,2,BBL Esports,12,6,6,0,59:03
VCT 2025: Pacific Stage 1,Playoffs,Lower Round 2,BOOM Esports vs Paper Rex,Lotus,BOOM Esports,5,3,2,0,Paper Rex,13,4,9,0,45:13
VCT 2025: Americas Kickoff,Main Event,Upper Quarterfinals,KRÜ Esports vs LOUD,Split,KRÜ Esports,10,6,4,0,LOUD,13,7,6,0,56:04
VCT 2025: EMEA Stage 2,Group Stage,Week 4,Natus Vincere vs Karmine Corp,Sunset,Natus Vincere,14,7,5,2,Karmine Corp,12,7,5,0,1:02:25
Valorant Masters Toronto 2025,Swiss Stage,Round 1,Sentinels vs Wolves Esports,Split,Sentinels,13,4,9,0,Wolves Esports,11,3,8,0,1:01:08
VCT 2025: EMEA Stage 1,Group Stage,Week 2,Apeks vs Natus Vincere,Split,Apeks,6,3,3,0,Natus Vincere,13,4,9,0,44:08
VCT 2025: EMEA Stage 1,Group Stage,Week 4,Natus Vincere vs Team Heretics,Haven,Natus Vincere,3,2,1,0,Team Heretics,13,3,10,0,48:29
VCT 2025: EMEA Kickoff,Main Event,Lower Final,Team Heretics vs Team Liquid,Fracture,Team Heretics,7,4,3,0,Team Liquid,13,5,8,0,41:51
VCT 2025: Pacific Kickoff,Main Event,Upper Quarterfinals,DRX vs Nongshim RedForce,Fracture,DRX,13,6,7,0,Nongshim RedForce,9,3,6,0,48:44
Valorant Champions 2025,Playoffs,Upper Quarterfinals,Paper Rex vs G2 Esports,Ascent,Paper Rex,13,4,9,0,G2 Esports,11,3,8,0,57:03
VCT 2025: Americas Stage 2,Group Stage,Week 5,KRÜ Esports vs NRG,Sunset,KRÜ Esports,13,7,6,0,Mega Minors,6,1,5,0,1:01:21
VCT 2025: Pacific Stage 2,Group Stage,Week 1,Rex Regum Qeon vs Gen.G,Ascent,Rex Regum Qeon,6,2,4,0,Gen.G,13,3,10,0,45:39
VCT 2025: Pacific Stage 1,Playoffs,Upper Semifinals,Rex Regum Qeon vs DRX,Lotus,Rex Regum Qeon,14,7,5,2,DRX,12,7,5,0,1:00:19
VCT 2025: Pacific Stage 1,Playoffs,Lower Final,Rex Regum Qeon vs Paper Rex,Pearl,Rex Regum Qeon,14,6,6,2,Paper Rex,12,6,6,0,58:35
Valorant Masters Bangkok 2025,Playoffs,Upper Semifinals,EDward Gaming vs T1,Bind,EDward Gaming,6,5,1,0,T1,13,6,7,0,43:41
VCT 2025: Pacific Kickoff,Main Event,Upper Round 1,ZETA DIVISION vs Nongshim RedForce,Haven,ZETA DIVISION,9,4,5,0,Nongshim RedForce,13,5,8,0,43:54
VCT 2025: Pacific Kickoff,Main Event,Lower Final,T1 vs Gen.G,Split,T1,15,9,3,3,Gen.G,17,9,3,5,1:14:51
VCT 2025: Americas Kickoff,Main Event,Lower Round 1,KRÜ Esports vs 2Game Esports,Split,KRÜ Esports,13,10,3,0,2Game Esports,2,0,2,0,38:23
Valorant Champions 2025,Group Stage,Elimination (A),Xi Lai Gaming vs Sentinels,Abyss,Xi Lai Gaming,10,5,5,0,Sentinels,13,6,7,0,51:55
Valorant Champions 2025,Group Stage,Elimination (D),G2 Esports vs Dragon Ranger Gaming,Abyss,G2 Esports,13,6,7,0,Dragon Ranger Gaming,7,1,6,0,44:41
VCT 2025: Pacific Stage 2,Group Stage,Week 1,Paper Rex vs DetonatioN FocusMe,Lotus,Paper Rex,13,6,7,0,DetonatioN FocusMe,7,1,6,0,51:18
VCT 2025: Pacific Stage 2,Playoffs,Lower Round 1,Rex Regum Qeon vs Gen.G,Corrode,Rex Regum Qeon,13,7,6,0,Gen.G,6,1,5,0,41:22
VCT 2025: EMEA Kickoff,Main Event,Lower Round 2,GIANTX vs Team Liquid,Fracture,GIANTX,8,4,4,0,Team Liquid,13,5,8,0,51:00
VCT 2025: Pacific Kickoff,Main Event,Grand Final,DRX vs T1,Bind,DRX,12,7,5,0,T1,14,7,5,2,1:02:47
VCT 2025: Americas Stage 2,Group Stage,Week 4,LEVIATÁN vs KRÜ Esports,Haven,LEVIATÁN,13,4,9,0,KRÜ Esports,10,2,8,0,47:12
VCT 2025: China Stage 2,Group Stage,Week 3,Nova Esports vs All Gamers,Haven,Nova Esports,13,8,5,0,All Gamers,10,6,4,0,1:13:29
Valorant Masters Toronto 2025,Playoffs,Upper Quarterfinals,Rex Regum Qeon vs Wolves Esports,Icebox,Rex Regum Qeon,8,8,0,0,Wolves Esports,13,9,4,0,48:42
VCT 2025: China Stage 1,Playoffs,Grand Final,Xi Lai Gaming vs Bilibili Gaming,Fracture,Xi Lai Gaming,15,5,7,3,Bilibili Gaming,13,5,7,1,1:24:03
VCT 2025: Americas Kickoff,Main Event,Lower Round 1,100 Thieves vs NRG,Lotus,100 Thieves,14,6,6,2,Mega Minors,12,6,6,0,1:19:06
VCT 2025: Americas Stage 2,Group Stage,Week 1,MIBR vs KRÜ Esports,Corrode,MIBR,13,8,5,0,KRÜ Esports,9,5,4,0,57:52
VCT 2025: Pacific Stage 1,Group Stage,Week 3,Paper Rex vs BOOM Esports,Fracture,Paper Rex,9,5,4,0,BOOM Esports,13,6,7,0,44:15
VCT 2025: Pacific Stage 1,Playoffs,Grand Final,Gen.G vs Rex Regum Qeon,Icebox,Gen.G,11,6,5,0,Rex Regum Qeon,13,7,6,0,54:26
VCT 2025: China Stage 1,Group Stage,Week 4,All Gamers vs JDG Esports,Split,All Gamers,12,5,7,0,JDG Esports,14,5,7,2,1:18:13
VCT 2025: EMEA Kickoff,Main Event,Upper Round 1,Karmine Corp vs Natus Vincere,Abyss,Karmine Corp,10,7,3,0,Natus Vincere,13,8,5,0,1:09:50
VCT 2025: EMEA Kickoff,Main Event,Lower Round 4,FUT Esports vs Team Liquid,Abyss,FUT Esports,7,4,3,0,Team Liquid,13,5,8,0,1:06:22
VCT 2025: Americas Kickoff,Main Event,Upper Final,Sentinels vs G2 Esports,Pearl,Sentinels,7,5,2,0,G2 Esports,13,6,7,0,45:55
Valorant Champions 2025,Playoffs,Upper Quarterfinals,FNATIC vs DRX,Lotus,FNATIC,13,8,5,0,DRX,5,1,4,0,44:32
VCT 2025: EMEA Stage 2,Playoffs,Upper Round 1,GIANTX vs Natus Vincere,Bind,GIANTX,5,3,2,0,Natus Vincere,13,4,9,0,38:30
VCT 2025: Pacific Stage 2,Group Stage,Week 1,DRX vs Gen.G,Haven,DRX,8,3,5,0,Gen.G,13,4,9,0,51:12
VCT 2025: Pacific Stage 2,Group Stage,Week 4,Rex Regum Qeon vs Team Secret,Ascent,Rex Regum Qeon,13,9,3,1,Team Secret,15,9,3,3,1:19:12
VCT 2025: Pacific Stage 2,Playoffs,Grand Final,Paper Rex vs Rex Regum Qeon,Haven,Paper Rex,13,8,5,0,Rex Regum Qeon,7,3,4,0,41:43
VCT 2025: China Stage 2,Group Stage,Week 2,All Gamers vs Wolves Esports,Bind,All Gamers,13,10,3,0,Wolves Esports,2,0,2,0,49:51
VCT 2025: China Stage 2,Group Stage,Week 3,Wolves Esports vs Dragon Ranger Gaming,Lotus,Wolves Esports,14,7,5,2,Dragon Ranger Gaming,12,7,5,0,1:11:53
VCT 2025: China Stage 2,Playoffs,Lower Round 2,Xi Lai Gaming vs All Gamers,Ascent,Xi Lai Gaming,13,9,4,0,All Gamers,8,5,3,0,1:04:48
VCT 2025: EMEA Stage 1,Group Stage,Week 1,BBL Esports vs Karmine Corp,Fracture,BBL Esports,13,7,6,0,Karmine Corp,8,3,5,0,46:23
VCT 2025: China Stage 1,Playoffs,Lower Round 3,EDward Gaming vs Bilibili Gaming,Pearl,EDward Gaming,11,5,6,0,Bilibili Gaming,13,6,7,0,57:30
VCT 2025: Pacific Kickoff,Main Event,Lower Round 2,Nongshim RedForce vs Rex Regum Qeon,Pearl,Nongshim RedForce,13,6,7,0,Rex Regum Qeon,8,2,6,0,52:15
VCT 2025: Pacific Kickoff,Main Event,Grand Final,DRX vs T1,Split,DRX,13,7,6,0,T1,11,6,5,0,56:48
Valorant Champions 2025,Group Stage,Decider (A),GIANTX vs Xi Lai Gaming,Ascent,GIANTX,13,5,8,0,Xi Lai Gaming,10,3,7,0,47:59
Valorant Champions 2025,Playoffs,Upper Quarterfinals,Paper Rex vs G2 Esports,Corrode,Paper Rex,13,6,6,1,G2 Esports,15,6,6,3,1:03:55
VCT 2025: Americas Stage 2,Group Stage,Week 1,MIBR vs KRÜ Esports,Ascent,MIBR,1,1,0,0,KRÜ Esports,13,2,11,0,30:42
VCT 2025: EMEA Stage 2,Playoffs,Grand Final,Team Liquid vs GIANTX,Lotus,Team Liquid,13,5,8,0,GIANTX,9,2,7,0,42:05
Valorant Masters Toronto 2025,Playoffs,Lower Final,Wolves Esports vs FNATIC,Icebox,Wolves Esports,4,3,1,0,FNATIC,13,4,9,0,37:08
VCT 2025: Pacific Kickoff,Main Event,Lower Round 3,TALON vs Nongshim RedForce,Bind,TALON,13,9,4,0,Nongshim RedForce,10,7,3,0,52:01
VCT 2025: Americas Stage 2,Group Stage,Week 4,LOUD vs 100 Thieves,Lotus,LOUD,12,6,6,0,100 Thieves,14,6,6,2,1:01:52
VCT 2025: Americas Stage 2,Playoffs,Upper Round 1,LEVIATÁN vs Cloud9,Corrode,LEVIATÁN,10,8,2,0,Cloud9,13,9,4,0,1:08:00
VCT 2025: EMEA Stage 2,Playoffs,Upper Round 1,FNATIC vs BBL Esports,Ascent,FNATIC,7,5,2,0,BBL Esports,13,6,7,0,44:02
VCT 2025: Pacific Stage 2,Group Stage,Week 3,Gen.G vs Team Secret,Lotus,Gen.G,13,10,3,0,Team Secret,3,1,2,0,55:35
VCT 2025: Pacific Stage 1,Group Stage,Week 5,T1 vs TALON,Icebox,T1,6,6,0,0,TALON,13,7,6,0,48:30
VCT 2025: Americas Stage 1,Group Stage,Week 2,NRG vs FURIA,Fracture,Mega Minors,13,10,3,0,FURIA,4,2,2,0,37:29
VCT 2025: Americas Stage 1,Group Stage,Week 4,FURIA vs Cloud9,Pearl,FURIA,1,1,0,0,Cloud9,13,2,11,0,33:41
Valorant Masters Bangkok 2025,Swiss Stage,Round 2 (1-0),DRX vs Team Vitality,Bind,DRX,8,4,4,0,Team Vitality,13,5,8,0,58:50
Valorant Champions 2025,Group Stage,Opening (A),GIANTX vs Sentinels,Haven,GIANTX,13,4,9,0,Sentinels,9,1,8,0,51:34
VCT 2025: Americas Stage 2,Group Stage,Week 5,2Game Esports vs Sentinels,Lotus,2Game Esports,4,2,2,0,Sentinels,13,3,10,0,36:33
VCT 2025: Americas Stage 2,Playoffs,Lower Round 1,100 Thieves vs Evil Geniuses,Corrode,100 Thieves,14,4,8,2,Evil Geniuses,12,4,8,0,1:02:16
VCT 2025: EMEA Stage 2,Group Stage,Week 3,Team Liquid vs Apeks,Corrode,Team Liquid,11,8,3,0,Apeks,13,9,4,0,56:02
VCT 2025: China Stage 2,Playoffs,Upper Final,Dragon Ranger Gaming vs Bilibili Gaming,Lotus,Dragon Ranger Gaming,9,5,4,0,Bilibili Gaming,13,6,7,0,47:21
VCT 2025: China Stage 2,Playoffs,Lower Round 3,EDward Gaming vs Xi Lai Gaming,Corrode,EDward Gaming,13,9,4,0,Xi Lai Gaming,5,2,3,0,38:20
VCT 2025: Pacific Stage 1,Group Stage,Week 5,Rex Regum Qeon vs Team Secret,Haven,Rex Regum Qeon,15,9,3,3,Team Secret,13,9,3,1,1:05:58
VCT 2025: EMEA Kickoff,Main Event,Lower Round 1,Karmine Corp vs GIANTX,Fracture,Karmine Corp,10,4,6,0,GIANTX,13,5,8,0,51:41
VCT 2025: EMEA Kickoff,Main Event,Upper Final,Team Vitality vs Team Heretics,Haven,Team Vitality,13,8,5,0,Team Heretics,10,6,4,0,1:05:29
VCT 2025: EMEA Stage 2,Playoffs,Lower Round 1,FNATIC vs Karmine Corp,Haven,FNATIC,12,5,7,0,Karmine Corp,14,5,7,2,1:04:18
VCT 2025: EMEA Stage 2,Playoffs,Lower Round 2,GIANTX vs FNATIC,Lotus,GIANTX,13,7,6,0,FNATIC,10,5,5,0,53:22
VCT 2025: China Stage 2,Group Stage,Week 3,Nova Esports vs All Gamers,Corrode,Nova Esports,9,6,3,0,All Gamers,13,7,6,0,54:54
Valorant Masters Toronto 2025,Playoffs,Lower Final,Wolves Esports vs FNATIC,Lotus,Wolves Esports,13,6,7,0,FNATIC,10,4,6,0,54:40
VCT 2025: EMEA Stage 1,Playoffs,Lower Round 2,Team Liquid vs Natus Vincere,Split,Team Liquid,13,9,4,0,Natus Vincere,4,1,3,0,38:16
VCT 2025: China Stage 1,Playoffs,Lower Final,Wolves Esports vs Bilibili Gaming,Pearl,Wolves Esports,9,7,2,0,Bilibili Gaming,13,8,5,0,1:14:49
VCT 2025: Americas Kickoff,Main Event,Upper Semifinals,G2 Esports vs LEVIATÁN,Pearl,G2 Esports,13,8,5,0,LEVIATÁN,5,1,4,0,55:44
VCT 2025: EMEA Stage 2,Group Stage,Week 1,Team Vitality vs GIANTX,Sunset,Team Vitality,10,6,4,0,GIANTX,13,7,6,0,51:20
VCT 2025: China Stage 2,Playoffs,Upper Quarterfinals,All Gamers vs TYLOO,Icebox,All Gamers,11,6,5,0,TYLOO,13,7,6,0,55:59
Valorant Masters Toronto 2025,Playoffs,Upper Quarterfinals,G2 Esports vs Paper Rex,Lotus,G2 Esports,11,6,5,0,Paper Rex,13,7,6,0,54:24
VCT 2025: EMEA Stage 1,Group Stage,Week 5,Team Vitality vs Natus Vincere,Haven,Team Vitality,5,4,1,0,Natus Vincere,13,5,8,0,49:15
VCT 2025: EMEA Kickoff,Main Event,Upper Round 1,Team Liquid vs KOI,Fracture,Team Liquid,10,5,5,0,KOI,13,6,7,0,58:08
VCT 2025: Pacific Kickoff,Main Event,Lower Round 1,Rex Regum Qeon vs Team Secret,Pearl,Rex Regum Qeon,13,11,2,0,Team Secret,4,3,1,0,50:02
VCT 2025: Americas Kickoff,Main Event,Upper Semifinals,LOUD vs Sentinels,Lotus,LOUD,13,6,7,0,Sentinels,11,5,6,0,1:12:39
VCT 2025: Pacific Stage 2,Playoffs,Lower Final,TALON vs Rex Regum Qeon,Sunset,TALON,12,4,8,0,Rex Regum Qeon,14,4,8,2,58:39
VCT 2025: China Stage 2,Group Stage,Week 3,Wolves Esports vs Dragon Ranger Gaming,Icebox,Wolves Esports,11,7,4,0,Dragon Ranger Gaming,13,8,5,0,50:37
Valorant Masters Toronto 2025,Playoffs,Grand Final,Paper Rex vs FNATIC,Pearl,Paper Rex,13,5,8,0,FNATIC,10,3,7,0,52:55
VCT 2025: EMEA Stage 1,Group Stage,Week 3,Apeks vs FNATIC,Split,Apeks,14,4,8,2,FNATIC,16,4,8,4,1:16:11
Valorant Masters Bangkok 2025,Playoffs,Lower Round 1,T1 vs Team Vitality,Haven,T1,13,8,5,0,Team Vitality,4,0,4,0,36:14
VCT 2025: Americas Kickoff,Main Event,Grand Final,G2 Esports vs Sentinels,Split,G2 Esports,4,3,1,0,Sentinels,13,4,9,0,49:03
VCT 2025: China Stage 2,Playoffs,Lower Final,Bilibili Gaming vs EDward Gaming,Bind,Bilibili Gaming,12,6,6,0,EDward Gaming,14,6,6,2,1:14:50
VCT 2025: EMEA Stage 1,Playoffs,Upper Semifinals,Team Liquid vs FNATIC,Split,Team Liquid,10,7,3,0,FNATIC,13,8,5,0,1:14:44
VCT 2025: China Stage 1,Group Stage,Week 2,Bilibili Gaming vs JDG Esports,Fracture,Bilibili Gaming,13,4,9,0,JDG Esports,8,0,8,0,44:08
VCT 2025: EMEA Stage 2,Group Stage,Week 3,Gentle Mates vs BBL Esports,Sunset,Gentle Mates,3,3,0,0,BBL Esports,13,4,9,0,34:04
VCT 2025: Pacific Stage 2,Playoffs,Lower Round 1,Rex Regum Qeon vs Gen.G,Sunset,Rex Regum Qeon,13,2,11,0,Gen.G,11,1,10,0,55:16
VCT 2025: Pacific Stage 1,Group Stage,Week 4,DRX vs BOOM Esports,Ascent,DRX,8,7,1,0,BOOM Esports,13,8,5,0,51:23
VCT 2025: China Stage 1,Playoffs,Lower Round 2,EDward Gaming vs Dragon Ranger Gaming,Split,EDward Gaming,11,6,5,0,Dragon Ranger Gaming,13,7,6,0,48:20
VCT 2025: Americas Stage 1,Group Stage,Week 1,G2 Esports vs FURIA,Lotus,G2 Esports,13,3,10,0,FURIA,10,1,9,0,1:06:57
VCT 2025: Americas Stage 1,Group Stage,Week 2,100 Thieves vs Evil Geniuses,Fracture,100 Thieves,13,6,7,0,Evil Geniuses,10,4,6,0,54:51
Valorant Masters Bangkok 2025,Swiss Stage,Round 2 (1-0),EDward Gaming vs G2 Esports,Pearl,EDward Gaming,16,6,6,4,G2 Esports,18,6,6,6,1:21:52
VCT 2025: Pacific Kickoff,Main Event,Upper Quarterfinals,TALON vs Global Esports,Abyss,TALON,13,6,7,0,Global Esports,9,3,6,0,51:05
VCT 2025: EMEA Stage 2,Playoffs,Upper Semifinals,Team Liquid vs GIANTX,Sunset,Team Liquid,13,11,2,0,GIANTX,4,3,1,0,30:22
VCT 2025: China Stage 2,Playoffs,Lower Round 1,All Gamers vs FunPlus Phoenix,Icebox,All Gamers,13,8,5,0,FunPlus Phoenix,6,2,4,0,46:41
VCT 2025: Pacific Stage 1,Group Stage,Week 1,TALON vs Team Secret,Haven,TALON,13,5,8,0,Team Secret,9,2,7,0,46:41
VCT 2025: China Stage 1,Playoffs,Grand Final,Xi Lai Gaming vs Bilibili Gaming,Haven,Xi Lai Gaming,14,7,5,2,Bilibili Gaming,12,7,5,0,57:01
VCT 2025: EMEA Kickoff,Main Event,Upper Round 1,Team Liquid vs KOI,Bind,Team Liquid,13,6,7,0,KOI,10,4,6,0,52:51
VCT 2025: Pacific Stage 2,Playoffs,Lower Round 3,T1 vs Rex Regum Qeon,Haven,T1,13,7,5,1,Rex Regum Qeon,15,7,5,3,1:01:35
VCT 2025: China Stage 2,Playoffs,Upper Quarterfinals,EDward Gaming vs Dragon Ranger Gaming,Lotus,EDward Gaming,12,7,5,0,Dragon Ranger Gaming,14,7,5,2,1:00:43
VCT 2025: Americas Stage 2,Group Stage,Week 1,100 Thieves vs NRG,Sunset,100 Thieves,13,10,3,0,Mega Minors,4,2,2,0,32:59
VCT 2025: EMEA Stage 2,Group Stage,Week 5,FUT Esports vs BBL Esports,Ascent,FUT Esports,9,4,5,0,BBL Esports,13,5,8,0,48:06
VCT 2025: China Stage 1,Group Stage,Week 4,Bilibili Gaming vs Wolves Esports,Lotus,Bilibili Gaming,10,3,7,0,Wolves Esports,13,4,9,0,1:02:00
VCT 2025: Americas Stage 1,Playoffs,Upper Round 1,MIBR vs 100 Thieves,Split,MIBR,13,7,6,0,100 Thieves,10,5,5,0,1:06:50
Valorant Masters Bangkok 2025,Playoffs,Lower Final,EDward Gaming vs T1,Bind,EDward Gaming,4,3,1,0,T1,13,4,9,0,34:49
VCT 2025: Americas Kickoff,Main Event,Lower Round 1,Cloud9 vs MIBR,Pearl,Cloud9,7,4,3,0,MIBR,13,5,8,0,47:23
VCT 2025: EMEA Stage 2,Playoffs,Lower Round 3,GIANTX vs Natus Vincere,Sunset,GIANTX,13,7,6,0,Natus Vincere,6,1,5,0,41:06
VCT 2025: China Stage 2,Playoffs,Lower Final,Bilibili Gaming vs EDward Gaming,Ascent,Bilibili Gaming,13,6,7,0,EDward Gaming,7,1,6,0,43:09
Valorant Masters Toronto 2025,Playoffs,Lower Round 1,Xi Lai Gaming vs G2 Esports,Haven,Xi Lai Gaming,8,5,3,0,G2 Esports,13,6,7,0,44:46
VCT 2025: EMEA Stage 1,Group Stage,Week 2,Team Liquid vs BBL Esports,Fracture,Team Liquid,13,9,4,0,BBL Esports,7,4,3,0,56:20
VCT 2025: Pacific Stage 1,Group Stage,Week 4,DetonatioN FocusMe vs Paper Rex,Ascent,DetonatioN FocusMe,13,4,9,0,Paper Rex,11,3,8,0,52:58
VCT 2025: Americas Stage 1,Group Stage,Week 5,Evil Geniuses vs LOUD,Split,Evil Geniuses,13,4,9,0,LOUD,11,3,8,0,57:18
Valorant Masters Bangkok 2025,Playoffs,Upper Semifinals,Team Vitality vs G2 Esports,Lotus,Team Vitality,9,6,3,0,G2 Esports,13,7,6,0,54:57
VCT 2025: EMEA Kickoff,Main Event,Lower Round 3,FUT Esports vs FNATIC,Abyss,FUT Esports,13,5,8,0,FNATIC,10,3,7,0,1:10:32
Valorant Champions 2025,Playoffs,Upper Quarterfinals,Team Heretics vs MIBR,Corrode,Team Heretics,12,4,8,0,MIBR,14,4,8,2,1:01:32
Valorant Champions 2025,Playoffs,Lower Round 2,Paper Rex vs Team Heretics,Lotus,Paper Rex,13,8,5,0,Team Heretics,4,0,4,0,35:08
VCT 2025: Americas Stage 2,Playoffs,Upper Round 1,LEVIATÁN vs Cloud9,Haven,LEVIATÁN,13,2,11,0,Cloud9,10,0,10,0,53:10
VCT 2025: EMEA Stage 2,Playoffs,Upper Round 1,GIANTX vs Natus Vincere,Ascent,GIANTX,13,9,4,0,Natus Vincere,6,3,3,0,39:54
VCT 2025: Pacific Stage 2,Group Stage,Week 3,Paper Rex vs ZETA DIVISION,Sunset,Paper Rex,7,3,4,0,ZETA DIVISION,13,4,9,0,41:16
VCT 2025: China Stage 2,Group Stage,Week 4,Nova Esports vs Wolves Esports,Corrode,Nova Esports,13,8,5,0,Wolves Esports,6,2,4,0,37:07
VCT 2025: China Stage 2,Playoffs,Grand Final,Dragon Ranger Gaming vs Bilibili Gaming,Haven,Dragon Ranger Gaming,8,3,5,0,Bilibili Gaming,13,4,9,0,53:27
VCT 2025: Pacific Stage 1,Playoffs,Upper Final,Gen.G vs Rex Regum Qeon,Lotus,Gen.G,13,8,5,0,Rex Regum Qeon,5,1,4,0,56:41
VCT 2025: Pacific Kickoff,Main Event,Lower Round 1,Nongshim RedForce vs BOOM Esports,Lotus,Nongshim RedForce,13,6,7,0,BOOM Esports,9,3,6,0,52:11
VCT 2025: Pacific Kickoff,Main Event,Lower Final,T1 vs Gen.G,Haven,T1,5,5,0,0,Gen.G,13,6,7,0,43:00
VCT 2025: Americas Kickoff,Main Event,Upper Round 1,NRG vs Cloud9,Lotus,Mega Minors,10,6,4,0,Cloud9,13,7,6,0,56:46
VCT 2025: Americas Stage 2,Playoffs,Lower Round 2,NRG vs LEVIATÁN,Ascent,Mega Minors,13,10,3,0,LEVIATÁN,2,0,2,0,46:31
VCT 2025: EMEA Stage 2,Group Stage,Week 4,FUT Esports vs Team Heretics,Bind,FUT Esports,7,5,2,0,Team Heretics,13,6,7,0,47:01
VCT 2025: EMEA Stage 2,Playoffs,Lower Final,BBL Esports vs GIANTX,Bind,BBL Esports,6,5,1,0,GIANTX,13,6,7,0,40:32
VCT 2025: China Stage 2,Group Stage,Week 2,Dragon Ranger Gaming vs All Gamers,Sunset,Dragon Ranger Gaming,13,5,8,0,All Gamers,10,3,7,0,51:40
VCT 2025: EMEA Stage 1,Group Stage,Week 4,Team Vitality vs Apeks,Lotus,Team Vitality,13,3,10,0,Apeks,10,1,9,0,58:49
Valorant Masters Bangkok 2025,Swiss Stage,Round 1,DRX vs Sentinels,Haven,DRX,13,6,7,0,Sentinels,10,4,6,0,50:13
VCT 2025: Pacific Kickoff,Main Event,Lower Round 2,Nongshim RedForce vs Rex Regum Qeon,Lotus,Nongshim RedForce,22,7,5,10,Rex Regum Qeon,20,7,5,8,1:32:19
VCT 2025: Pacific Kickoff,Main Event,Lower Round 3,TALON vs Nongshim RedForce,Lotus,TALON,9,5,4,0,Nongshim RedForce,13,6,7,0,1:02:09
VCT 2025: Americas Stage 2,Group Stage,Week 2,100 Thieves vs KRÜ Esports,Corrode,100 Thieves,13,8,5,0,KRÜ Esports,4,0,4,0,45:15
VCT 2025: Pacific Stage 2,Group Stage,Week 1,T1 vs Paper Rex,Haven,T1,15,2,10,3,Paper Rex,17,2,10,5,1:21:18
VCT 2025: Americas Stage 1,Playoffs,Lower Final,MIBR vs G2 Esports,Ascent,MIBR,8,6,2,0,G2 Esports,13,7,6,0,44:37
VCT 2025: Pacific Stage 2,Group Stage,Week 1,Global Esports vs Team Secret,Corrode,Global Esports,13,9,4,0,Team Secret,9,6,3,0,49:46
VCT 2025: China Stage 2,Group Stage,Week 3,Titan Esports Club vs JDG Esports,Sunset,Titan Esports Club,11,3,8,0,JDG Esports,13,4,9,0,53:38
VCT 2025: Pacific Stage 1,Group Stage,Week 2,BOOM Esports vs Global Esports,Haven,BOOM Esports,13,8,5,0,Global Esports,11,7,4,0,49:21
VCT 2025: China Stage 1,Playoffs,Upper Round 1,Xi Lai Gaming vs Nova Esports,Lotus,Xi Lai Gaming,13,7,6,0,Nova Esports,6,1,5,0,54:04
VCT 2025: China Stage 1,Playoffs,Lower Round 3,EDward Gaming vs Bilibili Gaming,Icebox,EDward Gaming,8,3,5,0,Bilibili Gaming,13,4,9,0,44:30
VCT 2025: Americas Stage 1,Group Stage,Week 5,KRÜ Esports vs 100 Thieves,Icebox,KRÜ Esports,13,6,7,0,100 Thieves,9,3,6,0,50:50
Valorant Masters Bangkok 2025,Swiss Stage,Round 2 (0-1),T1 vs Trace Esports,Haven,T1,13,6,7,0,Trace Esports,8,2,6,0,42:04
VCT 2025: Pacific Kickoff,Main Event,Lower Final,T1 vs Gen.G,Bind,T1,13,9,4,0,Gen.G,10,7,3,0,55:35
VCT 2025: EMEA Stage 2,Playoffs,Lower Round 1,Natus Vincere vs Team Vitality,Bind,Natus Vincere,13,9,4,0,Team Vitality,11,8,3,0,57:26
VCT 2025: Pacific Stage 2,Group Stage,Week 3,Rex Regum Qeon vs DRX,Bind,Rex Regum Qeon,12,6,6,0,DRX,14,6,6,2,1:09:59
VCT 2025: China Stage 2,Group Stage,Week 4,Dragon Ranger Gaming vs Xi Lai Gaming,Lotus,Dragon Ranger Gaming,13,11,2,0,Xi Lai Gaming,6,5,1,0,38:09
VCT 2025: EMEA Stage 1,Group Stage,Week 3,Team Liquid vs FUT Esports,Split,Team Liquid,13,6,7,0,FUT Esports,9,3,6,0,48:29
VCT 2025: Americas Stage 1,Group Stage,Week 4,Sentinels vs LOUD,Lotus,Sentinels,11,6,5,0,LOUD,13,7,6,0,55:13
VCT 2025: EMEA Stage 2,Playoffs,Lower Final,BBL Esports vs GIANTX,Sunset,BBL Esports,8,3,5,0,GIANTX,13,4,9,0,45:02
VCT 2025: Pacific Stage 2,Group Stage,Week 2,T1 vs ZETA DIVISION,Corrode,T1,13,8,5,0,ZETA DIVISION,8,4,4,0,1:13:36
VCT 2025: China Stage 2,Group Stage,Week 3,Titan Esports Club vs JDG Esports,Haven,Titan Esports Club,13,8,5,0,JDG Esports,9,5,4,0,48:07
VCT 2025: EMEA Stage 1,Playoffs,Lower Final,Team Heretics vs Team Liquid,Haven,Team Heretics,13,10,3,0,Team Liquid,3,1,2,0,49:03
VCT 2025: Pacific Kickoff,Main Event,Lower Round 1,Paper Rex vs ZETA DIVISION,Lotus,Paper Rex,13,8,5,0,ZETA DIVISION,5,1,4,0,51:07
Valorant Masters Toronto 2025,Swiss Stage,Round 3 (1-1),Bilibili Gaming vs Wolves Esports,Split,Bilibili Gaming,10,4,6,0,Wolves Esports,13,5,8,0,58:27
Valorant Masters Toronto 2025,Swiss Stage,Round 3 (1-1),Paper Rex vs Team Liquid,Lotus,Paper Rex,14,11,1,2,Team Liquid,12,11,1,0,50:06
Valorant Masters Toronto 2025,Playoffs,Lower Round 1,Rex Regum Qeon vs FNATIC,Haven,Rex Regum Qeon,13,10,3,0,FNATIC,6,4,2,0,40:03
Valorant Masters Toronto 2025,Playoffs,Lower Round 1,Rex Regum Qeon vs FNATIC,Ascent,Rex Regum Qeon,5,3,2,0,FNATIC,13,4,9,0,47:02
VCT 2025: Americas Stage 2,Group Stage,Week 4,MIBR vs NRG,Lotus,MIBR,13,7,5,1,Mega Minors,15,7,5,3,1:11:32
VCT 2025: Americas Stage 2,Playoffs,Upper Semifinals,Sentinels vs Cloud9,Corrode,Sentinels,13,7,6,0,Cloud9,10,5,5,0,1:08:19
VCT 2025: EMEA Stage 2,Group Stage,Week 5,KOI vs Natus Vincere,Icebox,KOI,9,5,4,0,Natus Vincere,13,6,7,0,50:15
Valorant Masters Toronto 2025,Swiss Stage,Round 1,Bilibili Gaming vs Team Liquid,Haven,Bilibili Gaming,14,8,4,2,Team Liquid,16,8,4,4,1:02:14
VCT 2025: EMEA Stage 1,Group Stage,Week 2,Team Vitality vs FNATIC,Split,Team Vitality,18,4,8,6,FNATIC,16,4,8,4,1:45:23
VCT 2025: EMEA Stage 2,Playoffs,Lower Round 2,GIANTX vs FNATIC,Sunset,GIANTX,13,8,5,0,FNATIC,10,6,4,0,49:43
VCT 2025: China Stage 2,Group Stage,Week 2,Trace Esports vs EDward Gaming,Bind,Trace Esports,11,6,5,0,EDward Gaming,13,7,6,0,54:49
Valorant Masters Toronto 2025,Playoffs,Upper Quarterfinals,FNATIC vs Gen.G,Sunset,FNATIC,6,4,2,0,Gen.G,13,5,8,0,43:47
VCT 2025: Pacific Kickoff,Main Event,Upper Quarterfinals,Paper Rex vs T1,Fracture,Paper Rex,13,5,8,0,T1,8,1,7,0,42:18
VCT 2025: Americas Kickoff,Main Event,Upper Final,Sentinels vs G2 Esports,Abyss,Sentinels,7,2,5,0,G2 Esports,13,3,10,0,1:03:27
VCT 2025: Pacific Stage 2,Group Stage,Week 2,Rex Regum Qeon vs Nongshim RedForce,Haven,Rex Regum Qeon,13,8,5,0,Nongshim RedForce,8,4,4,0,44:12
VCT 2025: Pacific Stage 1,Group Stage,Week 5,Rex Regum Qeon vs Team Secret,Ascent,Rex Regum Qeon,5,3,2,0,Team Secret,13,4,9,0,42:14
VCT 2025: Pacific Stage 1,Playoffs,Lower Round 1,TALON vs Nongshim RedForce,Ascent,TALON,13,8,5,0,Nongshim RedForce,9,5,4,0,54:00
VCT 2025: China Stage 1,Playoffs,Upper Final,Wolves Esports vs Xi Lai Gaming,Lotus,Wolves Esports,12,5,7,0,Xi Lai Gaming,14,5,7,2,59:29
Valorant Champions 2025,Playoffs,Upper Final,FNATIC vs NRG,Ascent,FNATIC,12,4,8,0,Mega Minors,14,4,8,2,1:05:02
VCT 2025: Americas Stage 2,Group Stage,Week 3,MIBR vs 100 Thieves,Icebox,MIBR,13,9,4,0,100 Thieves,10,7,3,0,59:01
VCT 2025: EMEA Stage 2,Group Stage,Week 4,Gentle Mates vs GIANTX,Haven,Gentle Mates,4,4,0,0,GIANTX,13,5,8,0,37:00
VCT 2025: China Stage 2,Playoffs,Lower Final,Bilibili Gaming vs EDward Gaming,Haven,Bilibili Gaming,13,9,4,0,EDward Gaming,8,5,3,0,47:19
Valorant Masters Toronto 2025,Playoffs,Upper Semifinals,Sentinels vs Paper Rex,Sunset,Sentinels,11,7,4,0,Paper Rex,13,8,5,0,56:21
VCT 2025: Pacific Stage 1,Group Stage,Week 3,Gen.G vs DetonatioN FocusMe,Lotus,Gen.G,13,10,3,0,DetonatioN FocusMe,2,0,2,0,49:13
VCT 2025: EMEA Kickoff,Main Event,Upper Quarterfinals,FNATIC vs BBL Esports,Fracture,FNATIC,13,8,5,0,BBL Esports,8,4,4,0,1:02:29
Valorant Champions 2025,Group Stage,Opening (C),Team Liquid vs DRX,Bind,Team Liquid,10,6,4,0,DRX,13,7,6,0,51:28
VCT 2025: Americas Stage 2,Playoffs,Lower Round 1,100 Thieves vs Evil Geniuses,Bind,100 Thieves,13,9,4,0,Evil Geniuses,4,1,3,0,49:08
VCT 2025: EMEA Stage 2,Group Stage,Week 1,Team Heretics vs BBL Esports,Icebox,Team Heretics,5,1,4,0,BBL Esports,13,2,11,0,42:33
VCT 2025: EMEA Stage 2,Group Stage,Week 4,FUT Esports vs Team Heretics,Haven,FUT Esports,6,5,1,0,Team Heretics,13,6,7,0,43:48
VCT 2025: Pacific Stage 2,Group Stage,Week 1,TALON vs ZETA DIVISION,Icebox,TALON,13,8,5,0,ZETA DIVISION,5,1,4,0,55:59
VCT 2025: Pacific Stage 2,Playoffs,Grand Final,Paper Rex vs Rex Regum Qeon,Lotus,Paper Rex,6,6,0,0,Rex Regum Qeon,13,7,6,0,42:39
VCT 2025: China Stage 2,Group Stage,Week 4,TYLOO vs JDG Esports,Haven,TYLOO,7,5,2,0,JDG Esports,13,6,7,0,1:00:37
VCT 2025: Pacific Stage 1,Group Stage,Week 4,DetonatioN FocusMe vs Paper Rex,Lotus,DetonatioN FocusMe,7,2,5,0,Paper Rex,13,3,10,0,41:22
VCT 2025: Americas Stage 1,Group Stage,Week 4,KRÜ Esports vs Evil Geniuses,Lotus,KRÜ Esports,4,2,2,0,Evil Geniuses,13,3,10,0,53:00
VCT 2025: Americas Stage 2,Group Stage,Week 3,G2 Esports vs Evil Geniuses,Haven,G2 Esports,13,10,3,0,Evil Geniuses,4,2,2,0,39:40
VCT 2025: EMEA Stage 2,Group Stage,Week 1,Natus Vincere vs Apeks,Corrode,Natus Vincere,13,9,4,0,Apeks,3,0,3,0,37:03
VCT 2025: EMEA Stage 2,Group Stage,Week 1,Team Heretics vs BBL Esports,Haven,Team Heretics,13,9,4,0,BBL Esports,9,6,3,0,48:26
VCT 2025: Pacific Stage 1,Group Stage,Week 2,TALON vs Rex Regum Qeon,Ascent,TALON,5,4,1,0,Rex Regum Qeon,13,5,8,0,42:33
VCT 2025: EMEA Kickoff,Main Event,Upper Quarterfinals,FUT Esports vs Team Liquid,Fracture,FUT Esports,13,9,4,0,Team Liquid,6,3,3,0,42:06
Valorant Champions 2025,Playoffs,Lower Round 2,MIBR vs DRX,Sunset,MIBR,13,3,10,0,DRX,10,1,9,0,47:50
VCT 2025: China Stage 2,Playoffs,Lower Round 1,EDward Gaming vs Trace Esports,Sunset,EDward Gaming,13,5,8,0,Trace Esports,10,3,7,0,50:24
Valorant Masters Toronto 2025,Swiss Stage,Round 2 (1-0),Bilibili Gaming vs Sentinels,Sunset,Bilibili Gaming,5,5,0,0,Sentinels,13,6,7,0,39:56
Valorant Masters Toronto 2025,Swiss Stage,Round 2 (1-0),Paper Rex vs Gen.G,Ascent,Paper Rex,11,4,7,0,Gen.G,13,5,8,0,53:28
Valorant Masters Toronto 2025,Playoffs,Lower Round 1,Rex Regum Qeon vs FNATIC,Lotus,Rex Regum Qeon,5,3,2,0,FNATIC,13,4,9,0,41:25
VCT 2025: Pacific Stage 1,Group Stage,Week 5,Nongshim RedForce vs ZETA DIVISION,Pearl,Nongshim RedForce,11,7,4,0,ZETA DIVISION,13,8,5,0,59:37
VCT 2025: Americas Stage 1,Group Stage,Week 5,MIBR vs FURIA,Ascent,MIBR,9,2,7,0,FURIA,13,3,10,0,45:32
Valorant Champions 2025,Group Stage,Decider (B),MIBR vs Rex Regum Qeon,Abyss,MIBR,13,8,5,0,Rex Regum Qeon,5,1,4,0,39:00
VCT 2025: EMEA Stage 2,Group Stage,Week 2,FUT Esports vs Team Vitality,Lotus,FUT Esports,5,4,1,0,Team Vitality,13,5,8,0,41:46
VCT 2025: EMEA Stage 2,Group Stage,Week 5,KOI vs Natus Vincere,Ascent,KOI,3,2,1,0,Natus Vincere,13,3,10,0,34:43
VCT 2025: EMEA Stage 2,Group Stage,Week 5,Gentle Mates vs Team Vitality,Corrode,Gentle Mates,4,3,1,0,Team Vitality,13,4,9,0,35:04
VCT 2025: EMEA Stage 1,Group Stage,Week 2,Team Liquid vs BBL Esports,Haven,Team Liquid,4,4,0,0,BBL Esports,13,5,8,0,41:51
VCT 2025: EMEA Stage 1,Group Stage,Week 3,Natus Vincere vs GIANTX,Pearl,Natus Vincere,13,9,4,0,GIANTX,7,4,3,0,49:20
VCT 2025: EMEA Stage 1,Playoffs,Lower Final,Team Heretics vs Team Liquid,Icebox,Team Heretics,13,10,3,0,Team Liquid,2,0,2,0,33:50
VCT 2025: Pacific Stage 1,Group Stage,Week 4,Nongshim RedForce vs Team Secret,Split,Nongshim RedForce,13,9,4,0,Team Secret,3,0,3,0,40:07
VCT 2025: China Stage 1,Group Stage,Week 4,Nova Esports vs TYLOO,Icebox,Nova Esports,3,3,0,0,TYLOO,13,4,9,0,35:59
VCT 2025: China Stage 1,Playoffs,Lower Round 1,Titan Esports Club vs Dragon Ranger Gaming,Fracture,Titan Esports Club,12,5,7,0,Dragon Ranger Gaming,14,5,7,2,1:03:36
VCT 2025: Americas Stage 1,Group Stage,Week 2,NRG vs FURIA,Pearl,Mega Minors,13,10,3,0,FURIA,2,0,2,0,38:07
VCT 2025: Americas Stage 1,Group Stage,Week 5,MIBR vs FURIA,Split,MIBR,13,7,6,0,FURIA,8,3,5,0,44:36
Valorant Champions 2025,Playoffs,Upper Quarterfinals,FNATIC vs DRX,Ascent,FNATIC,8,6,2,0,DRX,13,7,6,0,49:01
Valorant Champions 2025,Playoffs,Lower Round 1,Team Heretics vs GIANTX,Lotus,Team Heretics,3,3,0,0,GIANTX,13,4,9,0,35:56
VCT 2025: Americas Stage 2,Group Stage,Week 4,MIBR vs NRG,Bind,MIBR,10,4,6,0,Mega Minors,13,5,8,0,55:22
VCT 2025: Pacific Stage 2,Group Stage,Week 3,Rex Regum Qeon vs DRX,Ascent,Rex Regum Qeon,7,5,2,0,DRX,13,6,7,0,45:36
VCT 2025: China Stage 2,Group Stage,Week 1,EDward Gaming vs Titan Esports Club,Sunset,EDward Gaming,13,9,4,0,Titan Esports Club,9,6,3,0,58:14
Valorant Masters Toronto 2025,Swiss Stage,Round 2 (0-1),Team Heretics vs Wolves Esports,Lotus,Team Heretics,9,5,4,0,Wolves Esports,13,6,7,0,50:35
VCT 2025: EMEA Kickoff,Main Event,Upper Quarterfinals,FUT Esports vs Team Liquid,Pearl,FUT Esports,13,9,4,0,Team Liquid,7,4,3,0,56:58
VCT 2025: Pacific Kickoff,Main Event,Grand Final,DRX vs T1,Lotus,DRX,6,5,1,0,T1,13,6,7,0,42:03
VCT 2025: Americas Kickoff,Main Event,Lower Round 1,Cloud9 vs MIBR,Lotus,Cloud9,13,6,7,0,MIBR,7,1,6,0,55:57
VCT 2025: Americas Stage 2,Group Stage,Week 4,LOUD vs 100 Thieves,Bind,LOUD,7,5,2,0,100 Thieves,13,6,7,0,47:13
VCT 2025: Americas Stage 2,Playoffs,Upper Final,Sentinels vs G2 Esports,Bind,Sentinels,8,5,3,0,G2 Esports,13,6,7,0,1:00:32
VCT 2025: EMEA Stage 2,Group Stage,Week 5,Team Liquid vs Karmine Corp,Lotus,Team Liquid,14,6,6,2,Karmine Corp,12,6,6,0,56:21
VCT 2025: China Stage 1,Group Stage,Week 4,Bilibili Gaming vs Wolves Esports,Ascent,Bilibili Gaming,13,8,5,0,Wolves Esports,4,0,4,0,36:21
Valorant Masters Toronto 2025,Playoffs,Upper Quarterfinals,Rex Regum Qeon vs Wolves Esports,Ascent,Rex Regum Qeon,11,4,7,0,Wolves Esports,13,5,8,0,57:07
VCT 2025: EMEA Stage 1,Group Stage,Week 3,KOI vs BBL Esports,Pearl,KOI,6,5,1,0,BBL Esports,13,6,7,0,1:05:11
VCT 2025: Pacific Stage 1,Group Stage,Week 3,Rex Regum Qeon vs ZETA DIVISION,Split,Rex Regum Qeon,13,7,6,0,ZETA DIVISION,6,1,5,0,50:17
VCT 2025: Pacific Stage 1,Group Stage,Week 4,Gen.G vs Global Esports,Haven,Gen.G,13,8,5,0,Global Esports,5,1,4,0,49:24
VCT 2025: China Stage 1,Group Stage,Week 2,Bilibili Gaming vs JDG Esports,Icebox,Bilibili Gaming,5,2,3,0,JDG Esports,13,3,10,0,40:37
VCT 2025: Americas Stage 1,Group Stage,Week 5,MIBR vs FURIA,Icebox,MIBR,13,9,4,0,FURIA,3,0,3,0,49:18
VCT 2025: Americas Stage 1,Playoffs,Lower Round 1,100 Thieves vs NRG,Fracture,100 Thieves,13,8,5,0,Mega Minors,5,1,4,0,55:46
Valorant Masters Bangkok 2025,Playoffs,Upper Semifinals,EDward Gaming vs T1,Pearl,EDward Gaming,13,6,7,0,T1,11,5,6,0,1:01:00
VCT 2025: Pacific Kickoff,Main Event,Upper Final,T1 vs DRX,Haven,T1,13,5,7,1,DRX,15,5,7,3,59:21
VCT 2025: EMEA Stage 2,Group Stage,Week 3,FUT Esports vs GIANTX,Sunset,FUT Esports,11,4,7,0,GIANTX,13,5,8,0,53:30
VCT 2025: China Stage 2,Group Stage,Week 1,Dragon Ranger Gaming vs Nova Esports,Lotus,Dragon Ranger Gaming,13,6,7,0,Nova Esports,8,2,6,0,53:18
Valorant Masters Bangkok 2025,Swiss Stage,Round 2 (1-0),DRX vs Team Vitality,Split,DRX,11,6,5,0,Team Vitality,13,7,6,0,57:01
Valorant Champions 2025,Playoffs,Lower Round 2,Paper Rex vs Team Heretics,Bind,Paper Rex,9,7,2,0,Team Heretics,13,8,5,0,51:39
VCT 2025: EMEA Stage 1,Group Stage,Week 1,Team Vitality vs GIANTX,Lotus,Team Vitality,13,10,3,0,GIANTX,2,0,2,0,34:00
VCT 2025: Pacific Stage 1,Group Stage,Week 1,Gen.G vs BOOM Esports,Haven,Gen.G,15,5,7,3,BOOM Esports,17,5,7,5,1:12:35
VCT 2025: China Stage 1,Playoffs,Lower Round 1,Nova Esports vs Trace Esports,Split,Nova Esports,9,7,2,0,Trace Esports,13,8,5,0,1:03:23
Valorant Masters Bangkok 2025,Playoffs,Grand Final,G2 Esports vs T1,Split,G2 Esports,13,8,4,1,T1,15,8,4,3,1:04:07
Valorant Champions 2025,Group Stage,Elimination (D),G2 Esports vs Dragon Ranger Gaming,Lotus,G2 Esports,13,6,7,0,Dragon Ranger Gaming,7,1,6,0,45:05
VCT 2025: EMEA Stage 2,Group Stage,Week 3,KOI vs Karmine Corp,Haven,KOI,4,4,0,0,Karmine Corp,13,5,8,0,39:57
VCT 2025: Pacific Stage 2,Group Stage,Week 3,TALON vs T1,Corrode,TALON,13,9,4,0,T1,10,7,3,0,58:28
VCT 2025: China Stage 2,Group Stage,Week 4,Bilibili Gaming vs EDward Gaming,Sunset,Bilibili Gaming,15,4,8,3,EDward Gaming,13,4,8,1,1:06:37
VCT 2025: Pacific Stage 1,Group Stage,Week 4,DRX vs BOOM Esports,Haven,DRX,14,5,7,2,BOOM Esports,12,5,7,0,52:51
VCT 2025: Americas Stage 1,Playoffs,Lower Final,MIBR vs G2 Esports,Split,MIBR,10,7,3,0,G2 Esports,13,8,5,0,56:00
Valorant Masters Bangkok 2025,Swiss Stage,Round 2 (0-1),Team Liquid vs Sentinels,Bind,Team Liquid,13,11,2,0,Sentinels,1,0,1,0,30:20
VCT 2025: Americas Kickoff,Main Event,Grand Final,G2 Esports vs Sentinels,Abyss,G2 Esports,9,5,4,0,Sentinels,13,6,7,0,47:58
VCT 2025: Americas Stage 2,Playoffs,Grand Final,G2 Esports vs NRG,Lotus,G2 Esports,13,7,6,0,Mega Minors,8,3,5,0,45:34
VCT 2025: Pacific Stage 2,Group Stage,Week 1,Rex Regum Qeon vs Global Esports,Haven,Rex Regum Qeon,5,3,2,0,Global Esports,13,4,9,0,1:13:03
VCT 2025: China Stage 2,Group Stage,Week 4,Trace Esports vs Titan Esports Club,Haven,Trace Esports,7,3,4,0,Titan Esports Club,13,4,9,0,46:27
VCT 2025: Americas Kickoff,Main Event,Lower Round 1,100 Thieves vs NRG,Pearl,100 Thieves,9,5,4,0,Mega Minors,13,6,7,0,57:20
VCT 2025: EMEA Stage 2,Group Stage,Week 2,Apeks vs Karmine Corp,Lotus,Apeks,11,7,4,0,Karmine Corp,13,8,5,0,52:28
VCT 2025: Pacific Stage 2,Group Stage,Week 3,BOOM Esports vs DetonatioN FocusMe,Corrode,BOOM Esports,2,1,1,0,DetonatioN FocusMe,13,2,11,0,34:05
Valorant Masters Toronto 2025,Playoffs,Lower Round 3,G2 Esports vs FNATIC,Split,G2 Esports,10,7,3,0,FNATIC,13,8,5,0,56:54
VCT 2025: EMEA Stage 1,Group Stage,Week 4,Gentle Mates vs BBL Esports,Lotus,Gentle Mates,12,5,7,0,BBL Esports,14,5,7,2,1:11:51
VCT 2025: EMEA Stage 1,Group Stage,Week 5,BBL Esports vs FUT Esports,Ascent,BBL Esports,25,7,5,13,FUT Esports,23,7,5,11,2:05:00
VCT 2025: China Stage 1,Group Stage,Week 5,Dragon Ranger Gaming vs TYLOO,Haven,Dragon Ranger Gaming,13,5,8,0,TYLOO,10,3,7,0,1:04:51
Valorant Masters Bangkok 2025,Swiss Stage,Round 3,G2 Esports vs Team Liquid,Lotus,G2 Esports,13,6,7,0,Team Liquid,7,1,6,0,46:11
Valorant Champions 2025,Group Stage,Elimination (A),Xi Lai Gaming vs Sentinels,Lotus,Xi Lai Gaming,13,9,4,0,Sentinels,11,8,3,0,59:42
VCT 2025: Americas Stage 2,Playoffs,Lower Round 3,NRG vs Cloud9,Corrode,Mega Minors,13,10,3,0,Cloud9,2,0,2,0,35:19
VCT 2025: China Stage 2,Group Stage,Week 2,Dragon Ranger Gaming vs All Gamers,Corrode,Dragon Ranger Gaming,13,9,4,0,All Gamers,7,4,3,0,44:21
VCT 2025: EMEA Stage 1,Group Stage,Week 3,Natus Vincere vs GIANTX,Fracture,Natus Vincere,9,6,3,0,GIANTX,13,7,6,0,57:45
VCT 2025: EMEA Kickoff,Main Event,Lower Round 1,Karmine Corp vs GIANTX,Lotus,Karmine Corp,8,5,3,0,GIANTX,13,6,7,0,44:40
VCT 2025: Americas Kickoff,Main Event,Lower Round 4,MIBR vs KRÜ Esports,Split,MIBR,13,8,5,0,KRÜ Esports,11,7,4,0,56:34
VCT 2025: EMEA Stage 2,Group Stage,Week 5,Gentle Mates vs Team Vitality,Ascent,Gentle Mates,10,8,2,0,Team Vitality,13,9,4,0,47:56
VCT 2025: Pacific Kickoff,Main Event,Lower Round 1,Global Esports vs DetonatioN FocusMe,Abyss,Global Esports,8,2,6,0,DetonatioN FocusMe,13,3,10,0,50:07
VCT 2025: Pacific Kickoff,Main Event,Upper Semifinals,T1 vs TALON,Bind,T1,4,3,1,0,TALON,13,4,9,0,34:07
VCT 2025: Pacific Kickoff,Main Event,Grand Final,DRX vs T1,Fracture,DRX,13,8,5,0,T1,9,5,4,0,49:54
VCT 2025: Pacific Stage 2,Group Stage,Week 1,ZETA DIVISION vs DetonatioN FocusMe,Lotus,ZETA DIVISION,13,11,2,0,DetonatioN FocusMe,1,0,1,0,32:32
Valorant Champions 2025,Playoffs,Upper Semifinals,FNATIC vs Paper Rex,Bind,FNATIC,10,7,3,0,Paper Rex,13,8,5,0,52:35
VCT 2025: Americas Stage 2,Group Stage,Week 5,G2 Esports vs Cloud9,Lotus,G2 Esports,13,8,5,0,Cloud9,9,5,4,0,49:26
VCT 2025: EMEA Stage 2,Group Stage,Week 1,FNATIC vs Karmine Corp,Lotus,FNATIC,10,5,5,0,Karmine Corp,13,6,7,0,59:44
VCT 2025: EMEA Stage 1,Group Stage,Week 2,KOI vs Karmine Corp,Lotus,KOI,2,2,0,0,Karmine Corp,13,3,10,0,50:34
VCT 2025: EMEA Stage 1,Playoffs,Grand Final,FNATIC vs Team Heretics,Icebox,FNATIC,13,10,3,0,Team Heretics,9,7,2,0,53:25
VCT 2025: Americas Stage 1,Group Stage,Week 3,100 Thieves vs LOUD,Icebox,100 Thieves,13,3,10,0,LOUD,11,2,9,0,55:05
VCT 2025: Americas Stage 1,Group Stage,Week 3,FURIA vs LEVIATÁN,Pearl,FURIA,5,4,1,0,LEVIATÁN,13,5,8,0,42:06
Valorant Masters Bangkok 2025,Swiss Stage,Round 3,T1 vs DRX,Fracture,T1,13,5,8,0,DRX,11,4,7,0,1:04:03
VCT 2025: EMEA Kickoff,Main Event,Upper Quarterfinals,Team Vitality vs Karmine Corp,Haven,Team Vitality,13,8,5,0,Karmine Corp,5,1,4,0,50:28
VCT 2025: China Stage 1,Group Stage,Week 5,Dragon Ranger Gaming vs TYLOO,Split,Dragon Ranger Gaming,9,6,3,0,TYLOO,13,7,6,0,50:06
VCT 2025: China Stage 1,Playoffs,Lower Final,Wolves Esports vs Bilibili Gaming,Lotus,Wolves Esports,11,8,3,0,Bilibili Gaming,13,9,4,0,55:22
VCT 2025: Americas Kickoff,Main Event,Lower Round 1,FURIA vs Evil Geniuses,Abyss,FURIA,7,5,2,0,Evil Geniuses,13,6,7,0,1:00:42
Valorant Champions 2025,Group Stage,Opening (B),Bilibili Gaming vs MIBR,Corrode,Bilibili Gaming,9,7,2,0,MIBR,13,8,5,0,47:01
Valorant Champions 2025,Playoffs,Grand Final,NRG vs FNATIC,Ascent,Mega Minors,8,4,4,0,FNATIC,13,5,8,0,52:47
VCT 2025: Pacific Kickoff,Main Event,Upper Quarterfinals,Gen.G vs Rex Regum Qeon,Fracture,Gen.G,6,1,5,0,Rex Regum Qeon,13,2,11,0,49:04
VCT 2025: Americas Kickoff,Main Event,Lower Round 4,MIBR vs KRÜ Esports,Abyss,MIBR,13,8,5,0,KRÜ Esports,8,4,4,0,46:51
VCT 2025: EMEA Stage 2,Playoffs,Upper Semifinals,Team Liquid vs GIANTX,Corrode,Team Liquid,11,3,8,0,GIANTX,13,4,9,0,52:49
VCT 2025: Pacific Stage 2,Playoffs,Lower Final,TALON vs Rex Regum Qeon,Icebox,TALON,6,5,1,0,Rex Regum Qeon,13,6,7,0,46:30
Valorant Masters Toronto 2025,Playoffs,Lower Round 2,Gen.G vs G2 Esports,Lotus,Gen.G,7,2,5,0,G2 Esports,13,3,10,0,42:11
VCT 2025: Americas Stage 1,Group Stage,Week 1,G2 Esports vs FURIA,Ascent,G2 Esports,13,8,5,0,FURIA,7,3,4,0,46:33
Valorant Masters Bangkok 2025,Swiss Stage,Round 2 (0-1),Team Liquid vs Sentinels,Lotus,Team Liquid,7,5,2,0,Sentinels,13,6,7,0,53:41
VCT 2025: EMEA Kickoff,Main Event,Lower Round 1,Team Liquid vs Apeks,Pearl,Team Liquid,11,3,8,0,Apeks,13,4,9,0,56:15
Valorant Champions 2025,Playoffs,Lower Round 1,Team Heretics vs GIANTX,Bind,Team Heretics,13,5,8,0,GIANTX,9,2,7,0,45:33
VCT 2025: Americas Stage 2,Playoffs,Lower Round 1,LEVIATÁN vs KRÜ Esports,Haven,LEVIATÁN,13,9,4,0,KRÜ Esports,8,5,3,0,47:17
VCT 2025: EMEA Stage 2,Group Stage,Week 4,Team Liquid vs FNATIC,Bind,Team Liquid,14,7,5,2,FNATIC,12,7,5,0,59:24
VCT 2025: Pacific Stage 2,Showmatch,Main Event,Team World vs Glory Once Again,Corrode,Team World,13,9,4,0,Glory Once Again,8,5,3,0,1:00:55
VCT 2025: EMEA Stage 1,Playoffs,Lower Round 2,Team Liquid vs Natus Vincere,Icebox,Team Liquid,11,4,7,0,Natus Vincere,13,5,8,0,1:09:34
VCT 2025: Pacific Stage 1,Group Stage,Week 1,Nongshim RedForce vs Rex Regum Qeon,Pearl,Nongshim RedForce,13,5,8,0,Rex Regum Qeon,10,3,7,0,1:04:29
VCT 2025: Pacific Stage 2,Group Stage,Week 2,TALON vs DetonatioN FocusMe,Icebox,TALON,8,7,1,0,DetonatioN FocusMe,13,8,5,0,49:18
VCT 2025: China Stage 2,Group Stage,Week 1,Wolves Esports vs FunPlus Phoenix,Corrode,Wolves Esports,7,2,5,0,FunPlus Phoenix,13,3,10,0,49:28
VCT 2025: EMEA Stage 1,Group Stage,Week 2,Apeks vs Natus Vincere,Haven,Apeks,11,4,7,0,Natus Vincere,13,5,8,0,1:04:08
VCT 2025: Pacific Stage 1,Group Stage,Week 3,T1 vs Team Secret,Lotus,T1,13,5,8,0,Team Secret,8,1,7,0,46:09
VCT 2025: China Stage 1,Group Stage,Week 3,TYLOO vs Titan Esports Club,Fracture,TYLOO,13,4,9,0,Titan Esports Club,10,2,8,0,1:08:08
VCT 2025: EMEA Kickoff,Main Event,Upper Round 1,Team Liquid vs KOI,Abyss,Team Liquid,13,11,2,0,KOI,3,2,1,0,36:44
Valorant Champions 2025,Playoffs,Upper Quarterfinals,FNATIC vs DRX,Haven,FNATIC,13,2,11,0,DRX,11,1,10,0,1:00:52
VCT 2025: EMEA Stage 2,Playoffs,Upper Semifinals,Team Heretics vs BBL Esports,Ascent,Team Heretics,11,6,5,0,BBL Esports,13,7,6,0,50:46
VCT 2025: China Stage 2,Playoffs,Lower Round 1,All Gamers vs FunPlus Phoenix,Sunset,All Gamers,13,6,7,0,FunPlus Phoenix,10,4,6,0,1:11:01
VCT 2025: EMEA Stage 1,Group Stage,Week 4,Team Liquid vs KOI,Split,Team Liquid,13,8,5,0,KOI,5,1,4,0,40:07
VCT 2025: China Stage 1,Group Stage,Week 4,All Gamers vs JDG Esports,Pearl,All Gamers,4,4,0,0,JDG Esports,13,5,8,0,42:25
VCT 2025: Americas Stage 1,Group Stage,Week 4,G2 Esports vs LEVIATÁN,Haven,G2 Esports,13,10,3,0,LEVIATÁN,7,5,2,0,44:09
VCT 2025: Pacific Kickoff,Main Event,Lower Final,T1 vs Gen.G,Lotus,T1,13,6,7,0,Gen.G,8,2,6,0,41:54
VCT 2025: Americas Kickoff,Main Event,Upper Semifinals,G2 Esports vs LEVIATÁN,Fracture,G2 Esports,13,8,5,0,LEVIATÁN,9,5,4,0,48:43
VCT 2025: Americas Stage 2,Group Stage,Week 5,100 Thieves vs LEVIATÁN,Lotus,100 Thieves,2,2,0,0,LEVIATÁN,13,3,10,0,35:11
VCT 2025: Americas Stage 2,Playoffs,Lower Round 3,NRG vs Cloud9,Haven,Mega Minors,10,4,6,0,Cloud9,13,5,8,0,58:24
Valorant Masters Toronto 2025,Swiss Stage,Round 2 (1-0),Paper Rex vs Gen.G,Icebox,Paper Rex,3,3,0,0,Gen.G,13,4,9,0,32:47
VCT 2025: EMEA Stage 1,Group Stage,Week 3,Team Liquid vs FUT Esports,Lotus,Team Liquid,13,11,2,0,FUT Esports,1,0,1,0,45:25
VCT 2025: Pacific Stage 1,Group Stage,Week 2,Team Secret vs ZETA DIVISION,Lotus,Team Secret,11,7,4,0,ZETA DIVISION,13,8,5,0,1:11:35
VCT 2025: Americas Kickoff,Main Event,Upper Semifinals,LOUD vs Sentinels,Split,LOUD,9,6,3,0,Sentinels,13,7,6,0,48:58
VCT 2025: EMEA Stage 2,Group Stage,Week 3,KOI vs Karmine Corp,Sunset,KOI,2,2,0,0,Karmine Corp,13,3,10,0,32:23
VCT 2025: EMEA Stage 2,Playoffs,Upper Round 1,GIANTX vs Natus Vincere,Haven,GIANTX,13,7,6,0,Natus Vincere,8,3,5,0,43:41
VCT 2025: Pacific Stage 2,Playoffs,Upper Semifinals,DRX vs TALON,Haven,DRX,9,3,6,0,TALON,13,4,9,0,47:55
VCT 2025: China Stage 2,Group Stage,Week 2,Dragon Ranger Gaming vs All Gamers,Lotus,Dragon Ranger Gaming,5,3,2,0,All Gamers,13,4,9,0,51:09
VCT 2025: China Stage 2,Group Stage,Week 4,Bilibili Gaming vs EDward Gaming,Lotus,Bilibili Gaming,13,9,4,0,EDward Gaming,6,3,3,0,56:47
VCT 2025: Pacific Stage 1,Playoffs,Lower Final,Rex Regum Qeon vs Paper Rex,Ascent,Rex Regum Qeon,13,9,4,0,Paper Rex,6,3,3,0,43:22
VCT 2025: China Stage 1,Playoffs,Lower Round 1,Nova Esports vs Trace Esports,Lotus,Nova Esports,4,3,1,0,Trace Esports,13,4,9,0,37:59
VCT 2025: Americas Stage 1,Group Stage,Week 4,G2 Esports vs LEVIATÁN,Fracture,G2 Esports,11,7,4,0,LEVIATÁN,13,8,5,0,55:09
Valorant Champions 2025,Playoffs,Grand Final,NRG vs FNATIC,Corrode,Mega Minors,13,9,4,0,FNATIC,3,0,3,0,40:34
VCT 2025: Pacific Stage 2,Group Stage,Week 1,Nongshim RedForce vs Team Secret,Lotus,Nongshim RedForce,13,9,4,0,Team Secret,3,0,3,0,35:21
VCT 2025: Pacific Stage 2,Group Stage,Week 1,DRX vs Nongshim RedForce,Bind,DRX,4,4,0,0,Nongshim RedForce,13,5,8,0,40:26
VCT 2025: Pacific Stage 1,Group Stage,Week 1,Gen.G vs BOOM Esports,Ascent,Gen.G,8,3,5,0,BOOM Esports,13,4,9,0,1:09:34
VCT 2025: Pacific Stage 1,Group Stage,Week 4,T1 vs Rex Regum Qeon,Pearl,T1,13,6,7,0,Rex Regum Qeon,10,4,6,0,1:08:01
VCT 2025: Pacific Kickoff,Main Event,Lower Round 3,TALON vs Nongshim RedForce,Split,TALON,13,8,5,0,Nongshim RedForce,5,1,4,0,42:15
VCT 2025: EMEA Stage 1,Group Stage,Week 1,FNATIC vs Natus Vincere,Fracture,FNATIC,13,6,7,0,Natus Vincere,11,5,6,0,1:01:43
VCT 2025: Pacific Stage 1,Group Stage,Week 2,DRX vs DetonatioN FocusMe,Ascent,DRX,13,6,7,0,DetonatioN FocusMe,8,2,6,0,47:46
VCT 2025: Pacific Stage 1,Group Stage,Week 5,T1 vs TALON,Haven,T1,7,5,2,0,TALON,13,6,7,0,48:22
VCT 2025: Pacific Stage 1,Playoffs,Lower Round 2,DRX vs TALON,Icebox,DRX,13,9,4,0,TALON,4,1,3,0,1:00:16
VCT 2025: China Stage 1,Playoffs,Lower Round 3,EDward Gaming vs Bilibili Gaming,Fracture,EDward Gaming,13,7,6,0,Bilibili Gaming,8,3,5,0,58:17
VCT 2025: Americas Stage 1,Group Stage,Week 3,100 Thieves vs LOUD,Haven,100 Thieves,6,4,2,0,LOUD,13,5,8,0,51:00
VCT 2025: Americas Stage 1,Playoffs,Lower Round 1,100 Thieves vs NRG,Haven,100 Thieves,13,4,9,0,Mega Minors,11,3,8,0,52:32
VCT 2025: Americas Stage 1,Playoffs,Lower Round 2,G2 Esports vs 100 Thieves,Pearl,G2 Esports,16,6,6,4,100 Thieves,14,6,6,2,1:10:55
VCT 2025: Americas Kickoff,Main Event,Upper Round 1,MIBR vs 100 Thieves,Bind,MIBR,9,8,1,0,100 Thieves,13,9,4,0,51:35
VCT 2025: Americas Kickoff,Main Event,Lower Final,Sentinels vs MIBR,Abyss,Sentinels,13,9,4,0,MIBR,5,2,3,0,42:35
VCT 2025: Americas Stage 2,Group Stage,Week 2,Cloud9 vs Evil Geniuses,Haven,Cloud9,13,4,9,0,Evil Geniuses,10,2,8,0,57:15
VCT 2025: Americas Stage 2,Playoffs,Lower Round 2,Cloud9 vs 100 Thieves,Icebox,Cloud9,14,4,8,2,100 Thieves,12,4,8,0,58:37
VCT 2025: Americas Stage 1,Group Stage,Week 5,Evil Geniuses vs LOUD,Pearl,Evil Geniuses,14,6,6,2,LOUD,12,6,6,0,1:19:08
VCT 2025: Americas Stage 1,Playoffs,Upper Semifinals,KRÜ Esports vs MIBR,Icebox,KRÜ Esports,5,3,2,0,MIBR,13,4,9,0,36:49
VCT 2025: Pacific Kickoff,Main Event,Upper Semifinals,T1 vs TALON,Haven,T1,13,8,5,0,TALON,9,5,4,0,49:31
VCT 2025: Americas Kickoff,Main Event,Upper Quarterfinals,LEVIATÁN vs FURIA,Haven,LEVIATÁN,13,9,4,0,FURIA,8,5,3,0,58:40
Valorant Champions 2025,Group Stage,Elimination (B),Bilibili Gaming vs Rex Regum Qeon,Abyss,Bilibili Gaming,4,4,0,0,Rex Regum Qeon,13,5,8,0,40:38
VCT 2025: Americas Stage 2,Group Stage,Week 3,G2 Esports vs Evil Geniuses,Corrode,G2 Esports,11,6,5,0,Evil Geniuses,13,7,6,0,1:09:50
VCT 2025: Pacific Stage 2,Group Stage,Week 1,BOOM Esports vs TALON,Bind,BOOM Esports,8,3,5,0,TALON,13,4,9,0,1:20:55
VCT 2025: Pacific Stage 1,Group Stage,Week 1,TALON vs Team Secret,Fracture,TALON,13,10,3,0,Team Secret,2,0,2,0,28:10
VCT 2025: EMEA Stage 2,Showmatch,Main Event,Team France vs Team EMEA,Corrode,Team France,7,5,2,0,Team EMEA,13,6,7,0,40:26
VCT 2025: Pacific Stage 2,Group Stage,Week 1,ZETA DIVISION vs DetonatioN FocusMe,Haven,ZETA DIVISION,1,1,0,0,DetonatioN FocusMe,13,2,11,0,38:19
VCT 2025: China Stage 2,Group Stage,Week 2,FunPlus Phoenix vs Nova Esports,Haven,FunPlus Phoenix,6,4,2,0,Nova Esports,13,5,8,0,59:30
VCT 2025: Americas Stage 1,Group Stage,Week 1,Sentinels vs 100 Thieves,Split,Sentinels,13,11,2,0,100 Thieves,1,0,1,0,32:58
Valorant Masters Bangkok 2025,Swiss Stage,Round 2 (1-0),EDward Gaming vs G2 Esports,Fracture,EDward Gaming,13,11,2,0,G2 Esports,4,3,1,0,35:06
Valorant Masters Toronto 2025,Swiss Stage,Round 3 (1-1),Paper Rex vs Team Liquid,Sunset,Paper Rex,13,7,6,0,Team Liquid,5,0,5,0,34:05
VCT 2025: EMEA Stage 1,Group Stage,Week 5,Team Liquid vs Karmine Corp,Lotus,Team Liquid,13,9,4,0,Karmine Corp,6,3,3,0,38:02
VCT 2025: EMEA Stage 1,Group Stage,Week 5,FNATIC vs Team Heretics,Haven,FNATIC,5,4,1,0,Team Heretics,13,5,8,0,45:48
VCT 2025: Americas Stage 1,Playoffs,Upper Final,MIBR vs Sentinels,Split,MIBR,11,4,7,0,Sentinels,13,5,8,0,55:23
VCT 2025: EMEA Kickoff,Main Event,Upper Quarterfinals,FNATIC vs BBL Esports,Split,FNATIC,10,9,1,0,BBL Esports,13,10,3,0,1:01:55
VCT 2025: EMEA Kickoff,Main Event,Grand Final,Team Vitality vs Team Liquid,Bind,Team Vitality,13,7,6,0,Team Liquid,7,2,5,0,46:10
Valorant Champions 2025,Playoffs,Grand Final,NRG vs FNATIC,Abyss,Mega Minors,13,11,1,1,FNATIC,15,11,1,3,1:03:33
VCT 2025: EMEA Stage 2,Group Stage,Week 1,Team Heretics vs BBL Esports,Sunset,Team Heretics,13,6,7,0,BBL Esports,11,5,6,0,50:17
VCT 2025: EMEA Stage 2,Group Stage,Week 4,Team Vitality vs BBL Esports,Icebox,Team Vitality,7,7,0,0,BBL Esports,13,8,5,0,45:57
VCT 2025: Pacific Stage 2,Group Stage,Week 2,T1 vs ZETA DIVISION,Sunset,T1,13,9,4,0,ZETA DIVISION,6,3,3,0,36:01
VCT 2025: China Stage 2,Group Stage,Week 3,Bilibili Gaming vs Trace Esports,Icebox,Bilibili Gaming,13,6,6,1,Trace Esports,15,6,6,3,1:04:30
VCT 2025: Pacific Stage 1,Playoffs,Lower Round 3,DRX vs Paper Rex,Lotus,DRX,11,5,6,0,Paper Rex,13,6,7,0,58:51
VCT 2025: Americas Stage 1,Group Stage,Week 4,Sentinels vs LOUD,Haven,Sentinels,13,9,4,0,LOUD,5,2,3,0,36:15
Valorant Champions 2025,Group Stage,Winner's (C),DRX vs NRG,Haven,DRX,13,8,5,0,Mega Minors,4,0,4,0,43:25
VCT 2025: Pacific Stage 2,Group Stage,Week 4,BOOM Esports vs ZETA DIVISION,Corrode,BOOM Esports,9,3,6,0,ZETA DIVISION,13,4,9,0,52:28
VCT 2025: EMEA Stage 1,Group Stage,Week 1,FUT Esports vs KOI,Lotus,FUT Esports,14,3,9,2,KOI,12,3,9,0,56:26
VCT 2025: EMEA Stage 1,Playoffs,Upper Semifinals,Team Liquid vs FNATIC,Fracture,Team Liquid,12,8,4,0,FNATIC,14,8,4,2,55:57
VCT 2025: EMEA Kickoff,Main Event,Upper Round 1,Karmine Corp vs Natus Vincere,Lotus,Karmine Corp,13,7,6,0,Natus Vincere,6,1,5,0,51:52
Valorant Champions 2025,Group Stage,Opening (B),Rex Regum Qeon vs FNATIC,Abyss,Rex Regum Qeon,7,7,0,0,FNATIC,13,8,5,0,45:03
Valorant Champions 2025,Group Stage,Winner's (D),Team Heretics vs T1,Lotus,Team Heretics,13,8,5,0,T1,10,6,4,0,51:06
VCT 2025: EMEA Stage 1,Group Stage,Week 3,Natus Vincere vs GIANTX,Split,Natus Vincere,13,12,1,0,GIANTX,0,0,0,0,29:17
VCT 2025: Pacific Stage 1,Group Stage,Week 5,DetonatioN FocusMe vs BOOM Esports,Ascent,DetonatioN FocusMe,6,4,2,0,BOOM Esports,13,5,8,0,42:07
VCT 2025: Americas Stage 1,Group Stage,Week 3,2Game Esports vs KRÜ Esports,Pearl,2Game Esports,6,0,6,0,KRÜ Esports,13,1,12,0,44:57
VCT 2025: Americas Stage 1,Group Stage,Week 3,FURIA vs LEVIATÁN,Ascent,FURIA,4,4,0,0,LEVIATÁN,13,5,8,0,45:56
VCT 2025: Americas Kickoff,Main Event,Lower Round 1,KRÜ Esports vs 2Game Esports,Abyss,KRÜ Esports,13,10,3,0,2Game Esports,3,1,2,0,50:41
VCT 2025: Americas Stage 2,Group Stage,Week 2,FURIA vs Sentinels,Sunset,FURIA,4,2,2,0,Sentinels,13,3,10,0,41:59
VCT 2025: EMEA Stage 1,Playoffs,Upper Semifinals,Team Liquid vs FNATIC,Icebox,Team Liquid,13,6,7,0,FNATIC,11,5,6,0,54:25
VCT 2025: Pacific Stage 1,Group Stage,Week 4,Gen.G vs Global Esports,Pearl,Gen.G,13,8,5,0,Global Esports,7,3,4,0,45:44
VCT 2025: EMEA Stage 2,Group Stage,Week 2,GIANTX vs BBL Esports,Icebox,GIANTX,13,5,8,0,BBL Esports,7,0,7,0,46:28
VCT 2025: Pacific Stage 2,Group Stage,Week 1,DRX vs Nongshim RedForce,Icebox,DRX,13,7,6,0,Nongshim RedForce,5,0,5,0,1:02:37
VCT 2025: EMEA Stage 1,Group Stage,Week 4,GIANTX vs FNATIC,Lotus,GIANTX,5,3,2,0,FNATIC,13,4,9,0,43:53
VCT 2025: EMEA Stage 1,Playoffs,Lower Round 2,BBL Esports vs FUT Esports,Ascent,BBL Esports,13,7,6,0,FUT Esports,10,5,5,0,56:55
VCT 2025: China Stage 1,Group Stage,Week 4,FunPlus Phoenix vs Dragon Ranger Gaming,Ascent,FunPlus Phoenix,11,7,4,0,Dragon Ranger Gaming,13,8,5,0,1:07:57
VCT 2025: China Stage 2,Group Stage,Week 4,Nova Esports vs Xi Lai Gaming,Haven,Nova Esports,3,2,1,0,Xi Lai Gaming,13,3,10,0,32:21
VCT 2025: EMEA Stage 1,Group Stage,Week 4,Natus Vincere vs Team Heretics,Pearl,Natus Vincere,8,3,5,0,Team Heretics,13,4,9,0,1:04:30
VCT 2025: Americas Stage 1,Group Stage,Week 1,MIBR vs LEVIATÁN,Icebox,MIBR,13,4,9,0,LEVIATÁN,8,0,8,0,52:57
VCT 2025: Americas Stage 1,Group Stage,Week 4,NRG vs MIBR,Icebox,Mega Minors,5,3,2,0,MIBR,13,4,9,0,41:04
VCT 2025: Americas Stage 1,Playoffs,Upper Round 1,Sentinels vs Cloud9,Pearl,Sentinels,13,9,4,0,Cloud9,9,6,3,0,1:30:48
Valorant Masters Bangkok 2025,Swiss Stage,Round 2 (0-1),T1 vs Trace Esports,Lotus,T1,13,9,4,0,Trace Esports,3,0,3,0,45:37
VCT 2025: Pacific Stage 1,Group Stage,Week 4,T1 vs Rex Regum Qeon,Lotus,T1,5,3,2,0,Rex Regum Qeon,13,4,9,0,42:06
Valorant Champions 2025,Playoffs,Lower Round 3,DRX vs Paper Rex,Lotus,DRX,13,7,6,0,Paper Rex,8,3,5,0,46:28
VCT 2025: Americas Stage 2,Group Stage,Week 1,Cloud9 vs FURIA,Haven,Cloud9,13,7,6,0,FURIA,5,0,5,0,51:54
VCT 2025: Pacific Stage 2,Group Stage,Week 1,Rex Regum Qeon vs Global Esports,Corrode,Rex Regum Qeon,7,3,4,0,Global Esports,13,4,9,0,46:06
VCT 2025: Pacific Stage 2,Group Stage,Week 3,Nongshim RedForce vs Global Esports,Corrode,Nongshim RedForce,13,9,4,0,Global Esports,7,4,3,0,59:51
VCT 2025: China Stage 2,Group Stage,Week 2,TYLOO vs Titan Esports Club,Haven,TYLOO,13,10,3,0,Titan Esports Club,2,0,2,0,46:21
VCT 2025: China Stage 2,Group Stage,Week 4,All Gamers vs FunPlus Phoenix,Bind,All Gamers,13,9,4,0,FunPlus Phoenix,8,5,3,0,50:43
Valorant Masters Toronto 2025,Swiss Stage,Round 2 (1-0),Bilibili Gaming vs Sentinels,Icebox,Bilibili Gaming,13,8,5,0,Sentinels,9,5,4,0,52:30
Valorant Champions 2025,Playoffs,Lower Final,FNATIC vs DRX,Corrode,FNATIC,13,11,2,0,DRX,3,2,1,0,44:54
VCT 2025: Americas Stage 2,Group Stage,Week 1,100 Thieves vs NRG,Bind,100 Thieves,13,9,4,0,Mega Minors,10,7,3,0,1:03:22
VCT 2025: Pacific Stage 2,Group Stage,Week 4,T1 vs DetonatioN FocusMe,Haven,T1,13,8,5,0,DetonatioN FocusMe,9,5,4,0,47:41
VCT 2025: EMEA Stage 1,Group Stage,Week 5,Gentle Mates vs KOI,Fracture,Gentle Mates,9,8,1,0,KOI,13,9,4,0,46:26
VCT 2025: Americas Stage 1,Group Stage,Week 5,KRÜ Esports vs 100 Thieves,Fracture,KRÜ Esports,13,6,7,0,100 Thieves,10,4,6,0,49:14
Valorant Masters Bangkok 2025,Playoffs,Lower Round 1,T1 vs Team Vitality,Lotus,T1,12,8,4,0,Team Vitality,14,8,4,2,1:09:37
VCT 2025: Americas Stage 2,Playoffs,Upper Semifinals,NRG vs G2 Esports,Corrode,Mega Minors,13,8,5,0,G2 Esports,10,6,4,0,56:09
VCT 2025: EMEA Stage 2,Group Stage,Week 1,Team Liquid vs KOI,Icebox,Team Liquid,10,5,5,0,KOI,13,6,7,0,49:30
VCT 2025: EMEA Stage 2,Group Stage,Week 2,Gentle Mates vs Team Heretics,Ascent,Gentle Mates,14,10,2,2,Team Heretics,12,10,2,0,55:23
Valorant Masters Toronto 2025,Playoffs,Grand Final,Paper Rex vs FNATIC,Sunset,Paper Rex,13,8,5,0,FNATIC,11,7,4,0,57:40
Valorant Champions 2025,Group Stage,Opening (C),NRG vs EDward Gaming,Abyss,Mega Minors,17,2,10,5,EDward Gaming,15,2,10,3,1:14:38
Valorant Masters Toronto 2025,Playoffs,Upper Final,Paper Rex vs Wolves Esports,Lotus,Paper Rex,14,5,7,2,Wolves Esports,12,5,7,0,58:44
VCT 2025: Americas Stage 1,Playoffs,Lower Round 2,KRÜ Esports vs Evil Geniuses,Icebox,KRÜ Esports,11,3,8,0,Evil Geniuses,13,4,9,0,56:08
VCT 2025: EMEA Kickoff,Main Event,Grand Final,Team Vitality vs Team Liquid,Haven,Team Vitality,7,3,4,0,Team Liquid,13,4,9,0,44:42
Valorant Champions 2025,Group Stage,Opening (A),Paper Rex vs Xi Lai Gaming,Bind,Paper Rex,13,6,7,0,Xi Lai Gaming,9,3,6,0,48:56
Valorant Champions 2025,Group Stage,Opening (D),G2 Esports vs Team Heretics,Lotus,G2 Esports,10,7,3,0,Team Heretics,13,8,5,0,56:24
VCT 2025: Americas Stage 2,Playoffs,Upper Semifinals,Sentinels vs Cloud9,Lotus,Sentinels,13,8,5,0,Cloud9,10,6,4,0,53:20
VCT 2025: Pacific Stage 1,Playoffs,Upper Round 1,TALON vs Gen.G,Pearl,TALON,3,1,2,0,Gen.G,13,2,11,0,36:32
VCT 2025: Pacific Stage 1,Playoffs,Upper Semifinals,Rex Regum Qeon vs DRX,Fracture,Rex Regum Qeon,11,5,6,0,DRX,13,6,7,0,1:00:04
VCT 2025: Americas Stage 1,Group Stage,Week 5,G2 Esports vs Cloud9,Icebox,G2 Esports,13,8,5,0,Cloud9,5,1,4,0,48:28
VCT 2025: Americas Stage 1,Playoffs,Upper Round 1,MIBR vs 100 Thieves,Icebox,MIBR,13,9,4,0,100 Thieves,4,1,3,0,37:57
VCT 2025: Americas Kickoff,Main Event,Lower Round 1,Cloud9 vs MIBR,Abyss,Cloud9,10,2,8,0,MIBR,13,3,10,0,53:31
VCT 2025: Americas Kickoff,Main Event,Lower Round 2,NRG vs KRÜ Esports,Bind,Mega Minors,7,4,3,0,KRÜ Esports,13,5,8,0,46:50
Valorant Champions 2025,Group Stage,Elimination (A),Xi Lai Gaming vs Sentinels,Haven,Xi Lai Gaming,13,7,6,0,Sentinels,8,3,5,0,46:27
VCT 2025: Pacific Stage 2,Playoffs,Upper Round 1,Rex Regum Qeon vs T1,Haven,Rex Regum Qeon,13,7,6,0,T1,7,2,5,0,44:12
VCT 2025: China Stage 2,Group Stage,Week 3,FunPlus Phoenix vs Dragon Ranger Gaming,Ascent,FunPlus Phoenix,6,6,0,0,Dragon Ranger Gaming,13,7,6,0,44:14
VCT 2025: China Stage 2,Group Stage,Week 4,EDward Gaming vs JDG Esports,Lotus,EDward Gaming,10,6,4,0,JDG Esports,13,7,6,0,51:45
VCT 2025: China Stage 2,Playoffs,Grand Final,Dragon Ranger Gaming vs Bilibili Gaming,Sunset,Dragon Ranger Gaming,13,10,3,0,Bilibili Gaming,2,0,2,0,52:52
VCT 2025: EMEA Stage 1,Playoffs,Upper Round 1,BBL Esports vs Natus Vincere,Fracture,BBL Esports,13,6,7,0,Natus Vincere,10,4,6,0,55:46
VCT 2025: Pacific Stage 1,Playoffs,Lower Round 1,TALON vs Nongshim RedForce,Haven,TALON,13,9,4,0,Nongshim RedForce,9,6,3,0,1:09:46
VCT 2025: Americas Stage 1,Group Stage,Week 1,KRÜ Esports vs LOUD,Split,KRÜ Esports,13,4,9,0,LOUD,10,2,8,0,59:53
VCT 2025: Americas Stage 1,Playoffs,Grand Final,Sentinels vs G2 Esports,Ascent,Sentinels,10,7,3,0,G2 Esports,13,8,5,0,55:21
VCT 2025: EMEA Kickoff,Main Event,Lower Round 1,FNATIC vs Natus Vincere,Pearl,FNATIC,13,9,4,0,Natus Vincere,9,6,3,0,1:05:22
VCT 2025: Pacific Kickoff,Main Event,Lower Round 1,Nongshim RedForce vs BOOM Esports,Pearl,Nongshim RedForce,13,9,4,0,BOOM Esports,3,0,3,0,50:29
Valorant Champions 2025,Playoffs,Grand Final,NRG vs FNATIC,Sunset,Mega Minors,13,9,4,0,FNATIC,5,2,3,0,42:18
Valorant Masters Toronto 2025,Swiss Stage,Round 3 (1-1),Bilibili Gaming vs Wolves Esports,Ascent,Bilibili Gaming,5,5,0,0,Wolves Esports,13,6,7,0,45:22
VCT 2025: Pacific Stage 1,Group Stage,Week 5,DRX vs Gen.G,Split,DRX,13,8,5,0,Gen.G,10,6,4,0,52:46
VCT 2025: China Stage 1,Playoffs,Lower Round 2,Bilibili Gaming vs Trace Esports,Fracture,Bilibili Gaming,13,5,8,0,Trace Esports,8,1,7,0,1:01:18
Valorant Masters Bangkok 2025,Playoffs,Grand Final,G2 Esports vs T1,Lotus,G2 Esports,13,8,5,0,T1,5,1,4,0,55:22
VCT 2025: Americas Kickoff,Main Event,Upper Quarterfinals,G2 Esports vs Cloud9,Abyss,G2 Esports,13,9,4,0,Cloud9,8,5,3,0,48:17
VCT 2025: Pacific Stage 2,Group Stage,Week 1,Nongshim RedForce vs Team Secret,Sunset,Nongshim RedForce,8,5,3,0,Team Secret,13,6,7,0,51:34
VCT 2025: China Stage 2,Playoffs,Upper Final,Dragon Ranger Gaming vs Bilibili Gaming,Sunset,Dragon Ranger Gaming,13,5,8,0,Bilibili Gaming,11,4,7,0,53:15
VCT 2025: Pacific Stage 1,Group Stage,Week 2,TALON vs Rex Regum Qeon,Lotus,TALON,8,5,3,0,Rex Regum Qeon,13,6,7,0,1:04:58
VCT 2025: China Stage 1,Group Stage,Week 3,Dragon Ranger Gaming vs EDward Gaming,Ascent,Dragon Ranger Gaming,13,7,6,0,EDward Gaming,9,4,5,0,44:30
VCT 2025: Americas Stage 1,Group Stage,Week 3,G2 Esports vs NRG,Lotus,G2 Esports,13,11,2,0,Mega Minors,1,0,1,0,39:18
VCT 2025: Americas Stage 1,Playoffs,Lower Final,MIBR vs G2 Esports,Haven,MIBR,13,6,7,0,G2 Esports,10,4,6,0,1:07:02
VCT 2025: EMEA Kickoff,Main Event,Upper Round 1,BBL Esports vs GIANTX,Haven,BBL Esports,12,5,7,0,GIANTX,14,5,7,2,1:02:21
VCT 2025: EMEA Kickoff,Main Event,Lower Round 1,Gentle Mates vs KOI,Lotus,Gentle Mates,7,3,4,0,KOI,13,4,9,0,45:07
VCT 2025: Pacific Kickoff,Main Event,Lower Round 4,TALON vs Gen.G,Bind,TALON,7,5,2,0,Gen.G,13,6,7,0,52:32
VCT 2025: Americas Stage 2,Group Stage,Week 2,MIBR vs LEVIATÁN,Lotus,MIBR,8,5,3,0,LEVIATÁN,13,6,7,0,55:55
VCT 2025: EMEA Stage 2,Group Stage,Week 3,Team Liquid vs Apeks,Ascent,Team Liquid,14,4,8,2,Apeks,12,4,8,0,1:02:42
VCT 2025: EMEA Stage 1,Group Stage,Week 1,FUT Esports vs KOI,Pearl,FUT Esports,13,8,5,0,KOI,4,0,4,0,52:39
VCT 2025: Americas Stage 2,Group Stage,Week 1,Evil Geniuses vs 2Game Esports,Lotus,Evil Geniuses,13,6,7,0,2Game Esports,11,5,6,0,57:27
VCT 2025: EMEA Stage 1,Group Stage,Week 5,Team Liquid vs Karmine Corp,Icebox,Team Liquid,9,7,2,0,Karmine Corp,13,8,5,0,54:25
VCT 2025: Pacific Stage 1,Group Stage,Week 1,DRX vs Paper Rex,Lotus,DRX,13,10,3,0,Paper Rex,7,5,2,0,42:32
VCT 2025: Pacific Stage 1,Group Stage,Week 5,Paper Rex vs Global Esports,Lotus,Paper Rex,13,7,6,0,Global Esports,9,4,5,0,54:27
VCT 2025: Americas Stage 1,Group Stage,Week 1,Cloud9 vs NRG,Pearl,Cloud9,13,9,4,0,Mega Minors,9,6,3,0,48:35
Valorant Masters Bangkok 2025,Playoffs,Upper Semifinals,Team Vitality vs G2 Esports,Bind,Team Vitality,13,7,5,1,G2 Esports,15,7,5,3,1:13:06
Valorant Masters Bangkok 2025,Playoffs,Lower Final,EDward Gaming vs T1,Haven,EDward Gaming,10,8,2,0,T1,13,9,4,0,47:05
VCT 2025: China Stage 1,Group Stage,Week 5,Dragon Ranger Gaming vs TYLOO,Fracture,Dragon Ranger Gaming,5,3,2,0,TYLOO,13,4,9,0,41:06
VCT 2025: Americas Stage 1,Playoffs,Lower Round 3,G2 Esports vs Evil Geniuses,Pearl,G2 Esports,13,5,8,0,Evil Geniuses,11,4,7,0,57:09
VCT 2025: EMEA Kickoff,Main Event,Grand Final,Team Vitality vs Team Liquid,Lotus,Team Vitality,13,10,3,0,Team Liquid,6,4,2,0,40:16
VCT 2025: Pacific Stage 2,Group Stage,Week 3,Gen.G vs Team Secret,Ascent,Gen.G,13,9,4,0,Team Secret,8,5,3,0,43:31
VCT 2025: Pacific Stage 2,Group Stage,Week 4,Rex Regum Qeon vs Team Secret,Icebox,Rex Regum Qeon,13,12,1,0,Team Secret,4,4,0,0,38:34
VCT 2025: Pacific Stage 2,Playoffs,Upper Round 1,TALON vs Nongshim RedForce,Lotus,TALON,13,10,3,0,Nongshim RedForce,5,3,2,0,1:05:20
VCT 2025: Pacific Stage 2,Playoffs,Upper Semifinals,Paper Rex vs T1,Sunset,Paper Rex,13,7,6,0,T1,8,3,5,0,48:42
VCT 2025: Pacific Stage 1,Group Stage,Week 2,T1 vs Nongshim RedForce,Icebox,T1,13,5,8,0,Nongshim RedForce,10,3,7,0,56:02
VCT 2025: EMEA Kickoff,Main Event,Upper Semifinals,FUT Esports vs Team Vitality,Bind,FUT Esports,7,3,4,0,Team Vitality,13,4,9,0,1:01:52
VCT 2025: Americas Stage 2,Playoffs,Upper Final,Sentinels vs G2 Esports,Sunset,Sentinels,9,3,6,0,G2 Esports,13,4,9,0,51:24
VCT 2025: EMEA Stage 2,Group Stage,Week 5,KOI vs Natus Vincere,Corrode,KOI,16,5,7,4,Natus Vincere,14,5,7,2,1:06:20
VCT 2025: Pacific Stage 2,Group Stage,Week 1,Global Esports vs Team Secret,Lotus,Global Esports,11,2,9,0,Team Secret,13,3,10,0,1:00:20
VCT 2025: Pacific Stage 2,Playoffs,Lower Round 2,T1 vs Nongshim RedForce,Lotus,T1,13,10,3,0,Nongshim RedForce,6,4,2,0,59:31
VCT 2025: China Stage 2,Playoffs,Lower Round 2,Xi Lai Gaming vs All Gamers,Lotus,Xi Lai Gaming,13,11,2,0,All Gamers,1,0,1,0,34:53
VCT 2025: China Stage 2,Playoffs,Upper Final,Dragon Ranger Gaming vs Bilibili Gaming,Haven,Dragon Ranger Gaming,13,5,8,0,Bilibili Gaming,10,3,7,0,58:22
VCT 2025: Americas Stage 1,Playoffs,Lower Round 1,Cloud9 vs Evil Geniuses,Fracture,Cloud9,9,4,5,0,Evil Geniuses,13,5,8,0,57:18
VCT 2025: China Stage 2,Group Stage,Week 1,JDG Esports vs Trace Esports,Lotus,JDG Esports,13,8,5,0,Trace Esports,4,0,4,0,42:05
VCT 2025: Pacific Kickoff,Main Event,Lower Round 3,Gen.G vs DetonatioN FocusMe,Lotus,Gen.G,13,8,5,0,DetonatioN FocusMe,6,2,4,0,41:55
Valorant Champions 2025,Playoffs,Upper Semifinals,FNATIC vs Paper Rex,Lotus,FNATIC,13,3,10,0,Paper Rex,9,0,9,0,50:27
VCT 2025: Americas Stage 2,Group Stage,Week 1,Evil Geniuses vs 2Game Esports,Sunset,Evil Geniuses,7,6,1,0,2Game Esports,13,7,6,0,56:02
VCT 2025: Americas Stage 2,Group Stage,Week 1,Sentinels vs G2 Esports,Lotus,Sentinels,14,4,8,2,G2 Esports,12,4,8,0,1:00:49
VCT 2025: Americas Stage 2,Group Stage,Week 5,KRÜ Esports vs NRG,Haven,KRÜ Esports,5,2,3,0,Mega Minors,13,3,10,0,36:46
VCT 2025: Pacific Stage 2,Group Stage,Week 4,Gen.G vs Nongshim RedForce,Lotus,Gen.G,9,5,4,0,Nongshim RedForce,13,6,7,0,1:08:02
VCT 2025: China Stage 1,Group Stage,Week 4,Trace Esports vs Xi Lai Gaming,Pearl,Trace Esports,11,4,7,0,Xi Lai Gaming,13,5,8,0,1:02:42
VCT 2025: Pacific Kickoff,Main Event,Lower Round 2,Nongshim RedForce vs Rex Regum Qeon,Fracture,Nongshim RedForce,12,6,6,0,Rex Regum Qeon,14,6,6,2,1:13:25
Valorant Champions 2025,Group Stage,Decider (D),T1 vs G2 Esports,Corrode,T1,8,4,4,0,G2 Esports,13,5,8,0,46:50
VCT 2025: Americas Stage 2,Group Stage,Week 3,2Game Esports vs FURIA,Ascent,2Game Esports,13,10,3,0,FURIA,2,0,2,0,35:52
VCT 2025: EMEA Stage 2,Group Stage,Week 5,Team Liquid vs Karmine Corp,Sunset,Team Liquid,12,7,5,0,Karmine Corp,14,7,5,2,1:01:49
VCT 2025: Pacific Stage 2,Group Stage,Week 4,Gen.G vs Nongshim RedForce,Ascent,Gen.G,12,5,7,0,Nongshim RedForce,14,5,7,2,59:37
VCT 2025: China Stage 2,Group Stage,Week 4,Trace Esports vs Titan Esports Club,Sunset,Trace Esports,9,5,4,0,Titan Esports Club,13,6,7,0,1:01:51
VCT 2025: Pacific Stage 1,Group Stage,Week 3,Paper Rex vs BOOM Esports,Ascent,Paper Rex,13,10,3,0,BOOM Esports,8,6,2,0,44:08
VCT 2025: Americas Stage 1,Playoffs,Lower Round 2,KRÜ Esports vs Evil Geniuses,Lotus,KRÜ Esports,12,7,5,0,Evil Geniuses,14,7,5,2,1:17:07
VCT 2025: EMEA Kickoff,Main Event,Upper Semifinals,BBL Esports vs Team Heretics,Lotus,BBL Esports,7,4,3,0,Team Heretics,13,5,8,0,44:49
Valorant Champions 2025,Group Stage,Opening (D),G2 Esports vs Team Heretics,Corrode,G2 Esports,10,8,2,0,Team Heretics,13,9,4,0,55:59
VCT 2025: Pacific Stage 2,Group Stage,Week 2,DRX vs Team Secret,Icebox,DRX,13,9,4,0,Team Secret,4,1,3,0,59:02
Valorant Masters Toronto 2025,Swiss Stage,Round 2 (0-1),Team Heretics vs Wolves Esports,Pearl,Team Heretics,10,4,6,0,Wolves Esports,13,5,8,0,54:31
VCT 2025: Americas Stage 1,Group Stage,Week 3,Cloud9 vs MIBR,Pearl,Cloud9,13,5,8,0,MIBR,9,2,7,0,1:00:19
VCT 2025: Americas Kickoff,Main Event,Upper Quarterfinals,LEVIATÁN vs FURIA,Split,LEVIATÁN,13,9,4,0,FURIA,6,3,3,0,46:44
Valorant Champions 2025,Group Stage,Winner's (A),Paper Rex vs GIANTX,Lotus,Paper Rex,13,8,5,0,GIANTX,10,6,4,0,46:53
VCT 2025: Pacific Stage 2,Group Stage,Week 2,Rex Regum Qeon vs Nongshim RedForce,Icebox,Rex Regum Qeon,13,9,4,0,Nongshim RedForce,3,0,3,0,38:09
VCT 2025: Pacific Stage 1,Group Stage,Week 2,Gen.G vs Paper Rex,Fracture,Gen.G,6,4,2,0,Paper Rex,13,5,8,0,36:21
VCT 2025: Americas Kickoff,Main Event,Lower Round 4,MIBR vs KRÜ Esports,Bind,MIBR,8,6,2,0,KRÜ Esports,13,7,6,0,1:01:39
VCT 2025: Pacific Stage 2,Group Stage,Week 2,TALON vs DetonatioN FocusMe,Corrode,TALON,13,5,8,0,DetonatioN FocusMe,9,2,7,0,50:13
VCT 2025: Pacific Stage 2,Playoffs,Upper Semifinals,Paper Rex vs T1,Bind,Paper Rex,13,8,5,0,T1,6,2,4,0,41:27
Valorant Masters Toronto 2025,Playoffs,Lower Round 2,Sentinels vs FNATIC,Ascent,Sentinels,7,4,3,0,FNATIC,13,5,8,0,49:56
VCT 2025: EMEA Stage 1,Playoffs,Lower Round 1,FUT Esports vs Team Vitality,Split,FUT Esports,13,9,4,0,Team Vitality,6,3,3,0,47:30
VCT 2025: China Stage 1,Group Stage,Week 3,Dragon Ranger Gaming vs EDward Gaming,Icebox,Dragon Ranger Gaming,2,2,0,0,EDward Gaming,13,3,10,0,42:31
VCT 2025: Americas Stage 1,Group Stage,Week 4,KRÜ Esports vs Evil Geniuses,Pearl,KRÜ Esports,7,2,5,0,Evil Geniuses,13,3,10,0,50:32
VCT 2025: Pacific Kickoff,Main Event,Upper Final,T1 vs DRX,Fracture,T1,10,4,6,0,DRX,13,5,8,0,50:27
Valorant Champions 2025,Group Stage,Decider (D),T1 vs G2 Esports,Lotus,T1,9,4,5,0,G2 Esports,13,5,8,0,49:12
VCT 2025: China Stage 2,Group Stage,Week 3,Titan Esports Club vs Bilibili Gaming,Ascent,Titan Esports Club,8,3,5,0,Bilibili Gaming,13,4,9,0,48:26
VCT 2025: EMEA Stage 1,Group Stage,Week 4,GIANTX vs FNATIC,Ascent,GIANTX,13,7,6,0,FNATIC,10,5,5,0,1:01:56
VCT 2025: China Stage 1,Group Stage,Week 2,Titan Esports Club vs Dragon Ranger Gaming,Lotus,Titan Esports Club,11,7,4,0,Dragon Ranger Gaming,13,8,5,0,1:07:57
VCT 2025: Americas Stage 2,Playoffs,Lower Round 3,NRG vs Cloud9,Lotus,Mega Minors,13,6,7,0,Cloud9,10,4,6,0,56:24
VCT 2025: EMEA Stage 2,Group Stage,Week 4,KOI vs Apeks,Haven,KOI,13,8,5,0,Apeks,8,4,4,0,44:40
VCT 2025: Americas Stage 2,Group Stage,Week 3,LEVIATÁN vs NRG,Lotus,LEVIATÁN,7,5,2,0,Mega Minors,13,6,7,0,51:57
VCT 2025: China Stage 2,Group Stage,Week 4,TYLOO vs JDG Esports,Corrode,TYLOO,13,7,6,0,JDG Esports,6,1,5,0,43:09
Valorant Masters Toronto 2025,Swiss Stage,Round 1,Sentinels vs Wolves Esports,Lotus,Sentinels,13,9,4,0,Wolves Esports,8,5,3,0,50:17
VCT 2025: Pacific Stage 1,Group Stage,Week 3,Paper Rex vs BOOM Esports,Pearl,Paper Rex,10,4,6,0,BOOM Esports,13,5,8,0,1:06:49
VCT 2025: Americas Stage 1,Group Stage,Week 3,Cloud9 vs MIBR,Haven,Cloud9,11,3,8,0,MIBR,13,4,9,0,54:53
Valorant Champions 2025,Group Stage,Opening (B),Rex Regum Qeon vs FNATIC,Ascent,Rex Regum Qeon,10,5,5,0,FNATIC,13,6,7,0,57:19
VCT 2025: EMEA Stage 1,Group Stage,Week 3,Team Vitality vs Team Heretics,Icebox,Team Vitality,6,5,1,0,Team Heretics,13,6,7,0,51:46
VCT 2025: Pacific Stage 1,Playoffs,Upper Semifinals,Rex Regum Qeon vs DRX,Icebox,Rex Regum Qeon,13,8,5,0,DRX,4,0,4,0,40:42
VCT 2025: Americas Stage 1,Group Stage,Week 4,G2 Esports vs LEVIATÁN,Lotus,G2 Esports,13,6,7,0,LEVIATÁN,10,4,6,0,1:03:37
VCT 2025: EMEA Stage 2,Group Stage,Week 2,Team Liquid vs Natus Vincere,Sunset,Team Liquid,13,9,4,0,Natus Vincere,4,1,3,0,36:42
VCT 2025: EMEA Stage 1,Group Stage,Week 1,Team Liquid vs Gentle Mates,Split,Team Liquid,13,8,5,0,Gentle Mates,6,2,4,0,48:23
VCT 2025: Pacific Stage 1,Group Stage,Week 2,T1 vs Nongshim RedForce,Split,T1,13,4,9,0,Nongshim RedForce,11,3,8,0,1:00:30
Valorant Masters Bangkok 2025,Playoffs,Grand Final,G2 Esports vs T1,Haven,G2 Esports,9,6,3,0,T1,13,7,6,0,52:45
VCT 2025: EMEA Kickoff,Main Event,Lower Round 2,Gentle Mates vs FNATIC,Abyss,Gentle Mates,5,1,4,0,FNATIC,13,2,11,0,56:58
VCT 2025: Pacific Kickoff,Main Event,Lower Round 4,TALON vs Gen.G,Lotus,TALON,2,2,0,0,Gen.G,13,3,10,0,34:08
VCT 2025: EMEA Stage 2,Playoffs,Upper Round 1,FNATIC vs BBL Esports,Corrode,FNATIC,13,6,7,0,BBL Esports,7,1,6,0,44:28
VCT 2025: Pacific Stage 2,Group Stage,Week 2,BOOM Esports vs Paper Rex,Bind,BOOM Esports,8,3,5,0,Paper Rex,13,4,9,0,55:27
VCT 2025: Pacific Stage 2,Group Stage,Week 3,Nongshim RedForce vs Global Esports,Bind,Nongshim RedForce,13,8,5,0,Global Esports,8,4,4,0,49:16
Valorant Masters Toronto 2025,Playoffs,Lower Round 2,Gen.G vs G2 Esports,Icebox,Gen.G,11,8,3,0,G2 Esports,13,9,4,0,1:00:17
VCT 2025: China Stage 1,Group Stage,Week 3,JDG Esports vs Trace Esports,Lotus,JDG Esports,7,5,2,0,Trace Esports,13,6,7,0,1:03:18
VCT 2025: Americas Stage 1,Group Stage,Week 1,KRÜ Esports vs LOUD,Haven,KRÜ Esports,13,10,3,0,LOUD,2,0,2,0,34:40
VCT 2025: Americas Stage 1,Group Stage,Week 1,2Game Esports vs Evil Geniuses,Haven,2Game Esports,11,4,7,0,Evil Geniuses,13,5,8,0,58:34
VCT 2025: Americas Stage 1,Group Stage,Week 5,LEVIATÁN vs NRG,Icebox,LEVIATÁN,8,6,2,0,Mega Minors,13,7,6,0,44:28
VCT 2025: Americas Kickoff,Main Event,Upper Round 1,2Game Esports vs FURIA,Lotus,2Game Esports,5,4,1,0,FURIA,13,5,8,0,38:57
VCT 2025: Americas Kickoff,Main Event,Upper Quarterfinals,G2 Esports vs Cloud9,Lotus,G2 Esports,13,8,5,0,Cloud9,6,2,4,0,48:13
Valorant Champions 2025,Group Stage,Opening (B),Bilibili Gaming vs MIBR,Haven,Bilibili Gaming,2,2,0,0,MIBR,13,3,10,0,34:58
VCT 2025: EMEA Stage 2,Playoffs,Lower Round 1,Natus Vincere vs Team Vitality,Haven,Natus Vincere,13,6,7,0,Team Vitality,7,1,6,0,52:20
VCT 2025: China Stage 2,Group Stage,Week 4,EDward Gaming vs JDG Esports,Corrode,EDward Gaming,13,8,5,0,JDG Esports,5,1,4,0,48:32
Valorant Masters Toronto 2025,Playoffs,Upper Semifinals,Wolves Esports vs Gen.G,Sunset,Wolves Esports,13,4,9,0,Gen.G,9,1,8,0,49:13
VCT 2025: EMEA Stage 1,Group Stage,Week 2,Team Vitality vs FNATIC,Lotus,Team Vitality,6,4,2,0,FNATIC,13,5,8,0,51:17
VCT 2025: Americas Stage 1,Group Stage,Week 4,NRG vs MIBR,Haven,Mega Minors,6,6,0,0,MIBR,13,7,6,0,49:42
VCT 2025: EMEA Kickoff,Main Event,Lower Round 2,Gentle Mates vs FNATIC,Fracture,Gentle Mates,6,5,1,0,FNATIC,13,6,7,0,44:41
VCT 2025: Pacific Kickoff,Main Event,Lower Round 1,Rex Regum Qeon vs Team Secret,Lotus,Rex Regum Qeon,9,4,5,0,Team Secret,13,5,8,0,1:09:49
VCT 2025: Americas Stage 2,Group Stage,Week 3,MIBR vs 100 Thieves,Bind,MIBR,14,2,10,2,100 Thieves,12,2,10,0,1:02:04
VCT 2025: EMEA Stage 2,Group Stage,Week 4,KOI vs Apeks,Lotus,KOI,9,6,3,0,Apeks,13,7,6,0,47:51
VCT 2025: China Stage 2,Playoffs,Lower Round 2,TYLOO vs EDward Gaming,Ascent,TYLOO,11,5,6,0,EDward Gaming,13,6,7,0,51:45
VCT 2025: Pacific Stage 1,Playoffs,Grand Final,Gen.G vs Rex Regum Qeon,Lotus,Gen.G,9,7,2,0,Rex Regum Qeon,13,8,5,0,54:30
VCT 2025: China Stage 1,Playoffs,Lower Round 2,EDward Gaming vs Dragon Ranger Gaming,Lotus,EDward Gaming,13,8,5,0,Dragon Ranger Gaming,8,4,4,0,52:55
Valorant Champions 2025,Playoffs,Lower Round 1,DRX vs G2 Esports,Lotus,DRX,7,4,3,0,G2 Esports,13,5,8,0,44:40
VCT 2025: EMEA Stage 2,Playoffs,Upper Final,BBL Esports vs Team Liquid,Sunset,BBL Esports,13,8,5,0,Team Liquid,10,6,4,0,54:47
Valorant Masters Toronto 2025,Playoffs,Upper Quarterfinals,G2 Esports vs Paper Rex,Split,G2 Esports,10,7,3,0,Paper Rex,13,8,5,0,46:44
Valorant Masters Toronto 2025,Playoffs,Upper Semifinals,Sentinels vs Paper Rex,Split,Sentinels,3,2,1,0,Paper Rex,13,3,10,0,38:48
VCT 2025: Pacific Stage 1,Group Stage,Week 5,DetonatioN FocusMe vs BOOM Esports,Fracture,DetonatioN FocusMe,8,6,2,0,BOOM Esports,13,7,6,0,59:57
VCT 2025: Americas Stage 1,Playoffs,Lower Round 3,G2 Esports vs Evil Geniuses,Split,G2 Esports,13,8,5,0,Evil Geniuses,7,3,4,0,46:03
VCT 2025: EMEA Kickoff,Main Event,Upper Quarterfinals,Team Vitality vs Karmine Corp,Abyss,Team Vitality,17,7,5,5,Karmine Corp,15,7,5,3,1:17:32
VCT 2025: Americas Kickoff,Main Event,Lower Round 1,FURIA vs Evil Geniuses,Fracture,FURIA,7,2,5,0,Evil Geniuses,13,3,10,0,48:55
VCT 2025: Americas Stage 2,Group Stage,Week 2,2Game Esports vs G2 Esports,Ascent,2Game Esports,8,6,2,0,G2 Esports,13,7,6,0,1:02:41
VCT 2025: Pacific Stage 2,Group Stage,Week 1,BOOM Esports vs T1,Corrode,BOOM Esports,10,6,4,0,T1,13,7,6,0,52:33
VCT 2025: China Stage 2,Playoffs,Upper Quarterfinals,All Gamers vs TYLOO,Lotus,All Gamers,3,2,1,0,TYLOO,13,3,10,0,53:59
VCT 2025: China Stage 2,Group Stage,Week 3,TYLOO vs EDward Gaming,Corrode,TYLOO,10,6,4,0,EDward Gaming,13,7,6,0,1:05:21
VCT 2025: EMEA Stage 1,Playoffs,Upper Final,Team Heretics vs FNATIC,Icebox,Team Heretics,8,5,3,0,FNATIC,13,6,7,0,55:22
VCT 2025: EMEA Kickoff,Main Event,Upper Round 1,Apeks vs Gentle Mates,Pearl,Apeks,7,6,1,0,Gentle Mates,13,7,6,0,51:40
VCT 2025: Americas Kickoff,Main Event,Upper Semifinals,LOUD vs Sentinels,Pearl,LOUD,11,7,4,0,Sentinels,13,8,5,0,55:49
VCT 2025: Americas Stage 2,Group Stage,Week 2,FURIA vs Sentinels,Icebox,FURIA,0,0,0,0,Sentinels,13,1,12,0,33:49
VCT 2025: Pacific Stage 2,Group Stage,Week 3,BOOM Esports vs DetonatioN FocusMe,Lotus,BOOM Esports,10,6,4,0,DetonatioN FocusMe,13,7,6,0,1:11:25
VCT 2025: China Stage 2,Playoffs,Upper Semifinals,Bilibili Gaming vs TYLOO,Bind,Bilibili Gaming,13,9,4,0,TYLOO,7,4,3,0,1:08:04
VCT 2025: Americas Stage 1,Group Stage,Week 2,G2 Esports vs MIBR,Haven,G2 Esports,13,7,6,0,MIBR,11,6,5,0,1:03:03
VCT 2025: Americas Stage 2,Group Stage,Week 5,G2 Esports vs Cloud9,Ascent,G2 Esports,13,6,7,0,Cloud9,8,2,6,0,1:02:42
VCT 2025: EMEA Stage 2,Group Stage,Week 2,FUT Esports vs Team Vitality,Haven,FUT Esports,2,2,0,0,Team Vitality,13,3,10,0,34:48
VCT 2025: Pacific Stage 2,Playoffs,Lower Round 2,T1 vs Nongshim RedForce,Ascent,T1,13,5,8,0,Nongshim RedForce,9,2,7,0,48:51
VCT 2025: EMEA Stage 2,Group Stage,Week 5,FUT Esports vs BBL Esports,Sunset,FUT Esports,11,5,6,0,BBL Esports,13,6,7,0,55:48
VCT 2025: Pacific Stage 1,Playoffs,Upper Round 1,DRX vs T1,Fracture,DRX,14,7,5,2,T1,12,7,5,0,1:00:29
VCT 2025: Pacific Kickoff,Main Event,Upper Quarterfinals,TALON vs Global Esports,Lotus,TALON,13,7,6,0,Global Esports,8,3,5,0,51:39
Valorant Champions 2025,Group Stage,Winner's (B),MIBR vs FNATIC,Abyss,MIBR,7,7,0,0,FNATIC,13,8,5,0,45:01
VCT 2025: EMEA Stage 2,Group Stage,Week 1,Natus Vincere vs Apeks,Sunset,Natus Vincere,6,4,2,0,Apeks,13,5,8,0,40:00
VCT 2025: EMEA Stage 2,Playoffs,Lower Round 1,FNATIC vs Karmine Corp,Corrode,FNATIC,14,4,8,2,Karmine Corp,12,4,8,0,1:00:01
VCT 2025: EMEA Stage 2,Playoffs,Lower Round 2,Team Heretics vs Natus Vincere,Icebox,Team Heretics,3,3,0,0,Natus Vincere,13,4,9,0,41:04
VCT 2025: Pacific Stage 2,Group Stage,Week 1,BOOM Esports vs TALON,Icebox,BOOM Esports,3,2,1,0,TALON,13,3,10,0,30:53
VCT 2025: Pacific Stage 2,Group Stage,Week 1,Rex Regum Qeon vs Gen.G,Haven,Rex Regum Qeon,13,4,9,0,Gen.G,11,3,8,0,55:40
VCT 2025: EMEA Stage 1,Group Stage,Week 2,FUT Esports vs Gentle Mates,Fracture,FUT Esports,18,8,4,6,Gentle Mates,16,8,4,4,1:12:56
VCT 2025: Pacific Stage 1,Group Stage,Week 1,DetonatioN FocusMe vs Global Esports,Lotus,DetonatioN FocusMe,7,3,4,0,Global Esports,13,4,9,0,1:09:12
VCT 2025: Pacific Stage 1,Playoffs,Lower Final,Rex Regum Qeon vs Paper Rex,Fracture,Rex Regum Qeon,2,2,0,0,Paper Rex,13,3,10,0,51:08
VCT 2025: China Stage 1,Group Stage,Week 3,Nova Esports vs FunPlus Phoenix,Icebox,Nova Esports,13,5,8,0,FunPlus Phoenix,11,4,7,0,1:08:15
VCT 2025: EMEA Kickoff,Main Event,Lower Round 1,Team Liquid vs Apeks,Haven,Team Liquid,13,9,4,0,Apeks,6,3,3,0,37:23
VCT 2025: EMEA Kickoff,Main Event,Lower Round 4,FUT Esports vs Team Liquid,Bind,FUT Esports,13,7,6,0,Team Liquid,11,6,5,0,55:54
VCT 2025: EMEA Kickoff,Main Event,Grand Final,Team Vitality vs Team Liquid,Fracture,Team Vitality,13,8,5,0,Team Liquid,8,4,4,0,48:14
VCT 2025: Pacific Kickoff,Main Event,Upper Final,T1 vs DRX,Lotus,T1,13,5,8,0,DRX,11,4,7,0,1:06:28
Valorant Champions 2025,Group Stage,Elimination (C),Team Liquid vs EDward Gaming,Sunset,Team Liquid,3,1,2,0,EDward Gaming,13,2,11,0,40:44
Valorant Champions 2025,Playoffs,Upper Semifinals,MIBR vs NRG,Haven,MIBR,13,10,3,0,Mega Minors,4,2,2,0,38:48
VCT 2025: EMEA Stage 2,Group Stage,Week 1,FNATIC vs Karmine Corp,Icebox,FNATIC,13,6,7,0,Karmine Corp,11,5,6,0,59:55
VCT 2025: EMEA Stage 2,Group Stage,Week 2,KOI vs FNATIC,Haven,KOI,11,6,5,0,FNATIC,13,7,6,0,50:43
VCT 2025: EMEA Stage 2,Group Stage,Week 3,FUT Esports vs GIANTX,Bind,FUT Esports,13,7,6,0,GIANTX,5,0,5,0,42:45
VCT 2025: EMEA Stage 1,Group Stage,Week 1,Team Heretics vs Apeks,Icebox,Team Heretics,13,7,6,0,Apeks,6,1,5,0,44:07
VCT 2025: Americas Stage 1,Playoffs,Upper Semifinals,G2 Esports vs Sentinels,Split,G2 Esports,13,8,5,0,Sentinels,5,1,4,0,52:23
VCT 2025: EMEA Kickoff,Main Event,Lower Round 1,Team Liquid vs Apeks,Abyss,Team Liquid,13,6,7,0,Apeks,9,3,6,0,58:28
VCT 2025: Pacific Kickoff,Main Event,Lower Final,T1 vs Gen.G,Pearl,T1,13,8,5,0,Gen.G,8,4,4,0,1:07:45
VCT 2025: Americas Kickoff,Main Event,Lower Round 3,LEVIATÁN vs MIBR,Lotus,LEVIATÁN,13,6,7,0,MIBR,7,1,6,0,1:04:05
VCT 2025: Americas Kickoff,Main Event,Lower Final,Sentinels vs MIBR,Split,Sentinels,13,9,4,0,MIBR,7,4,3,0,48:24
VCT 2025: Pacific Stage 2,Playoffs,Upper Round 1,TALON vs Nongshim RedForce,Corrode,TALON,16,5,7,4,Nongshim RedForce,14,5,7,2,1:09:09
VCT 2025: China Stage 2,Group Stage,Week 2,TYLOO vs Titan Esports Club,Lotus,TYLOO,13,7,6,0,Titan Esports Club,10,5,5,0,56:22
VCT 2025: China Stage 2,Playoffs,Lower Round 1,EDward Gaming vs Trace Esports,Ascent,EDward Gaming,13,4,9,0,Trace Esports,11,3,8,0,57:00
VCT 2025: EMEA Stage 1,Group Stage,Week 2,Team Liquid vs BBL Esports,Ascent,Team Liquid,13,12,1,0,BBL Esports,4,4,0,0,36:35
Valorant Masters Bangkok 2025,Swiss Stage,Round 1,G2 Esports vs Trace Esports,Lotus,G2 Esports,13,7,6,0,Trace Esports,8,3,5,0,47:38
VCT 2025: Americas Stage 2,Group Stage,Week 3,LEVIATÁN vs NRG,Icebox,LEVIATÁN,11,3,8,0,Mega Minors,13,4,9,0,54:22
VCT 2025: Pacific Stage 2,Group Stage,Week 1,Global Esports vs Team Secret,Bind,Global Esports,5,4,1,0,Team Secret,13,5,8,0,58:16
Valorant Masters Toronto 2025,Playoffs,Upper Semifinals,Wolves Esports vs Gen.G,Split,Wolves Esports,13,3,10,0,Gen.G,11,2,9,0,59:06
VCT 2025: Pacific Stage 1,Group Stage,Week 3,DRX vs Global Esports,Split,DRX,13,6,7,0,Global Esports,10,4,6,0,51:31
VCT 2025: Americas Stage 1,Playoffs,Lower Final,MIBR vs G2 Esports,Lotus,MIBR,13,5,7,1,G2 Esports,15,5,7,3,1:05:11
VCT 2025: EMEA Kickoff,Main Event,Lower Round 3,FUT Esports vs FNATIC,Fracture,FUT Esports,13,6,7,0,FNATIC,6,0,6,0,42:58
Valorant Champions 2025,Group Stage,Opening (C),Team Liquid vs DRX,Abyss,Team Liquid,8,6,2,0,DRX,13,7,6,0,47:56
VCT 2025: EMEA Stage 2,Playoffs,Upper Round 1,FNATIC vs BBL Esports,Haven,FNATIC,9,8,1,0,BBL Esports,13,9,4,0,55:16
VCT 2025: Pacific Stage 1,Group Stage,Week 4,DetonatioN FocusMe vs Paper Rex,Pearl,DetonatioN FocusMe,13,7,5,1,Paper Rex,15,7,5,3,1:01:16
VCT 2025: Americas Stage 1,Group Stage,Week 4,FURIA vs Cloud9,Lotus,FURIA,14,4,8,2,Cloud9,16,4,8,4,1:20:37
VCT 2025: China Stage 1,Group Stage,Week 4,Trace Esports vs Xi Lai Gaming,Lotus,Trace Esports,13,7,6,0,Xi Lai Gaming,10,5,5,0,54:37
VCT 2025: Americas Stage 1,Group Stage,Week 3,2Game Esports vs KRÜ Esports,Ascent,2Game Esports,13,6,7,0,KRÜ Esports,6,0,6,0,47:05
VCT 2025: China Stage 2,Group Stage,Week 2,Trace Esports vs TYLOO,Bind,Trace Esports,10,4,6,0,TYLOO,13,5,8,0,55:14
VCT 2025: Pacific Stage 1,Playoffs,Upper Round 1,TALON vs Gen.G,Haven,TALON,13,7,6,0,Gen.G,6,1,5,0,1:09:17
VCT 2025: China Stage 1,Playoffs,Grand Final,Xi Lai Gaming vs Bilibili Gaming,Pearl,Xi Lai Gaming,8,6,2,0,Bilibili Gaming,13,7,6,0,54:36
Valorant Champions 2025,Group Stage,Winner's (A),Paper Rex vs GIANTX,Sunset,Paper Rex,13,7,6,0,GIANTX,6,1,5,0,38:53
VCT 2025: Americas Stage 2,Playoffs,Upper Round 1,G2 Esports vs 100 Thieves,Haven,G2 Esports,13,9,4,0,100 Thieves,5,2,3,0,38:36
VCT 2025: Pacific Stage 2,Playoffs,Grand Final,Paper Rex vs Rex Regum Qeon,Ascent,Paper Rex,13,11,2,0,Rex Regum Qeon,7,6,1,0,39:41
Valorant Masters Toronto 2025,Swiss Stage,Round 2 (0-1),Team Liquid vs MIBR,Icebox,Team Liquid,13,7,6,0,MIBR,6,1,5,0,44:18
Valorant Masters Toronto 2025,Playoffs,Lower Round 2,Sentinels vs FNATIC,Icebox,Sentinels,9,7,2,0,FNATIC,13,8,5,0,54:46
VCT 2025: EMEA Stage 1,Playoffs,Lower Round 1,Natus Vincere vs Karmine Corp,Split,Natus Vincere,13,9,4,0,Karmine Corp,11,8,3,0,1:01:52
VCT 2025: Americas Stage 1,Group Stage,Week 5,G2 Esports vs Cloud9,Pearl,G2 Esports,13,7,6,0,Cloud9,11,6,5,0,55:53
VCT 2025: EMEA Kickoff,Main Event,Upper Quarterfinals,FNATIC vs BBL Esports,Abyss,FNATIC,8,3,5,0,BBL Esports,13,4,9,0,1:16:23
VCT 2025: EMEA Kickoff,Main Event,Lower Round 1,Gentle Mates vs KOI,Pearl,Gentle Mates,13,8,5,0,KOI,6,2,4,0,40:22
VCT 2025: Pacific Kickoff,Main Event,Upper Quarterfinals,DRX vs Nongshim RedForce,Lotus,DRX,13,7,6,0,Nongshim RedForce,11,6,5,0,1:11:24
VCT 2025: EMEA Stage 2,Group Stage,Week 1,Team Vitality vs GIANTX,Bind,Team Vitality,11,5,6,0,GIANTX,13,6,7,0,52:27
VCT 2025: China Stage 2,Group Stage,Week 3,FunPlus Phoenix vs Dragon Ranger Gaming,Sunset,FunPlus Phoenix,13,10,3,0,Dragon Ranger Gaming,11,9,2,0,50:26
VCT 2025: China Stage 2,Group Stage,Week 3,Wolves Esports vs Dragon Ranger Gaming,Ascent,Wolves Esports,13,5,8,0,Dragon Ranger Gaming,10,3,7,0,50:56
Valorant Masters Toronto 2025,Playoffs,Lower Round 1,Xi Lai Gaming vs G2 Esports,Icebox,Xi Lai Gaming,3,2,1,0,G2 Esports,13,3,10,0,34:23
VCT 2025: EMEA Stage 1,Playoffs,Lower Round 2,BBL Esports vs FUT Esports,Haven,BBL Esports,12,4,8,0,FUT Esports,14,4,8,2,1:11:31
VCT 2025: EMEA Kickoff,Main Event,Upper Semifinals,FUT Esports vs Team Vitality,Split,FUT Esports,4,1,3,0,Team Vitality,13,2,11,0,36:12
Valorant Champions 2025,Group Stage,Decider (C),DRX vs Team Liquid,Abyss,DRX,13,6,7,0,Team Liquid,7,1,6,0,46:41
VCT 2025: Americas Stage 2,Group Stage,Week 5,2Game Esports vs Sentinels,Haven,2Game Esports,4,3,1,0,Sentinels,13,4,9,0,33:10
VCT 2025: EMEA Stage 2,Group Stage,Week 3,Gentle Mates vs BBL Esports,Lotus,Gentle Mates,12,10,2,0,BBL Esports,14,10,2,2,56:07
VCT 2025: China Stage 2,Playoffs,Upper Quarterfinals,EDward Gaming vs Dragon Ranger Gaming,Corrode,EDward Gaming,10,5,5,0,Dragon Ranger Gaming,13,6,7,0,50:35
VCT 2025: EMEA Stage 1,Playoffs,Lower Round 3,Team Liquid vs BBL Esports,Split,Team Liquid,7,2,5,0,BBL Esports,13,3,10,0,43:32
VCT 2025: Pacific Stage 1,Playoffs,Upper Final,Gen.G vs Rex Regum Qeon,Icebox,Gen.G,13,7,6,0,Rex Regum Qeon,8,3,5,0,50:27
VCT 2025: Pacific Kickoff,Main Event,Upper Round 1,Global Esports vs Team Secret,Pearl,Global Esports,13,8,5,0,Team Secret,6,2,4,0,48:22
VCT 2025: Americas Stage 2,Group Stage,Week 4,LEVIATÁN vs KRÜ Esports,Ascent,LEVIATÁN,13,8,5,0,KRÜ Esports,4,0,4,0,38:35
VCT 2025: Pacific Stage 2,Group Stage,Week 4,TALON vs Paper Rex,Icebox,TALON,14,7,5,2,Paper Rex,16,7,5,4,1:02:47
VCT 2025: EMEA Stage 1,Group Stage,Week 4,Gentle Mates vs BBL Esports,Haven,Gentle Mates,2,2,0,0,BBL Esports,13,3,10,0,33:59
VCT 2025: Pacific Stage 1,Group Stage,Week 1,Nongshim RedForce vs Rex Regum Qeon,Split,Nongshim RedForce,13,4,9,0,Rex Regum Qeon,8,0,8,0,50:24
VCT 2025: Pacific Stage 1,Group Stage,Week 3,TALON vs Nongshim RedForce,Fracture,TALON,13,10,3,0,Nongshim RedForce,6,4,2,0,40:50
VCT 2025: Americas Stage 2,Group Stage,Week 1,MIBR vs KRÜ Esports,Haven,MIBR,9,4,5,0,KRÜ Esports,13,5,8,0,47:42
VCT 2025: Americas Stage 2,Group Stage,Week 5,MIBR vs LOUD,Sunset,MIBR,13,6,7,0,LOUD,10,4,6,0,56:01
VCT 2025: Americas Stage 2,Playoffs,Lower Final,Sentinels vs NRG,Sunset,Sentinels,13,5,8,0,Mega Minors,10,3,7,0,1:05:22
VCT 2025: EMEA Stage 2,Playoffs,Grand Final,Team Liquid vs GIANTX,Sunset,Team Liquid,13,6,7,0,GIANTX,10,4,6,0,50:30
VCT 2025: Pacific Stage 1,Group Stage,Week 1,T1 vs ZETA DIVISION,Haven,T1,13,10,3,0,ZETA DIVISION,5,3,2,0,37:37
VCT 2025: EMEA Kickoff,Main Event,Lower Round 3,BBL Esports vs Team Liquid,Bind,BBL Esports,11,4,7,0,Team Liquid,13,5,8,0,1:02:57
VCT 2025: Americas Kickoff,Main Event,Upper Round 1,NRG vs Cloud9,Fracture,Mega Minors,12,2,10,0,Cloud9,14,2,10,2,1:10:03
VCT 2025: China Stage 2,Group Stage,Week 1,Bilibili Gaming vs TYLOO,Lotus,Bilibili Gaming,13,8,5,0,TYLOO,9,5,4,0,51:21
VCT 2025: China Stage 2,Group Stage,Week 4,Nova Esports vs Wolves Esports,Bind,Nova Esports,13,5,8,0,Wolves Esports,10,3,7,0,51:12
VCT 2025: EMEA Stage 1,Group Stage,Week 3,Team Vitality vs Team Heretics,Haven,Team Vitality,10,6,4,0,Team Heretics,13,7,6,0,1:06:18
VCT 2025: Pacific Stage 1,Group Stage,Week 2,DRX vs DetonatioN FocusMe,Lotus,DRX,13,9,4,0,DetonatioN FocusMe,3,0,3,0,40:40
VCT 2025: EMEA Stage 2,Group Stage,Week 1,FNATIC vs Karmine Corp,Bind,FNATIC,13,7,6,0,Karmine Corp,7,2,5,0,45:35
VCT 2025: Pacific Stage 2,Group Stage,Week 4,DRX vs Global Esports,Lotus,DRX,13,5,8,0,Global Esports,10,3,7,0,1:09:03
VCT 2025: Pacific Stage 2,Playoffs,Upper Final,TALON vs Paper Rex,Haven,TALON,11,6,5,0,Paper Rex,13,7,6,0,1:06:38
VCT 2025: China Stage 2,Group Stage,Week 2,All Gamers vs Wolves Esports,Corrode,All Gamers,13,9,4,0,Wolves Esports,4,1,3,0,39:04
VCT 2025: China Stage 2,Group Stage,Week 4,Dragon Ranger Gaming vs Xi Lai Gaming,Haven,Dragon Ranger Gaming,4,2,2,0,Xi Lai Gaming,13,3,10,0,39:19
VCT 2025: China Stage 1,Group Stage,Week 3,Wolves Esports vs Xi Lai Gaming,Icebox,Wolves Esports,10,6,4,0,Xi Lai Gaming,13,7,6,0,54:55
VCT 2025: EMEA Kickoff,Main Event,Upper Quarterfinals,Team Heretics vs Gentle Mates,Pearl,Team Heretics,13,9,4,0,Gentle Mates,8,5,3,0,46:40
VCT 2025: EMEA Kickoff,Main Event,Lower Round 2,GIANTX vs Team Liquid,Split,GIANTX,6,4,2,0,Team Liquid,13,5,8,0,44:07
VCT 2025: China Stage 2,Playoffs,Lower Final,Bilibili Gaming vs EDward Gaming,Lotus,Bilibili Gaming,13,8,5,0,EDward Gaming,10,6,4,0,51:30
Valorant Masters Toronto 2025,Playoffs,Lower Final,Wolves Esports vs FNATIC,Split,Wolves Esports,9,2,7,0,FNATIC,13,3,10,0,53:08
VCT 2025: Pacific Stage 1,Group Stage,Week 3,T1 vs Team Secret,Haven,T1,13,8,5,0,Team Secret,6,2,4,0,48:56
VCT 2025: Pacific Stage 1,Group Stage,Week 5,DRX vs Gen.G,Lotus,DRX,8,6,2,0,Gen.G,13,7,6,0,1:20:40
VCT 2025: China Stage 1,Group Stage,Week 4,Nova Esports vs TYLOO,Split,Nova Esports,13,5,8,0,TYLOO,11,4,7,0,1:11:47
VCT 2025: EMEA Kickoff,Main Event,Upper Round 1,Karmine Corp vs Natus Vincere,Bind,Karmine Corp,13,10,3,0,Natus Vincere,2,0,2,0,37:51
Valorant Champions 2025,Group Stage,Winner's (C),DRX vs NRG,Lotus,DRX,11,8,3,0,Mega Minors,13,9,4,0,53:46
Valorant Champions 2025,Playoffs,Upper Semifinals,MIBR vs NRG,Abyss,MIBR,14,6,6,2,Mega Minors,16,6,6,4,1:10:57
VCT 2025: Pacific Stage 2,Group Stage,Week 1,TALON vs ZETA DIVISION,Bind,TALON,13,8,5,0,ZETA DIVISION,6,2,4,0,40:26
VCT 2025: Pacific Stage 2,Group Stage,Week 1,Rex Regum Qeon vs Gen.G,Sunset,Rex Regum Qeon,13,7,6,0,Gen.G,6,1,5,0,52:02
VCT 2025: Pacific Stage 2,Playoffs,Grand Final,Paper Rex vs Rex Regum Qeon,Bind,Paper Rex,13,9,4,0,Rex Regum Qeon,8,5,3,0,1:11:07
VCT 2025: EMEA Stage 1,Group Stage,Week 4,Karmine Corp vs FUT Esports,Ascent,Karmine Corp,11,3,8,0,FUT Esports,13,4,9,0,53:44
VCT 2025: China Stage 1,Playoffs,Upper Round 1,Titan Esports Club vs Wolves Esports,Icebox,Titan Esports Club,10,4,6,0,Wolves Esports,13,5,8,0,53:06
Valorant Masters Bangkok 2025,Swiss Stage,Round 1,EDward Gaming vs Team Liquid,Split,EDward Gaming,18,6,6,6,Team Liquid,16,6,6,4,1:35:46
Valorant Champions 2025,Playoffs,Upper Quarterfinals,NRG vs GIANTX,Haven,Mega Minors,13,11,2,0,GIANTX,1,0,1,0,34:06
VCT 2025: Americas Stage 2,Group Stage,Week 3,Sentinels vs Cloud9,Lotus,Sentinels,13,9,4,0,Cloud9,5,2,3,0,43:19
VCT 2025: EMEA Stage 2,Group Stage,Week 5,Apeks vs FNATIC,Lotus,Apeks,10,8,2,0,FNATIC,13,9,4,0,48:13
VCT 2025: China Stage 2,Group Stage,Week 2,FunPlus Phoenix vs Nova Esports,Ascent,FunPlus Phoenix,13,6,7,0,Nova Esports,8,2,6,0,46:48
VCT 2025: Pacific Stage 1,Playoffs,Grand Final,Gen.G vs Rex Regum Qeon,Haven,Gen.G,13,8,5,0,Rex Regum Qeon,8,4,4,0,1:13:58
Valorant Masters Bangkok 2025,Swiss Stage,Round 1,Team Vitality vs T1,Bind,Team Vitality,13,7,6,0,T1,9,4,5,0,51:56
Valorant Masters Bangkok 2025,Swiss Stage,Round 2 (1-0),DRX vs Team Vitality,Abyss,DRX,13,6,7,0,Team Vitality,11,5,6,0,51:55
VCT 2025: Americas Stage 2,Group Stage,Week 2,NRG vs LOUD,Corrode,Mega Minors,13,7,6,0,LOUD,9,4,5,0,51:55
VCT 2025: Americas Stage 2,Playoffs,Lower Final,Sentinels vs NRG,Lotus,Sentinels,4,2,2,0,Mega Minors,13,3,10,0,52:00
VCT 2025: China Stage 2,Group Stage,Week 2,FunPlus Phoenix vs Nova Esports,Bind,FunPlus Phoenix,13,10,3,0,Nova Esports,6,4,2,0,42:26
VCT 2025: China Stage 2,Group Stage,Week 2,Xi Lai Gaming vs Wolves Esports,Lotus,Xi Lai Gaming,13,7,6,0,Wolves Esports,8,3,5,0,49:45
VCT 2025: Pacific Stage 1,Group Stage,Week 4,Nongshim RedForce vs Team Secret,Pearl,Nongshim RedForce,13,5,8,0,Team Secret,10,3,7,0,1:13:39
VCT 2025: Americas Stage 1,Group Stage,Week 3,100 Thieves vs LOUD,Split,100 Thieves,13,7,6,0,LOUD,8,3,5,0,50:57
VCT 2025: EMEA Kickoff,Main Event,Lower Final,Team Heretics vs Team Liquid,Lotus,Team Heretics,4,3,1,0,Team Liquid,13,4,9,0,51:17
VCT 2025: Americas Stage 2,Playoffs,Lower Round 1,LEVIATÁN vs KRÜ Esports,Sunset,LEVIATÁN,6,4,2,0,KRÜ Esports,13,5,8,0,42:57
VCT 2025: China Stage 2,Group Stage,Week 1,Dragon Ranger Gaming vs Nova Esports,Ascent,Dragon Ranger Gaming,13,7,6,0,Nova Esports,5,0,5,0,40:51
VCT 2025: EMEA Stage 1,Group Stage,Week 2,KOI vs Karmine Corp,Icebox,KOI,12,6,6,0,Karmine Corp,14,6,6,2,1:00:42
VCT 2025: Pacific Kickoff,Main Event,Upper Round 1,BOOM Esports vs T1,Bind,BOOM Esports,13,9,4,0,T1,8,5,3,0,45:08
Valorant Champions 2025,Group Stage,Opening (A),GIANTX vs Sentinels,Sunset,GIANTX,13,10,3,0,Sentinels,4,2,2,0,38:15
VCT 2025: EMEA Stage 2,Group Stage,Week 2,GIANTX vs BBL Esports,Lotus,GIANTX,11,6,5,0,BBL Esports,13,7,6,0,52:20
VCT 2025: China Stage 2,Playoffs,Upper Semifinals,Xi Lai Gaming vs Dragon Ranger Gaming,Sunset,Xi Lai Gaming,5,2,3,0,Dragon Ranger Gaming,13,3,10,0,36:52
VCT 2025: EMEA Stage 1,Group Stage,Week 2,Team Heretics vs GIANTX,Haven,Team Heretics,13,9,4,0,GIANTX,3,0,3,0,39:05
VCT 2025: Pacific Stage 1,Playoffs,Lower Round 2,DRX vs TALON,Fracture,DRX,14,5,7,2,TALON,12,5,7,0,1:01:12
VCT 2025: China Stage 1,Group Stage,Week 4,Nova Esports vs TYLOO,Pearl,Nova Esports,13,8,5,0,TYLOO,5,1,4,0,42:13
VCT 2025: Americas Stage 2,Group Stage,Week 2,NRG vs LOUD,Haven,Mega Minors,13,8,5,0,LOUD,4,0,4,0,44:37
VCT 2025: Americas Stage 2,Group Stage,Week 3,G2 Esports vs Evil Geniuses,Ascent,G2 Esports,13,9,4,0,Evil Geniuses,4,1,3,0,39:26
VCT 2025: China Stage 2,Group Stage,Week 4,Dragon Ranger Gaming vs Xi Lai Gaming,Ascent,Dragon Ranger Gaming,13,10,3,0,Xi Lai Gaming,6,4,2,0,54:45
VCT 2025: China Stage 2,Playoffs,Upper Semifinals,Xi Lai Gaming vs Dragon Ranger Gaming,Lotus,Xi Lai Gaming,12,6,6,0,Dragon Ranger Gaming,14,6,6,2,1:13:48
Valorant Masters Toronto 2025,Swiss Stage,Round 3 (1-1),Paper Rex vs Team Liquid,Split,Paper Rex,13,8,4,1,Team Liquid,15,8,4,3,56:22
VCT 2025: China Stage 1,Group Stage,Week 4,Trace Esports vs Xi Lai Gaming,Split,Trace Esports,7,4,3,0,Xi Lai Gaming,13,5,8,0,58:11
VCT 2025: China Stage 1,Group Stage,Week 5,EDward Gaming vs FunPlus Phoenix,Split,EDward Gaming,13,7,6,0,FunPlus Phoenix,9,4,5,0,1:00:11
VCT 2025: Americas Stage 1,Group Stage,Week 2,LEVIATÁN vs Cloud9,Ascent,LEVIATÁN,3,1,2,0,Cloud9,13,2,11,0,33:55
Valorant Masters Bangkok 2025,Swiss Stage,Round 1,G2 Esports vs Trace Esports,Abyss,G2 Esports,13,9,4,0,Trace Esports,3,0,3,0,36:36
VCT 2025: Americas Kickoff,Main Event,Grand Final,G2 Esports vs Sentinels,Haven,G2 Esports,13,9,4,0,Sentinels,10,7,3,0,52:56
VCT 2025: Americas Stage 2,Group Stage,Week 2,MIBR vs LEVIATÁN,Sunset,MIBR,3,3,0,0,LEVIATÁN,13,4,9,0,58:40
VCT 2025: Pacific Stage 2,Group Stage,Week 4,DRX vs Global Esports,Icebox,DRX,13,7,6,0,Global Esports,10,5,5,0,55:13
VCT 2025: Pacific Stage 2,Playoffs,Lower Final,TALON vs Rex Regum Qeon,Corrode,TALON,10,7,3,0,Rex Regum Qeon,13,8,5,0,50:39
Valorant Masters Toronto 2025,Swiss Stage,Round 1,Gen.G vs MIBR,Sunset,Gen.G,13,9,4,0,MIBR,5,2,3,0,38:33
VCT 2025: EMEA Kickoff,Main Event,Upper Semifinals,BBL Esports vs Team Heretics,Pearl,BBL Esports,11,7,4,0,Team Heretics,13,8,5,0,1:15:19
Valorant Champions 2025,Group Stage,Winner's (B),MIBR vs FNATIC,Haven,MIBR,10,4,6,0,FNATIC,13,5,8,0,52:25
VCT 2025: Pacific Stage 2,Playoffs,Upper Semifinals,DRX vs TALON,Lotus,DRX,7,4,3,0,TALON,13,5,8,0,45:31
VCT 2025: China Stage 2,Group Stage,Week 3,FunPlus Phoenix vs Dragon Ranger Gaming,Haven,FunPlus Phoenix,13,7,6,0,Dragon Ranger Gaming,7,2,5,0,1:00:15
VCT 2025: China Stage 2,Group Stage,Week 4,TYLOO vs JDG Esports,Ascent,TYLOO,13,9,4,0,JDG Esports,5,2,3,0,42:04
Valorant Masters Toronto 2025,Playoffs,Upper Final,Paper Rex vs Wolves Esports,Ascent,Paper Rex,13,8,5,0,Wolves Esports,8,4,4,0,48:20
VCT 2025: Americas Stage 1,Playoffs,Lower Round 1,Cloud9 vs Evil Geniuses,Icebox,Cloud9,13,7,5,1,Evil Geniuses,15,7,5,3,1:06:17
VCT 2025: Americas Kickoff,Main Event,Upper Quarterfinals,KRÜ Esports vs LOUD,Haven,KRÜ Esports,7,2,5,0,LOUD,13,3,10,0,52:26
Valorant Champions 2025,Playoffs,Grand Final,NRG vs FNATIC,Lotus,Mega Minors,13,9,4,0,FNATIC,6,3,3,0,44:48
VCT 2025: Americas Stage 2,Group Stage,Week 1,Sentinels vs G2 Esports,Ascent,Sentinels,6,3,3,0,G2 Esports,13,4,9,0,48:11
VCT 2025: China Stage 2,Playoffs,Grand Final,Dragon Ranger Gaming vs Bilibili Gaming,Corrode,Dragon Ranger Gaming,10,6,4,0,Bilibili Gaming,13,7,6,0,50:40
Valorant Masters Toronto 2025,Playoffs,Upper Quarterfinals,Xi Lai Gaming vs Sentinels,Sunset,Xi Lai Gaming,6,4,2,0,Sentinels,13,5,8,0,41:59
VCT 2025: Pacific Stage 1,Group Stage,Week 2,BOOM Esports vs Global Esports,Lotus,BOOM Esports,13,11,2,0,Global Esports,1,0,1,0,37:27
VCT 2025: China Stage 1,Group Stage,Week 3,TYLOO vs Titan Esports Club,Split,TYLOO,7,4,3,0,Titan Esports Club,13,5,8,0,47:07
VCT 2025: Americas Stage 1,Group Stage,Week 1,2Game Esports vs Evil Geniuses,Lotus,2Game Esports,8,5,3,0,Evil Geniuses,13,6,7,0,46:25
VCT 2025: Americas Kickoff,Main Event,Upper Quarterfinals,Sentinels vs 100 Thieves,Pearl,Sentinels,13,6,7,0,100 Thieves,9,3,6,0,51:15
Valorant Champions 2025,Playoffs,Upper Quarterfinals,Paper Rex vs G2 Esports,Lotus,Paper Rex,13,6,7,0,G2 Esports,11,5,6,0,51:39
VCT 2025: Americas Stage 2,Group Stage,Week 4,Cloud9 vs 2Game Esports,Bind,Cloud9,13,11,2,0,2Game Esports,1,0,1,0,44:15
VCT 2025: EMEA Stage 2,Group Stage,Week 4,Gentle Mates vs GIANTX,Corrode,Gentle Mates,13,10,3,0,GIANTX,8,6,2,0,38:43
Valorant Masters Toronto 2025,Playoffs,Lower Final,Wolves Esports vs FNATIC,Ascent,Wolves Esports,5,4,1,0,FNATIC,13,5,8,0,42:06
VCT 2025: EMEA Stage 1,Group Stage,Week 5,BBL Esports vs FUT Esports,Icebox,BBL Esports,13,7,6,0,FUT Esports,11,6,5,0,1:01:21
VCT 2025: Pacific Stage 1,Group Stage,Week 5,Nongshim RedForce vs ZETA DIVISION,Split,Nongshim RedForce,13,5,8,0,ZETA DIVISION,7,0,7,0,45:37
Valorant Champions 2025,Group Stage,Opening (C),NRG vs EDward Gaming,Corrode,Mega Minors,13,6,7,0,EDward Gaming,11,5,6,0,55:36
Valorant Champions 2025,Playoffs,Upper Semifinals,FNATIC vs Paper Rex,Haven,FNATIC,13,8,5,0,Paper Rex,4,0,4,0,37:32
VCT 2025: EMEA Stage 2,Group Stage,Week 3,FUT Esports vs GIANTX,Haven,FUT Esports,13,7,6,0,GIANTX,6,1,5,0,40:51
VCT 2025: EMEA Stage 2,Group Stage,Week 5,Team Liquid vs Karmine Corp,Bind,Team Liquid,13,8,4,1,Karmine Corp,15,8,4,3,1:09:47
VCT 2025: China Stage 2,Group Stage,Week 1,JDG Esports vs Trace Esports,Icebox,JDG Esports,7,6,1,0,Trace Esports,13,7,6,0,1:00:18
VCT 2025: Pacific Stage 2,Playoffs,Lower Round 3,T1 vs Rex Regum Qeon,Sunset,T1,13,9,4,0,Rex Regum Qeon,11,8,3,0,53:19
VCT 2025: EMEA Stage 1,Playoffs,Upper Final,Team Heretics vs FNATIC,Fracture,Team Heretics,6,5,1,0,FNATIC,13,6,7,0,58:07
VCT 2025: Pacific Stage 1,Group Stage,Week 3,T1 vs Team Secret,Icebox,T1,9,3,6,0,Team Secret,13,4,9,0,44:48
VCT 2025: China Stage 1,Playoffs,Grand Final,Xi Lai Gaming vs Bilibili Gaming,Lotus,Xi Lai Gaming,13,7,6,0,Bilibili Gaming,10,5,5,0,54:22
VCT 2025: Americas Stage 1,Playoffs,Upper Semifinals,G2 Esports vs Sentinels,Ascent,G2 Esports,11,2,9,0,Sentinels,13,3,10,0,56:50
Valorant Champions 2025,Playoffs,Upper Quarterfinals,Team Heretics vs MIBR,Sunset,Team Heretics,6,3,3,0,MIBR,13,4,9,0,46:15
VCT 2025: Americas Stage 2,Playoffs,Upper Round 1,LEVIATÁN vs Cloud9,Lotus,LEVIATÁN,11,7,4,0,Cloud9,13,8,5,0,1:00:40
VCT 2025: EMEA Kickoff,Main Event,Upper Quarterfinals,Team Heretics vs Gentle Mates,Abyss,Team Heretics,4,3,1,0,Gentle Mates,13,4,9,0,49:12
VCT 2025: Americas Kickoff,Main Event,Lower Round 3,LOUD vs KRÜ Esports,Bind,LOUD,5,3,2,0,KRÜ Esports,13,4,9,0,49:17
VCT 2025: Americas Stage 2,Group Stage,Week 2,100 Thieves vs KRÜ Esports,Bind,100 Thieves,13,8,5,0,KRÜ Esports,5,1,4,0,39:57
VCT 2025: Americas Stage 2,Group Stage,Week 5,100 Thieves vs LEVIATÁN,Sunset,100 Thieves,10,5,5,0,LEVIATÁN,13,6,7,0,50:32
VCT 2025: Pacific Stage 2,Playoffs,Lower Round 1,Nongshim RedForce vs DetonatioN FocusMe,Lotus,Nongshim RedForce,13,8,5,0,DetonatioN FocusMe,6,2,4,0,54:16
VCT 2025: China Stage 1,Playoffs,Lower Round 2,EDward Gaming vs Dragon Ranger Gaming,Ascent,EDward Gaming,13,5,8,0,Dragon Ranger Gaming,8,1,7,0,45:48
VCT 2025: China Stage 1,Playoffs,Upper Final,Wolves Esports vs Xi Lai Gaming,Pearl,Wolves Esports,7,6,1,0,Xi Lai Gaming,13,7,6,0,1:07:31
VCT 2025: Americas Kickoff,Main Event,Lower Round 3,LOUD vs KRÜ Esports,Haven,LOUD,11,3,8,0,KRÜ Esports,13,4,9,0,55:40
VCT 2025: EMEA Stage 2,Group Stage,Week 3,Natus Vincere vs FNATIC,Ascent,Natus Vincere,13,7,6,0,FNATIC,10,5,5,0,50:52
Valorant Masters Bangkok 2025,Swiss Stage,Round 1,EDward Gaming vs Team Liquid,Pearl,EDward Gaming,13,7,6,0,Team Liquid,6,1,5,0,44:31
VCT 2025: Pacific Kickoff,Main Event,Upper Quarterfinals,Paper Rex vs T1,Split,Paper Rex,11,5,6,0,T1,13,6,7,0,53:11
Valorant Champions 2025,Group Stage,Winner's (B),MIBR vs FNATIC,Bind,MIBR,13,7,6,0,FNATIC,5,0,5,0,47:35
VCT 2025: Americas Stage 2,Group Stage,Week 5,2Game Esports vs Sentinels,Sunset,2Game Esports,13,5,8,0,Sentinels,9,2,7,0,54:40
VCT 2025: Pacific Stage 2,Playoffs,Lower Round 1,Rex Regum Qeon vs Gen.G,Haven,Rex Regum Qeon,10,5,5,0,Gen.G,13,6,7,0,58:40
VCT 2025: China Stage 2,Group Stage,Week 4,Nova Esports vs Xi Lai Gaming,Sunset,Nova Esports,10,5,5,0,Xi Lai Gaming,13,6,7,0,1:04:20
VCT 2025: Americas Kickoff,Main Event,Lower Round 2,Evil Geniuses vs MIBR,Split,Evil Geniuses,3,2,1,0,MIBR,13,3,10,0,38:31
Valorant Champions 2025,Group Stage,Winner's (C),DRX vs NRG,Corrode,DRX,11,7,4,0,Mega Minors,13,8,5,0,55:37
Valorant Champions 2025,Playoffs,Lower Final,FNATIC vs DRX,Bind,FNATIC,13,10,3,0,DRX,4,2,2,0,40:07
VCT 2025: Americas Stage 2,Playoffs,Lower Final,Sentinels vs NRG,Icebox,Sentinels,11,8,3,0,Mega Minors,13,9,4,0,56:12
VCT 2025: Pacific Stage 2,Group Stage,Week 2,DRX vs Team Secret,Corrode,DRX,13,10,3,0,Team Secret,4,2,2,0,38:24
VCT 2025: Americas Stage 1,Group Stage,Week 3,2Game Esports vs KRÜ Esports,Icebox,2Game Esports,6,4,2,0,KRÜ Esports,13,5,8,0,54:19
VCT 2025: Americas Stage 1,Playoffs,Grand Final,Sentinels vs G2 Esports,Split,Sentinels,9,6,3,0,G2 Esports,13,7,6,0,47:11
VCT 2025: Americas Stage 2,Group Stage,Week 1,Sentinels vs G2 Esports,Corrode,Sentinels,13,10,3,0,G2 Esports,8,6,2,0,55:23
Valorant Masters Toronto 2025,Playoffs,Lower Round 2,Sentinels vs FNATIC,Sunset,Sentinels,13,8,5,0,FNATIC,9,5,4,0,51:54
VCT 2025: Americas Stage 1,Group Stage,Week 3,Cloud9 vs MIBR,Lotus,Cloud9,13,3,9,1,MIBR,15,3,9,3,1:01:15
VCT 2025: Pacific Kickoff,Main Event,Upper Semifinals,Gen.G vs DRX,Bind,Gen.G,13,5,7,1,DRX,15,5,7,3,1:03:54
Valorant Champions 2025,Playoffs,Lower Round 1,DRX vs G2 Esports,Abyss,DRX,13,8,5,0,G2 Esports,10,6,4,0,56:55
Valorant Champions 2025,Playoffs,Lower Round 1,Team Heretics vs GIANTX,Ascent,Team Heretics,13,8,5,0,GIANTX,4,0,4,0,37:10
Valorant Champions 2025,Playoffs,Lower Final,FNATIC vs DRX,Haven,FNATIC,13,6,7,0,DRX,11,5,6,0,53:36
VCT 2025: Americas Stage 2,Group Stage,Week 4,Sentinels vs Evil Geniuses,Lotus,Sentinels,13,9,4,0,Evil Geniuses,8,5,3,0,1:02:27
VCT 2025: Pacific Stage 1,Playoffs,Lower Round 2,BOOM Esports vs Paper Rex,Fracture,BOOM Esports,8,4,4,0,Paper Rex,13,5,8,0,49:32
VCT 2025: Pacific Stage 1,Playoffs,Lower Round 3,DRX vs Paper Rex,Icebox,DRX,8,5,3,0,Paper Rex,13,6,7,0,45:27
Valorant Masters Bangkok 2025,Swiss Stage,Round 1,Team Vitality vs T1,Fracture,Team Vitality,13,5,8,0,T1,10,3,7,0,1:02:22
VCT 2025: EMEA Kickoff,Main Event,Upper Round 1,Apeks vs Gentle Mates,Haven,Apeks,12,3,9,0,Gentle Mates,14,3,9,2,55:55
VCT 2025: EMEA Stage 2,Playoffs,Upper Semifinals,Team Liquid vs GIANTX,Ascent,Team Liquid,14,5,7,2,GIANTX,12,5,7,0,54:05
VCT 2025: Pacific Stage 2,Group Stage,Week 4,TALON vs Paper Rex,Bind,TALON,11,6,5,0,Paper Rex,13,7,6,0,56:01
Valorant Masters Toronto 2025,Swiss Stage,Round 2 (1-0),Bilibili Gaming vs Sentinels,Lotus,Bilibili Gaming,9,7,2,0,Sentinels,13,8,5,0,56:06
Valorant Champions 2025,Group Stage,Winner's (A),Paper Rex vs GIANTX,Ascent,Paper Rex,11,7,4,0,GIANTX,13,8,5,0,54:54
VCT 2025: Americas Stage 2,Group Stage,Week 4,LEVIATÁN vs KRÜ Esports,Bind,LEVIATÁN,6,6,0,0,KRÜ Esports,13,7,6,0,51:53
VCT 2025: EMEA Stage 2,Group Stage,Week 1,Team Liquid vs KOI,Lotus,Team Liquid,13,7,6,0,KOI,8,3,5,0,44:29
VCT 2025: EMEA Stage 2,Group Stage,Week 5,Apeks vs FNATIC,Bind,Apeks,5,5,0,0,FNATIC,13,6,7,0,41:24
VCT 2025: China Stage 2,Group Stage,Week 2,JDG Esports vs Bilibili Gaming,Ascent,JDG Esports,15,4,8,3,Bilibili Gaming,13,4,8,1,1:08:29
VCT 2025: EMEA Stage 1,Group Stage,Week 1,Team Liquid vs Gentle Mates,Icebox,Team Liquid,6,4,2,0,Gentle Mates,13,5,8,0,40:49
VCT 2025: Pacific Kickoff,Main Event,Upper Semifinals,T1 vs TALON,Fracture,T1,13,10,3,0,TALON,5,3,2,0,52:42
VCT 2025: Americas Kickoff,Main Event,Lower Round 2,Evil Geniuses vs MIBR,Abyss,Evil Geniuses,10,6,4,0,MIBR,13,7,6,0,1:05:03
VCT 2025: EMEA Stage 2,Group Stage,Week 3,KOI vs Karmine Corp,Lotus,KOI,13,9,4,0,Karmine Corp,9,6,3,0,49:47
VCT 2025: China Stage 2,Group Stage,Week 3,Titan Esports Club vs JDG Esports,Lotus,Titan Esports Club,9,5,4,0,JDG Esports,13,6,7,0,1:05:28
Valorant Masters Toronto 2025,Swiss Stage,Round 1,Bilibili Gaming vs Team Liquid,Sunset,Bilibili Gaming,13,7,6,0,Team Liquid,10,5,5,0,45:07
VCT 2025: EMEA Stage 1,Group Stage,Week 1,BBL Esports vs Karmine Corp,Icebox,BBL Esports,3,3,0,0,Karmine Corp,13,4,9,0,47:40
VCT 2025: China Stage 1,Playoffs,Lower Round 1,Titan Esports Club vs Dragon Ranger Gaming,Ascent,Titan Esports Club,13,11,2,0,Dragon Ranger Gaming,1,0,1,0,45:53
VCT 2025: Americas Stage 1,Group Stage,Week 2,LEVIATÁN vs Cloud9,Split,LEVIATÁN,8,4,4,0,Cloud9,13,5,8,0,1:03:43
VCT 2025: Americas Kickoff,Main Event,Lower Round 3,LEVIATÁN vs MIBR,Pearl,LEVIATÁN,9,6,3,0,MIBR,13,7,6,0,51:33
VCT 2025: Pacific Stage 2,Playoffs,Lower Round 2,DRX vs Rex Regum Qeon,Icebox,DRX,7,4,3,0,Rex Regum Qeon,13,5,8,0,52:55
VCT 2025: China Stage 2,Group Stage,Week 2,Trace Esports vs EDward Gaming,Icebox,Trace Esports,13,9,4,0,EDward Gaming,3,0,3,0,37:46
VCT 2025: EMEA Stage 1,Group Stage,Week 3,KOI vs BBL Esports,Icebox,KOI,9,5,4,0,BBL Esports,13,6,7,0,47:29
VCT 2025: Americas Stage 1,Group Stage,Week 1,Sentinels vs 100 Thieves,Haven,Sentinels,9,6,3,0,100 Thieves,13,7,6,0,42:21
VCT 2025: Americas Kickoff,Main Event,Lower Round 1,100 Thieves vs NRG,Bind,100 Thieves,9,6,3,0,Mega Minors,13,7,6,0,56:00
VCT 2025: Americas Stage 2,Playoffs,Upper Semifinals,NRG vs G2 Esports,Bind,Mega Minors,7,2,5,0,G2 Esports,13,3,10,0,41:19
VCT 2025: EMEA Stage 2,Group Stage,Week 1,Natus Vincere vs Apeks,Icebox,Natus Vincere,13,10,3,0,Apeks,4,2,2,0,37:53
VCT 2025: China Stage 2,Group Stage,Week 3,Bilibili Gaming vs Trace Esports,Haven,Bilibili Gaming,13,8,5,0,Trace Esports,6,2,4,0,55:35
VCT 2025: EMEA Stage 1,Group Stage,Week 2,Apeks vs Natus Vincere,Lotus,Apeks,13,7,6,0,Natus Vincere,10,5,5,0,1:03:39
VCT 2025: EMEA Stage 1,Playoffs,Grand Final,FNATIC vs Team Heretics,Split,FNATIC,13,9,4,0,Team Heretics,4,1,3,0,1:03:12
VCT 2025: China Stage 2,Group Stage,Week 1,JDG Esports vs Trace Esports,Haven,JDG Esports,4,2,2,0,Trace Esports,13,3,10,0,41:24
VCT 2025: EMEA Stage 1,Playoffs,Lower Round 3,Team Liquid vs BBL Esports,Fracture,Team Liquid,13,9,4,0,BBL Esports,8,5,3,0,43:46
VCT 2025: EMEA Stage 1,Playoffs,Lower Final,Team Heretics vs Team Liquid,Ascent,Team Heretics,13,5,8,0,Team Liquid,10,3,7,0,49:22
VCT 2025: Americas Stage 1,Group Stage,Week 2,G2 Esports vs MIBR,Ascent,G2 Esports,13,8,5,0,MIBR,8,4,4,0,48:09
VCT 2025: EMEA Kickoff,Main Event,Upper Quarterfinals,Team Vitality vs Karmine Corp,Bind,Team Vitality,9,5,4,0,Karmine Corp,13,6,7,0,53:35
VCT 2025: EMEA Kickoff,Main Event,Lower Round 1,FNATIC vs Natus Vincere,Fracture,FNATIC,8,6,2,0,Natus Vincere,13,7,6,0,53:16
VCT 2025: Americas Kickoff,Main Event,Lower Round 2,NRG vs KRÜ Esports,Haven,Mega Minors,13,4,9,0,KRÜ Esports,10,2,8,0,54:23
VCT 2025: Americas Kickoff,Main Event,Grand Final,G2 Esports vs Sentinels,Fracture,G2 Esports,13,8,5,0,Sentinels,5,1,4,0,34:08
VCT 2025: China Stage 2,Group Stage,Week 1,Wolves Esports vs FunPlus Phoenix,Sunset,Wolves Esports,5,5,0,0,FunPlus Phoenix,13,6,7,0,55:01
VCT 2025: Pacific Stage 1,Group Stage,Week 4,T1 vs Rex Regum Qeon,Icebox,T1,10,6,4,0,Rex Regum Qeon,13,7,6,0,51:05
VCT 2025: Americas Stage 1,Group Stage,Week 4,100 Thieves vs 2Game Esports,Ascent,100 Thieves,15,6,6,3,2Game Esports,13,6,6,1,1:14:32
VCT 2025: Americas Stage 1,Group Stage,Week 1,KRÜ Esports vs LOUD,Fracture,KRÜ Esports,3,1,2,0,LOUD,13,2,11,0,46:33
VCT 2025: Americas Stage 1,Playoffs,Lower Round 3,G2 Esports vs Evil Geniuses,Lotus,G2 Esports,9,8,1,0,Evil Geniuses,13,9,4,0,1:02:48
Valorant Masters Bangkok 2025,Playoffs,Lower Final,EDward Gaming vs T1,Split,EDward Gaming,5,5,0,0,T1,13,6,7,0,42:09
Valorant Champions 2025,Playoffs,Lower Round 1,DRX vs G2 Esports,Bind,DRX,13,10,3,0,G2 Esports,7,5,2,0,45:20
VCT 2025: Americas Stage 2,Group Stage,Week 2,2Game Esports vs G2 Esports,Haven,2Game Esports,5,4,1,0,G2 Esports,13,5,8,0,41:13
VCT 2025: Americas Stage 2,Group Stage,Week 4,Sentinels vs Evil Geniuses,Corrode,Sentinels,13,9,4,0,Evil Geniuses,4,1,3,0,38:56
VCT 2025: Pacific Stage 2,Group Stage,Week 4,BOOM Esports vs ZETA DIVISION,Ascent,BOOM Esports,8,6,2,0,ZETA DIVISION,13,7,6,0,46:52
VCT 2025: China Stage 2,Group Stage,Week 3,Titan Esports Club vs Bilibili Gaming,Bind,Titan Esports Club,9,4,5,0,Bilibili Gaming,13,5,8,0,1:08:37
VCT 2025: Pacific Stage 1,Group Stage,Week 3,TALON vs Nongshim RedForce,Lotus,TALON,13,7,6,0,Nongshim RedForce,8,3,5,0,47:46
Valorant Masters Bangkok 2025,Playoffs,Grand Final,G2 Esports vs T1,Pearl,G2 Esports,14,4,8,2,T1,16,4,8,4,1:11:01
Valorant Champions 2025,Playoffs,Lower Final,FNATIC vs DRX,Sunset,FNATIC,8,4,4,0,DRX,13,5,8,0,48:59
VCT 2025: Americas Stage 2,Group Stage,Week 1,LEVIATÁN vs LOUD,Icebox,LEVIATÁN,11,4,7,0,LOUD,13,5,8,0,54:22
VCT 2025: Americas Stage 2,Group Stage,Week 4,FURIA vs G2 Esports,Ascent,FURIA,5,4,1,0,G2 Esports,13,5,8,0,44:58
VCT 2025: Americas Stage 2,Group Stage,Week 5,FURIA vs Evil Geniuses,Ascent,FURIA,9,4,5,0,Evil Geniuses,13,5,8,0,52:13
VCT 2025: EMEA Stage 2,Group Stage,Week 3,Natus Vincere vs FNATIC,Bind,Natus Vincere,13,8,4,1,FNATIC,15,8,4,3,1:05:04
VCT 2025: EMEA Stage 2,Playoffs,Upper Final,BBL Esports vs Team Liquid,Ascent,BBL Esports,10,5,5,0,Team Liquid,13,6,7,0,51:22
VCT 2025: Pacific Stage 2,Playoffs,Lower Round 2,DRX vs Rex Regum Qeon,Corrode,DRX,9,6,3,0,Rex Regum Qeon,13,7,6,0,51:15
VCT 2025: EMEA Stage 1,Group Stage,Week 2,Team Heretics vs GIANTX,Split,Team Heretics,11,10,1,0,GIANTX,13,11,2,0,53:22
VCT 2025: EMEA Kickoff,Main Event,Grand Final,Team Vitality vs Team Liquid,Split,Team Vitality,10,3,7,0,Team Liquid,13,4,9,0,1:16:50
VCT 2025: Pacific Kickoff,Main Event,Upper Quarterfinals,Gen.G vs Rex Regum Qeon,Haven,Gen.G,14,6,6,2,Rex Regum Qeon,12,6,6,0,1:05:05
VCT 2025: Americas Stage 2,Playoffs,Lower Round 1,LEVIATÁN vs KRÜ Esports,Lotus,LEVIATÁN,14,6,6,2,KRÜ Esports,12,6,6,0,1:03:39
VCT 2025: EMEA Stage 2,Playoffs,Lower Final,BBL Esports vs GIANTX,Ascent,BBL Esports,2,2,0,0,GIANTX,13,3,10,0,31:37
VCT 2025: Pacific Stage 2,Group Stage,Week 1,ZETA DIVISION vs DetonatioN FocusMe,Icebox,ZETA DIVISION,7,4,3,0,DetonatioN FocusMe,13,5,8,0,48:02
VCT 2025: Pacific Stage 2,Playoffs,Upper Round 1,Rex Regum Qeon vs T1,Sunset,Rex Regum Qeon,8,6,2,0,T1,13,7,6,0,40:29
Valorant Masters Bangkok 2025,Playoffs,Lower Final,EDward Gaming vs T1,Fracture,EDward Gaming,14,7,5,2,T1,12,7,5,0,53:33
VCT 2025: EMEA Kickoff,Main Event,Lower Round 1,FNATIC vs Natus Vincere,Haven,FNATIC,15,4,8,3,Natus Vincere,13,4,8,1,1:10:03
VCT 2025: Pacific Kickoff,Main Event,Lower Round 1,Nongshim RedForce vs BOOM Esports,Bind,Nongshim RedForce,7,6,1,0,BOOM Esports,13,7,6,0,55:46
VCT 2025: Americas Kickoff,Main Event,Upper Round 1,Evil Geniuses vs LOUD,Pearl,Evil Geniuses,10,6,4,0,LOUD,13,7,6,0,53:34
VCT 2025: Americas Stage 2,Playoffs,Upper Round 1,G2 Esports vs 100 Thieves,Sunset,G2 Esports,13,10,3,0,100 Thieves,4,2,2,0,44:03
VCT 2025: EMEA Stage 1,Playoffs,Upper Round 1,FNATIC vs FUT Esports,Split,FNATIC,13,8,5,0,FUT Esports,8,4,4,0,50:58
VCT 2025: China Stage 1,Group Stage,Week 3,All Gamers vs Bilibili Gaming,Pearl,All Gamers,4,2,2,0,Bilibili Gaming,13,3,10,0,51:21
VCT 2025: EMEA Stage 2,Playoffs,Lower Round 2,Team Heretics vs Natus Vincere,Haven,Team Heretics,7,5,2,0,Natus Vincere,13,6,7,0,44:25
VCT 2025: Pacific Stage 2,Group Stage,Week 2,Gen.G vs Global Esports,Corrode,Gen.G,13,9,4,0,Global Esports,7,4,3,0,49:30
VCT 2025: China Stage 2,Playoffs,Lower Round 3,EDward Gaming vs Xi Lai Gaming,Lotus,EDward Gaming,13,8,5,0,Xi Lai Gaming,11,7,4,0,1:09:37
VCT 2025: Pacific Stage 1,Playoffs,Lower Round 1,T1 vs Paper Rex,Ascent,T1,4,4,0,0,Paper Rex,13,5,8,0,38:55
VCT 2025: China Stage 1,Group Stage,Week 3,JDG Esports vs Trace Esports,Haven,JDG Esports,11,4,7,0,Trace Esports,13,5,8,0,56:14
VCT 2025: China Stage 1,Group Stage,Week 4,EDward Gaming vs Titan Esports Club,Icebox,EDward Gaming,13,7,6,0,Titan Esports Club,9,4,5,0,46:06
VCT 2025: China Stage 1,Playoffs,Upper Semifinals,EDward Gaming vs Xi Lai Gaming,Haven,EDward Gaming,11,5,6,0,Xi Lai Gaming,13,6,7,0,52:44
VCT 2025: Americas Stage 1,Playoffs,Lower Round 2,G2 Esports vs 100 Thieves,Haven,G2 Esports,13,8,5,0,100 Thieves,4,0,4,0,52:43
VCT 2025: Americas Kickoff,Main Event,Lower Round 3,LEVIATÁN vs MIBR,Split,LEVIATÁN,12,5,7,0,MIBR,14,5,7,2,57:46
Valorant Champions 2025,Playoffs,Upper Quarterfinals,NRG vs GIANTX,Lotus,Mega Minors,13,9,4,0,GIANTX,6,3,3,0,43:12
VCT 2025: Pacific Stage 2,Group Stage,Week 2,Rex Regum Qeon vs Nongshim RedForce,Corrode,Rex Regum Qeon,11,6,5,0,Nongshim RedForce,13,7,6,0,54:18
VCT 2025: EMEA Stage 1,Group Stage,Week 5,GIANTX vs Apeks,Ascent,GIANTX,13,9,4,0,Apeks,9,6,3,0,53:48
VCT 2025: China Stage 1,Group Stage,Week 5,JDG Esports vs Xi Lai Gaming,Lotus,JDG Esports,6,4,2,0,Xi Lai Gaming,13,5,8,0,1:03:05
VCT 2025: Pacific Kickoff,Main Event,Upper Round 1,DetonatioN FocusMe vs Rex Regum Qeon,Haven,DetonatioN FocusMe,3,2,1,0,Rex Regum Qeon,13,3,10,0,37:48
Valorant Masters Toronto 2025,Playoffs,Grand Final,Paper Rex vs FNATIC,Lotus,Paper Rex,14,7,5,2,FNATIC,12,7,5,0,55:39
VCT 2025: Pacific Stage 1,Group Stage,Week 2,Gen.G vs Paper Rex,Lotus,Gen.G,13,7,6,0,Paper Rex,10,5,5,0,1:08:23
VCT 2025: Americas Stage 1,Playoffs,Upper Semifinals,G2 Esports vs Sentinels,Icebox,G2 Esports,11,6,5,0,Sentinels,13,7,6,0,54:31
Valorant Champions 2025,Group Stage,Decider (C),DRX vs Team Liquid,Corrode,DRX,13,6,7,0,Team Liquid,8,2,6,0,48:25
VCT 2025: Americas Stage 2,Playoffs,Upper Semifinals,NRG vs G2 Esports,Sunset,Mega Minors,11,7,4,0,G2 Esports,13,8,5,0,52:44
VCT 2025: EMEA Stage 2,Group Stage,Week 2,Apeks vs Karmine Corp,Sunset,Apeks,13,5,8,0,Karmine Corp,11,4,7,0,55:12
VCT 2025: EMEA Stage 2,Playoffs,Lower Round 1,FNATIC vs Karmine Corp,Bind,FNATIC,13,5,8,0,Karmine Corp,8,1,7,0,53:18
VCT 2025: China Stage 2,Group Stage,Week 4,All Gamers vs FunPlus Phoenix,Icebox,All Gamers,14,6,6,2,FunPlus Phoenix,12,6,6,0,1:15:52
Valorant Masters Toronto 2025,Playoffs,Lower Round 2,Gen.G vs G2 Esports,Haven,Gen.G,13,5,8,0,G2 Esports,11,4,7,0,56:05
VCT 2025: Pacific Stage 1,Group Stage,Week 1,DRX vs Paper Rex,Haven,DRX,13,4,9,0,Paper Rex,9,1,8,0,1:02:09
VCT 2025: Pacific Kickoff,Main Event,Upper Round 1,BOOM Esports vs T1,Fracture,BOOM Esports,7,5,2,0,T1,13,6,7,0,39:44
VCT 2025: Americas Stage 2,Showmatch,Override,Team Alpha vs Team Omega,Corrode,Team Alpha,13,8,5,0,Team Omega,4,0,4,0,47:37
VCT 2025: Americas Stage 2,Playoffs,Lower Final,Sentinels vs NRG,Corrode,Sentinels,8,1,7,0,Mega Minors,13,2,11,0,50:12
VCT 2025: EMEA Stage 2,Group Stage,Week 5,Gentle Mates vs Team Vitality,Lotus,Gentle Mates,13,4,9,0,Team Vitality,9,1,8,0,47:26
VCT 2025: Pacific Stage 2,Playoffs,Upper Round 1,Rex Regum Qeon vs T1,Bind,Rex Regum Qeon,9,5,4,0,T1,13,6,7,0,59:11
VCT 2025: EMEA Stage 1,Group Stage,Week 5,Gentle Mates vs KOI,Split,Gentle Mates,13,7,6,0,KOI,11,6,5,0,1:02:18
VCT 2025: Americas Stage 1,Group Stage,Week 2,Sentinels vs KRÜ Esports,Icebox,Sentinels,8,7,1,0,KRÜ Esports,13,8,5,0,48:28
VCT 2025: Americas Kickoff,Main Event,Lower Round 2,NRG vs KRÜ Esports,Abyss,Mega Minors,8,7,1,0,KRÜ Esports,13,8,5,0,1:00:37
VCT 2025: Americas Stage 2,Group Stage,Week 5,MIBR vs LOUD,Icebox,MIBR,13,4,9,0,LOUD,11,3,8,0,58:00
Valorant Masters Toronto 2025,Playoffs,Upper Quarterfinals,FNATIC vs Gen.G,Split,FNATIC,14,3,9,2,Gen.G,12,3,9,0,1:48:42
VCT 2025: EMEA Stage 1,Group Stage,Week 1,Team Heretics vs Apeks,Ascent,Team Heretics,5,5,0,0,Apeks,13,6,7,0,1:07:19
VCT 2025: EMEA Stage 1,Group Stage,Week 4,GIANTX vs FNATIC,Haven,GIANTX,10,6,4,0,FNATIC,13,7,6,0,51:32
VCT 2025: EMEA Stage 1,Group Stage,Week 5,Team Vitality vs Natus Vincere,Icebox,Team Vitality,11,7,4,0,Natus Vincere,13,8,5,0,1:00:49
VCT 2025: Americas Stage 1,Group Stage,Week 3,Evil Geniuses vs Sentinels,Haven,Evil Geniuses,4,2,2,0,Sentinels,13,3,10,0,48:27
VCT 2025: Pacific Kickoff,Main Event,Upper Round 1,Global Esports vs Team Secret,Abyss,Global Esports,3,3,0,0,Team Secret,13,4,9,0,51:17
Valorant Champions 2025,Playoffs,Lower Round 2,MIBR vs DRX,Ascent,MIBR,13,5,7,1,DRX,15,5,7,3,1:06:08
VCT 2025: Americas Stage 2,Group Stage,Week 1,Cloud9 vs FURIA,Bind,Cloud9,13,9,4,0,FURIA,4,1,3,0,39:12
VCT 2025: EMEA Stage 2,Group Stage,Week 3,Natus Vincere vs FNATIC,Icebox,Natus Vincere,11,7,4,0,FNATIC,13,8,5,0,55:16
VCT 2025: Pacific Stage 2,Group Stage,Week 1,Paper Rex vs DetonatioN FocusMe,Haven,Paper Rex,13,8,5,0,DetonatioN FocusMe,7,3,4,0,43:26
VCT 2025: China Stage 2,Group Stage,Week 4,EDward Gaming vs JDG Esports,Haven,EDward Gaming,13,6,7,0,JDG Esports,10,4,6,0,50:34
Valorant Masters Toronto 2025,Playoffs,Lower Round 3,G2 Esports vs FNATIC,Lotus,G2 Esports,10,6,4,0,FNATIC,13,7,6,0,55:43
VCT 2025: Americas Stage 1,Playoffs,Upper Round 1,Sentinels vs Cloud9,Ascent,Sentinels,13,9,4,0,Cloud9,9,6,3,0,57:32
VCT 2025: Americas Kickoff,Main Event,Upper Round 1,Evil Geniuses vs LOUD,Split,Evil Geniuses,12,8,4,0,LOUD,14,8,4,2,1:13:09
VCT 2025: Americas Stage 2,Group Stage,Week 1,LEVIATÁN vs LOUD,Bind,LEVIATÁN,13,5,8,0,LOUD,10,3,7,0,52:51
VCT 2025: Americas Stage 2,Group Stage,Week 5,FURIA vs Evil Geniuses,Corrode,FURIA,6,4,2,0,Evil Geniuses,13,5,8,0,52:56
VCT 2025: China Stage 1,Playoffs,Upper Round 1,Titan Esports Club vs Wolves Esports,Haven,Titan Esports Club,11,6,5,0,Wolves Esports,13,7,6,0,1:01:52
VCT 2025: Americas Stage 1,Group Stage,Week 2,100 Thieves vs Evil Geniuses,Haven,100 Thieves,13,6,7,0,Evil Geniuses,7,1,6,0,44:46
VCT 2025: EMEA Kickoff,Main Event,Lower Round 3,BBL Esports vs Team Liquid,Split,BBL Esports,10,6,4,0,Team Liquid,13,7,6,0,47:17
VCT 2025: EMEA Kickoff,Main Event,Lower Round 4,FUT Esports vs Team Liquid,Haven,FUT Esports,4,4,0,0,Team Liquid,13,5,8,0,39:18
VCT 2025: Pacific Kickoff,Main Event,Upper Semifinals,Gen.G vs DRX,Abyss,Gen.G,9,3,6,0,DRX,13,4,9,0,59:49
VCT 2025: Americas Stage 2,Playoffs,Grand Final,G2 Esports vs NRG,Ascent,G2 Esports,13,7,6,0,Mega Minors,10,5,5,0,49:24
VCT 2025: Pacific Stage 1,Group Stage,Week 4,DRX vs BOOM Esports,Icebox,DRX,8,4,4,0,BOOM Esports,13,5,8,0,55:48
VCT 2025: China Stage 1,Group Stage,Week 2,Bilibili Gaming vs JDG Esports,Pearl,Bilibili Gaming,13,6,7,0,JDG Esports,10,4,6,0,1:07:48
VCT 2025: China Stage 1,Group Stage,Week 3,Wolves Esports vs Xi Lai Gaming,Fracture,Wolves Esports,12,6,6,0,Xi Lai Gaming,14,6,6,2,1:15:46
VCT 2025: EMEA Stage 2,Group Stage,Week 1,FUT Esports vs Gentle Mates,Sunset,FUT Esports,13,8,5,0,Gentle Mates,5,1,4,0,44:06
VCT 2025: Pacific Stage 2,Playoffs,Lower Round 1,Nongshim RedForce vs DetonatioN FocusMe,Ascent,Nongshim RedForce,13,3,10,0,DetonatioN FocusMe,10,1,9,0,48:39
VCT 2025: China Stage 2,Group Stage,Week 3,TYLOO vs EDward Gaming,Ascent,TYLOO,9,5,4,0,EDward Gaming,13,6,7,0,48:31
VCT 2025: EMEA Stage 1,Group Stage,Week 2,FUT Esports vs Gentle Mates,Icebox,FUT Esports,10,6,4,0,Gentle Mates,13,7,6,0,1:01:36
VCT 2025: EMEA Stage 1,Playoffs,Grand Final,FNATIC vs Team Heretics,Fracture,FNATIC,14,7,5,2,Team Heretics,12,7,5,0,1:07:19
VCT 2025: Americas Stage 1,Group Stage,Week 2,Sentinels vs KRÜ Esports,Lotus,Sentinels,7,6,1,0,KRÜ Esports,13,7,6,0,52:17
VCT 2025: Americas Stage 1,Group Stage,Week 5,G2 Esports vs Cloud9,Haven,G2 Esports,4,3,1,0,Cloud9,13,4,9,0,35:56
Valorant Masters Bangkok 2025,Playoffs,Upper Final,EDward Gaming vs G2 Esports,Lotus,EDward Gaming,8,5,3,0,G2 Esports,13,6,7,0,57:16
VCT 2025: Pacific Stage 2,Group Stage,Week 2,TALON vs DetonatioN FocusMe,Sunset,TALON,9,6,3,0,DetonatioN FocusMe,13,7,6,0,58:39
VCT 2025: Pacific Stage 1,Group Stage,Week 1,Nongshim RedForce vs Rex Regum Qeon,Ascent,Nongshim RedForce,5,2,3,0,Rex Regum Qeon,13,3,10,0,46:55
VCT 2025: Pacific Stage 1,Group Stage,Week 5,Paper Rex vs Global Esports,Split,Paper Rex,13,7,6,0,Global Esports,5,0,5,0,58:09
VCT 2025: China Stage 1,Group Stage,Week 4,FunPlus Phoenix vs Dragon Ranger Gaming,Haven,FunPlus Phoenix,5,3,2,0,Dragon Ranger Gaming,13,4,9,0,37:52
Valorant Champions 2025,Group Stage,Elimination (B),Bilibili Gaming vs Rex Regum Qeon,Lotus,Bilibili Gaming,8,5,3,0,Rex Regum Qeon,13,6,7,0,45:14
VCT 2025: Americas Stage 1,Group Stage,Week 1,MIBR vs LEVIATÁN,Split,MIBR,13,6,7,0,LEVIATÁN,7,1,6,0,50:40
Valorant Champions 2025,Group Stage,Decider (A),GIANTX vs Xi Lai Gaming,Bind,GIANTX,14,4,8,2,Xi Lai Gaming,12,4,8,0,57:22
VCT 2025: China Stage 2,Playoffs,Lower Round 2,Xi Lai Gaming vs All Gamers,Icebox,Xi Lai Gaming,9,3,6,0,All Gamers,13,4,9,0,51:07
Valorant Masters Toronto 2025,Swiss Stage,Round 1,Gen.G vs MIBR,Haven,Gen.G,13,11,2,0,MIBR,1,0,1,0,32:15
VCT 2025: Pacific Stage 1,Group Stage,Week 3,Gen.G vs DetonatioN FocusMe,Fracture,Gen.G,13,8,5,0,DetonatioN FocusMe,4,0,4,0,37:50
VCT 2025: Americas Kickoff,Main Event,Upper Round 1,MIBR vs 100 Thieves,Lotus,MIBR,4,2,2,0,100 Thieves,13,3,10,0,40:14
Valorant Champions 2025,Group Stage,Elimination (C),Team Liquid vs EDward Gaming,Bind,Team Liquid,15,6,6,3,EDward Gaming,13,6,6,1,1:05:45
VCT 2025: Americas Stage 2,Group Stage,Week 1,LEVIATÁN vs LOUD,Ascent,LEVIATÁN,10,7,3,0,LOUD,13,8,5,0,48:25
VCT 2025: Americas Stage 2,Group Stage,Week 4,Cloud9 vs 2Game Esports,Lotus,Cloud9,13,8,5,0,2Game Esports,7,3,4,0,45:35
VCT 2025: Pacific Stage 2,Playoffs,Lower Final,TALON vs Rex Regum Qeon,Haven,TALON,13,8,5,0,Rex Regum Qeon,7,3,4,0,42:57
VCT 2025: China Stage 2,Group Stage,Week 1,EDward Gaming vs Titan Esports Club,Corrode,EDward Gaming,13,7,6,0,Titan Esports Club,6,1,5,0,40:02
VCT 2025: EMEA Stage 1,Playoffs,Upper Semifinals,Team Heretics vs BBL Esports,Ascent,Team Heretics,13,9,4,0,BBL Esports,10,7,3,0,1:08:11
VCT 2025: Pacific Stage 1,Group Stage,Week 2,Gen.G vs Paper Rex,Haven,Gen.G,13,10,3,0,Paper Rex,4,2,2,0,35:45
VCT 2025: Pacific Stage 2,Group Stage,Week 2,Gen.G vs Global Esports,Icebox,Gen.G,3,1,2,0,Global Esports,13,2,11,0,51:16
VCT 2025: Pacific Stage 2,Group Stage,Week 2,Gen.G vs Global Esports,Haven,Gen.G,13,11,2,0,Global Esports,3,2,1,0,38:00
VCT 2025: Pacific Stage 2,Playoffs,Lower Final,TALON vs Rex Regum Qeon,Bind,TALON,13,9,4,0,Rex Regum Qeon,4,1,3,0,55:59
VCT 2025: China Stage 2,Group Stage,Week 4,Nova Esports vs Wolves Esports,Haven,Nova Esports,14,6,6,2,Wolves Esports,16,6,6,4,1:15:50
VCT 2025: EMEA Stage 1,Group Stage,Week 3,Karmine Corp vs Gentle Mates,Pearl,Karmine Corp,13,10,3,0,Gentle Mates,2,0,2,0,1:16:48
VCT 2025: EMEA Stage 1,Group Stage,Week 5,GIANTX vs Apeks,Lotus,GIANTX,13,6,7,0,Apeks,7,1,6,0,1:10:01
VCT 2025: China Stage 1,Group Stage,Week 5,Wolves Esports vs All Gamers,Pearl,Wolves Esports,13,10,3,0,All Gamers,7,5,2,0,1:03:01
VCT 2025: Americas Stage 1,Group Stage,Week 5,Evil Geniuses vs LOUD,Lotus,Evil Geniuses,11,6,5,0,LOUD,13,7,6,0,1:02:10
VCT 2025: Pacific Kickoff,Main Event,Lower Round 3,Gen.G vs DetonatioN FocusMe,Abyss,Gen.G,13,9,4,0,DetonatioN FocusMe,6,3,3,0,52:41
Valorant Masters Toronto 2025,Playoffs,Upper Quarterfinals,FNATIC vs Gen.G,Haven,FNATIC,11,8,3,0,Gen.G,13,9,4,0,1:08:28
VCT 2025: Pacific Stage 1,Group Stage,Week 5,Rex Regum Qeon vs Team Secret,Lotus,Rex Regum Qeon,9,4,5,0,Team Secret,13,5,8,0,50:23
VCT 2025: China Stage 1,Group Stage,Week 4,EDward Gaming vs Titan Esports Club,Lotus,EDward Gaming,8,3,5,0,Titan Esports Club,13,4,9,0,1:00:07
VCT 2025: China Stage 1,Playoffs,Upper Semifinals,Bilibili Gaming vs Wolves Esports,Haven,Bilibili Gaming,8,5,3,0,Wolves Esports,13,6,7,0,41:49
VCT 2025: EMEA Kickoff,Main Event,Upper Round 1,BBL Esports vs GIANTX,Pearl,BBL Esports,13,7,6,0,GIANTX,5,0,5,0,43:41
VCT 2025: Pacific Kickoff,Main Event,Upper Quarterfinals,DRX vs Nongshim RedForce,Pearl,DRX,6,4,2,0,Nongshim RedForce,13,5,8,0,45:26
VCT 2025: Pacific Kickoff,Main Event,Lower Round 2,DetonatioN FocusMe vs Paper Rex,Abyss,DetonatioN FocusMe,13,7,6,0,Paper Rex,10,5,5,0,58:57
VCT 2025: Pacific Kickoff,Main Event,Grand Final,DRX vs T1,Abyss,DRX,13,10,3,0,T1,3,1,2,0,1:00:22
VCT 2025: China Kickoff,Main Event,Upper Quarterfinals,Bilibili Gaming vs Xi Lai Gaming,Haven,Bilibili Gaming,11,5,6,0,Xi Lai Gaming,13,6,7,0,
VCT 2025: China Stage 1,Group Stage,Week 1,FunPlus Phoenix vs Titan Esports Club,Icebox,FunPlus Phoenix,13,10,3,0,Titan Esports Club,5,3,2,0,
VCT 2025: China Stage 1,Group Stage,Week 2,Nova Esports vs EDward Gaming,Ascent,Nova Esports,13,6,7,0,EDward Gaming,11,5,6,0,
VCT 2025: China Kickoff,Main Event,Upper Round 1,JDG Esports vs Dragon Ranger Gaming,Bind,JDG Esports,7,4,3,0,Dragon Ranger Gaming,13,5,8,0,
VCT 2025: China Kickoff,Main Event,Upper Quarterfinals,FunPlus Phoenix vs Titan Esports Club,Fracture,FunPlus Phoenix,13,7,6,0,Titan Esports Club,7,2,5,0,
VCT 2025: China Kickoff,Main Event,Lower Round 3,EDward Gaming vs Xi Lai Gaming,Bind,EDward Gaming,13,7,6,0,Xi Lai Gaming,10,5,5,0,
VCT 2025: China Kickoff,Main Event,Lower Round 2,Nova Esports vs Dragon Ranger Gaming,Pearl,Nova Esports,8,4,4,0,Dragon Ranger Gaming,13,5,8,0,
VCT 2025: China Kickoff,Main Event,Upper Round 1,JDG Esports vs Dragon Ranger Gaming,Haven,JDG Esports,15,7,5,3,Dragon Ranger Gaming,13,7,5,1,
VCT 2025: China Stage 1,Group Stage,Week 5,Wolves Esports vs All Gamers,Lotus,Wolves Esports,13,9,4,0,All Gamers,6,3,3,0,
VCT 2025: China Kickoff,Main Event,Upper Round 1,TYLOO vs Titan Esports Club,Abyss,TYLOO,10,6,4,0,Titan Esports Club,13,7,6,0,
VCT 2025: China Stage 2,Group Stage,Week 1,All Gamers vs Xi Lai Gaming,Sunset,All Gamers,13,10,3,0,Xi Lai Gaming,3,1,2,0,
VCT 2025: China Kickoff,Main Event,Upper Round 1,Xi Lai Gaming vs Wolves Esports,Split,Xi Lai Gaming,13,8,5,0,Wolves Esports,9,5,4,0,
VCT 2025: China Stage 2,Playoffs,Upper Semifinals,Bilibili Gaming vs TYLOO,Lotus,Bilibili Gaming,13,7,6,0,TYLOO,5,0,5,0,
VCT 2025: China Kickoff,Main Event,Lower Round 3,FunPlus Phoenix vs Dragon Ranger Gaming,Pearl,FunPlus Phoenix,13,11,2,0,Dragon Ranger Gaming,1,0,1,0,
Valorant Masters Bangkok 2025,Showmatch,Main Event,Team International vs Team Thailand,Ascent,Team International,9,6,3,0,Team Thailand,13,7,6,0,
VCT 2025: China Kickoff,Main Event,Grand Final,Trace Esports vs EDward Gaming,Bind,Trace Esports,11,7,4,0,EDward Gaming,13,8,5,0,
VCT 2025: China Stage 1,Group Stage,Week 5,Titan Esports Club vs Nova Esports,Split,Titan Esports Club,13,9,4,0,Nova Esports,3,0,3,0,
VCT 2025: China Kickoff,Main Event,Upper Quarterfinals,Bilibili Gaming vs Xi Lai Gaming,Abyss,Bilibili Gaming,13,4,9,0,Xi Lai Gaming,11,3,8,0,
VCT 2025: China Kickoff,Main Event,Lower Round 1,Titan Esports Club vs JDG Esports,Abyss,Titan Esports Club,3,2,1,0,JDG Esports,13,3,10,0,
VCT 2025: China Kickoff,Main Event,Lower Round 2,JDG Esports vs Xi Lai Gaming,Haven,JDG Esports,6,3,3,0,Xi Lai Gaming,13,4,9,0,
VCT 2025: China Stage 1,Group Stage,Week 2,TYLOO vs FunPlus Phoenix,Pearl,TYLOO,8,6,2,0,FunPlus Phoenix,13,7,6,0,
VCT 2025: China Kickoff,Main Event,Upper Final,Bilibili Gaming vs Trace Esports,Bind,Bilibili Gaming,8,6,2,0,Trace Esports,13,7,6,0,
VCT 2025: China Stage 1,Group Stage,Week 5,Bilibili Gaming vs Trace Esports,Haven,Bilibili Gaming,4,1,3,0,Trace Esports,13,2,11,0,
VCT 2025: China Stage 1,Group Stage,Week 5,JDG Esports vs Xi Lai Gaming,Fracture,JDG Esports,6,5,1,0,Xi Lai Gaming,13,6,7,0,
VCT 2025: China Kickoff,Main Event,Lower Round 3,FunPlus Phoenix vs Dragon Ranger Gaming,Abyss,FunPlus Phoenix,11,6,5,0,Dragon Ranger Gaming,13,7,6,0,
VCT 2025: China Kickoff,Main Event,Lower Round 1,Nova Esports vs Wolves Esports,Split,Nova Esports,13,6,7,0,Wolves Esports,6,0,6,0,
VCT 2025: China Kickoff,Main Event,Lower Round 2,JDG Esports vs Xi Lai Gaming,Pearl,JDG Esports,13,7,6,0,Xi Lai Gaming,9,4,5,0,
VCT 2025: China Kickoff,Main Event,Lower Round 3,FunPlus Phoenix vs Dragon Ranger Gaming,Haven,FunPlus Phoenix,7,3,4,0,Dragon Ranger Gaming,13,4,9,0,
VCT 2025: China Stage 1,Group Stage,Week 1,Dragon Ranger Gaming vs Nova Esports,Fracture,Dragon Ranger Gaming,13,9,4,0,Nova Esports,6,3,3,0,
VCT 2025: China Stage 1,Group Stage,Week 5,Wolves Esports vs All Gamers,Fracture,Wolves Esports,7,5,2,0,All Gamers,13,6,7,0,
VCT 2025: China Stage 1,Group Stage,Week 1,TYLOO vs EDward Gaming,Haven,TYLOO,6,5,1,0,EDward Gaming,13,6,7,0,
VCT 2025: China Kickoff,Main Event,Upper Quarterfinals,FunPlus Phoenix vs Titan Esports Club,Pearl,FunPlus Phoenix,13,9,4,0,Titan Esports Club,6,3,3,0,
VCT 2025: China Kickoff,Main Event,Lower Round 1,Dragon Ranger Gaming vs TYLOO,Pearl,Dragon Ranger Gaming,13,8,5,0,TYLOO,6,2,4,0,
VCT 2025: China Stage 1,Group Stage,Week 5,JDG Esports vs Xi Lai Gaming,Icebox,JDG Esports,13,6,7,0,Xi Lai Gaming,11,5,6,0,
VCT 2025: China Kickoff,Main Event,Upper Round 1,All Gamers vs Nova Esports,Bind,All Gamers,3,2,1,0,Nova Esports,13,3,10,0,
VCT 2025: China Kickoff,Main Event,Upper Quarterfinals,Trace Esports vs Dragon Ranger Gaming,Pearl,Trace Esports,13,8,5,0,Dragon Ranger Gaming,8,4,4,0,
VCT 2025: China Kickoff,Main Event,Lower Round 3,EDward Gaming vs Xi Lai Gaming,Haven,EDward Gaming,13,12,1,0,Xi Lai Gaming,0,0,0,0,
VCT 2025: China Stage 1,Group Stage,Week 1,FunPlus Phoenix vs Titan Esports Club,Haven,FunPlus Phoenix,13,7,6,0,Titan Esports Club,6,1,5,0,
VCT 2025: China Kickoff,Main Event,Lower Round 4,Dragon Ranger Gaming vs EDward Gaming,Haven,Dragon Ranger Gaming,0,0,0,0,EDward Gaming,13,1,12,0,
VCT 2025: China Stage 1,Group Stage,Week 1,Trace Esports vs All Gamers,Split,Trace Esports,13,11,2,0,All Gamers,1,0,1,0,
VCT 2025: China Stage 1,Group Stage,Week 2,Wolves Esports vs Trace Esports,Pearl,Wolves Esports,13,6,7,0,Trace Esports,10,4,6,0,
VCT 2025: China Stage 1,Group Stage,Week 1,TYLOO vs EDward Gaming,Fracture,TYLOO,7,4,3,0,EDward Gaming,13,5,8,0,
VCT 2025: China Stage 2,Group Stage,Week 1,All Gamers vs Xi Lai Gaming,Lotus,All Gamers,7,4,3,0,Xi Lai Gaming,13,5,8,0,
VCT 2025: China Stage 1,Group Stage,Week 1,Xi Lai Gaming vs Bilibili Gaming,Fracture,Xi Lai Gaming,8,3,5,0,Bilibili Gaming,13,4,9,0,
VCT 2025: China Stage 1,Group Stage,Week 1,Trace Esports vs All Gamers,Lotus,Trace Esports,11,7,4,0,All Gamers,13,8,5,0,
VCT 2025: China Kickoff,Main Event,Upper Semifinals,Bilibili Gaming vs FunPlus Phoenix,Lotus,Bilibili Gaming,13,8,5,0,FunPlus Phoenix,9,5,4,0,
VCT 2025: China Stage 2,Group Stage,Week 3,Xi Lai Gaming vs FunPlus Phoenix,Sunset,Xi Lai Gaming,14,7,5,2,FunPlus Phoenix,12,7,5,0,
VCT 2025: China Kickoff,Main Event,Upper Final,Bilibili Gaming vs Trace Esports,Haven,Bilibili Gaming,13,6,7,0,Trace Esports,10,4,6,0,
VCT 2025: China Stage 2,Showmatch,All-Star Match,Pure Aim vs Precise Defeat,Abyss,Pure Aim,10,5,5,0,Precise Defeat,13,6,7,0,
VCT 2025: China Kickoff,Main Event,Lower Round 1,Nova Esports vs Wolves Esports,Fracture,Nova Esports,13,9,4,0,Wolves Esports,11,8,3,0,
VCT 2025: China Kickoff,Main Event,Upper Round 1,Xi Lai Gaming vs Wolves Esports,Lotus,Xi Lai Gaming,13,7,6,0,Wolves Esports,11,6,5,0,
VCT 2025: China Kickoff,Main Event,Upper Quarterfinals,Trace Esports vs Dragon Ranger Gaming,Abyss,Trace Esports,13,9,4,0,Dragon Ranger Gaming,7,4,3,0,
VCT 2025: China Kickoff,Main Event,Lower Round 2,JDG Esports vs Xi Lai Gaming,Bind,JDG Esports,4,4,0,0,Xi Lai Gaming,13,5,8,0,
VCT 2025: China Kickoff,Main Event,Upper Round 1,All Gamers vs Nova Esports,Abyss,All Gamers,8,5,3,0,Nova Esports,13,6,7,0,
VCT 2025: China Stage 1,Group Stage,Week 1,Xi Lai Gaming vs Bilibili Gaming,Pearl,Xi Lai Gaming,13,8,5,0,Bilibili Gaming,8,4,4,0,
VCT 2025: China Kickoff,Main Event,Upper Quarterfinals,EDward Gaming vs Nova Esports,Fracture,EDward Gaming,13,9,4,0,Nova Esports,10,7,3,0,
VCT 2025: China Kickoff,Main Event,Lower Round 1,Titan Esports Club vs JDG Esports,Fracture,Titan Esports Club,9,7,2,0,JDG Esports,13,8,5,0,
VCT 2025: China Kickoff,Main Event,Upper Final,Bilibili Gaming vs Trace Esports,Lotus,Bilibili Gaming,6,4,2,0,Trace Esports,13,5,8,0,
VCT 2025: China Stage 1,Group Stage,Week 1,Xi Lai Gaming vs Bilibili Gaming,Icebox,Xi Lai Gaming,9,4,5,0,Bilibili Gaming,13,5,8,0,
VCT 2025: China Stage 1,Group Stage,Week 5,Titan Esports Club vs Nova Esports,Fracture,Titan Esports Club,13,6,7,0,Nova Esports,9,3,6,0,
VCT 2025: China Kickoff,Main Event,Lower Round 3,EDward Gaming vs Xi Lai Gaming,Lotus,EDward Gaming,12,6,6,0,Xi Lai Gaming,14,6,6,2,
VCT 2025: China Stage 1,Group Stage,Week 1,Trace Esports vs All Gamers,Pearl,Trace Esports,13,10,3,0,All Gamers,11,9,2,0,
VCT 2025: China Kickoff,Main Event,Upper Semifinals,Bilibili Gaming vs FunPlus Phoenix,Bind,Bilibili Gaming,13,4,9,0,FunPlus Phoenix,11,3,8,0,
VCT 2025: China Kickoff,Main Event,Upper Round 1,JDG Esports vs Dragon Ranger Gaming,Abyss,JDG Esports,5,1,4,0,Dragon Ranger Gaming,13,2,11,0,
VCT 2025: China Kickoff,Main Event,Upper Quarterfinals,Bilibili Gaming vs Xi Lai Gaming,Lotus,Bilibili Gaming,13,6,7,0,Xi Lai Gaming,11,5,6,0,
VCT 2025: China Kickoff,Main Event,Lower Round 1,Xi Lai Gaming vs All Gamers,Abyss,Xi Lai Gaming,8,3,5,0,All Gamers,13,4,9,0,
VCT 2025: China Kickoff,Main Event,Lower Final,Bilibili Gaming vs EDward Gaming,Haven,Bilibili Gaming,6,5,1,0,EDward Gaming,13,6,7,0,
VCT 2025: China Kickoff,Main Event,Grand Final,Trace Esports vs EDward Gaming,Abyss,Trace Esports,14,4,8,2,EDward Gaming,16,4,8,4,
VCT 2025: China Kickoff,Main Event,Lower Round 1,Xi Lai Gaming vs All Gamers,Bind,Xi Lai Gaming,13,11,2,0,All Gamers,1,0,1,0,
VCT 2025: China Kickoff,Main Event,Lower Round 2,Nova Esports vs Dragon Ranger Gaming,Bind,Nova Esports,7,5,2,0,Dragon Ranger Gaming,13,6,7,0,
VCT 2025: EMEA Stage 1,Group Stage,Week 5,Team Liquid vs Karmine Corp,Split,Team Liquid,13,0,0,0,Karmine Corp,6,0,0,0,
VCT 2025: China Kickoff,Main Event,Lower Round 1,Nova Esports vs Wolves Esports,Abyss,Nova Esports,8,5,3,0,Wolves Esports,13,6,7,0,
VCT 2025: China Kickoff,Main Event,Grand Final,Trace Esports vs EDward Gaming,Lotus,Trace Esports,14,5,7,2,EDward Gaming,12,5,7,0,
VCT 2025: China Stage 1,Group Stage,Week 2,Xi Lai Gaming vs All Gamers,Lotus,Xi Lai Gaming,13,8,5,0,All Gamers,7,3,4,0,
VCT 2025: China Kickoff,Main Event,Lower Round 1,Dragon Ranger Gaming vs TYLOO,Haven,Dragon Ranger Gaming,13,6,7,0,TYLOO,10,4,6,0,
VCT 2025: China Kickoff,Main Event,Upper Quarterfinals,FunPlus Phoenix vs Titan Esports Club,Abyss,FunPlus Phoenix,11,6,5,0,Titan Esports Club,13,7,6,0,
VCT 2025: China Kickoff,Main Event,Upper Semifinals,Trace Esports vs EDward Gaming,Lotus,Trace Esports,13,8,5,0,EDward Gaming,4,0,4,0,
VCT 2025: China Stage 1,Group Stage,Week 1,JDG Esports vs Wolves Esports,Haven,JDG Esports,11,4,7,0,Wolves Esports,13,5,8,0,
VCT 2025: China Stage 1,Group Stage,Week 2,TYLOO vs FunPlus Phoenix,Haven,TYLOO,4,3,1,0,FunPlus Phoenix,13,4,9,0,
VCT 2025: China Kickoff,Main Event,Lower Round 1,Xi Lai Gaming vs All Gamers,Lotus,Xi Lai Gaming,13,9,4,0,All Gamers,4,1,3,0,
VCT 2025: China Stage 1,Group Stage,Week 2,Wolves Esports vs Trace Esports,Fracture,Wolves Esports,15,6,6,3,Trace Esports,13,6,6,1,
VCT 2025: China Kickoff,Main Event,Grand Final,Trace Esports vs EDward Gaming,Fracture,Trace Esports,2,2,0,0,EDward Gaming,13,3,10,0,
VCT 2025: China Stage 1,Group Stage,Week 5,Bilibili Gaming vs Trace Esports,Split,Bilibili Gaming,1,1,0,0,Trace Esports,13,2,11,0,
VCT 2025: China Kickoff,Main Event,Lower Final,Bilibili Gaming vs EDward Gaming,Pearl,Bilibili Gaming,12,5,7,0,EDward Gaming,14,5,7,2,
VCT 2025: China Stage 1,Group Stage,Week 2,Nova Esports vs EDward Gaming,Fracture,Nova Esports,13,6,7,0,EDward Gaming,8,2,6,0,
VCT 2025: China Stage 1,Group Stage,Week 5,Bilibili Gaming vs Trace Esports,Ascent,Bilibili Gaming,13,9,4,0,Trace Esports,5,2,3,0,
VCT 2025: China Kickoff,Main Event,Lower Round 4,Dragon Ranger Gaming vs EDward Gaming,Pearl,Dragon Ranger Gaming,9,5,4,0,EDward Gaming,13,6,7,0,
VCT 2025: China Kickoff,Main Event,Upper Round 1,TYLOO vs Titan Esports Club,Fracture,TYLOO,11,4,7,0,Titan Esports Club,13,5,8,0,
VCT 2025: China Kickoff,Main Event,Upper Quarterfinals,EDward Gaming vs Nova Esports,Split,EDward Gaming,13,7,6,0,Nova Esports,8,3,5,0,
VCT 2025: China Stage 1,Group Stage,Week 5,EDward Gaming vs FunPlus Phoenix,Fracture,EDward Gaming,13,6,7,0,FunPlus Phoenix,7,1,6,0,
VCT 2025: China Stage 1,Group Stage,Week 1,Dragon Ranger Gaming vs Nova Esports,Lotus,Dragon Ranger Gaming,13,7,6,0,Nova Esports,10,5,5,0,
VCT 2025: China Stage 1,Group Stage,Week 2,TYLOO vs FunPlus Phoenix,Icebox,TYLOO,13,9,4,0,FunPlus Phoenix,6,3,3,0,
VCT 2025: China Kickoff,Main Event,Upper Semifinals,Trace Esports vs EDward Gaming,Bind,Trace Esports,13,8,5,0,EDward Gaming,4,0,4,0,
VCT 2025: China Kickoff,Main Event,Lower Final,Bilibili Gaming vs EDward Gaming,Lotus,Bilibili Gaming,5,3,2,0,EDward Gaming,13,4,9,0,
VCT 2025: China Stage 2,Group Stage,Week 3,Xi Lai Gaming vs FunPlus Phoenix,Haven,Xi Lai Gaming,13,10,3,0,FunPlus Phoenix,8,6,2,0,
VCT 2025: China Stage 1,Group Stage,Week 2,Xi Lai Gaming vs All Gamers,Fracture,Xi Lai Gaming,13,8,5,0,All Gamers,10,6,4,0,
VCT 2025: China Stage 2,Group Stage,Week 1,All Gamers vs Xi Lai Gaming,Ascent,All Gamers,3,2,1,0,Xi Lai Gaming,13,3,10,0,
VCT 2025: China Stage 1,Group Stage,Week 1,JDG Esports vs Wolves Esports,Pearl,JDG Esports,9,6,3,0,Wolves Esports,13,7,6,0,
